"campaign_a","date_a","epoch_a","area_ha_a","campaign_b","date_b","epoch_b","area_ha_b","overlap_ha","frac_a","frac_b","days_between"
"PR_13March2017_FIA26",2017-03-13,"2017_pre",5530.23476576839,"PR_30April2018_FIA26",2018-04-30,"2018_post",5374.9713996577,5374.97139965771,0.971924633819934,1,413
"PR_2March2017_FIA13",2017-03-02,"2017_pre",5301.40119067989,"PR_28April2018_FIA13",2018-04-28,"2018_post",5301.40119067989,5301.40119067989,0.999999999999998,0.999999999999998,422
"PR_2March2017_FIA13",2017-03-02,"2017_pre",5301.40119067989,"PR_15March2020_FIA13",2020-03-15,"2020_recovery",5190.98421606451,5190.98421606451,0.979172114947743,1,1109
"PR_28April2018_FIA13",2018-04-28,"2018_post",5301.40119067989,"PR_15March2020_FIA13",2020-03-15,"2020_recovery",5190.98421606451,5190.98421606451,0.979172114947743,1,687
"PR_12March2017_FIA18",2017-03-12,"2017_pre",4227.31883122956,"PR_28April2018_FIA18",2018-04-28,"2018_post",4156.3610495512,4156.3610495512,0.983214471273339,1,412
"PR_8March2017_FIA8_10",2017-03-08,"2017_pre",3986.92941842144,"PR_29April2018_FIA8_10",2018-04-29,"2018_post",3918.67342010944,3918.67342010944,0.982880058524082,1,417
"PR_11March2017_FIA23",2017-03-11,"2017_pre",3500.77055775315,"PR_28April2018_FIA23",2018-04-28,"2018_post",3500.77055775315,3500.77055775313,0.999999999999995,0.999999999999995,413
"PR_2March2017_FIA16",2017-03-02,"2017_pre",3190.79973076543,"PR_28April2018_FIA16",2018-04-28,"2018_post",3190.79973076543,3190.79973076543,1,1,422
"PR_14March2017_FIA18",2017-03-14,"2017_pre",3235.96408859561,"PR_28April2018_FIA18",2018-04-28,"2018_post",4156.3610495512,3165.00630691726,0.978072135618432,0.761484930973217,410
"PR_14March2017_FIA11",2017-03-14,"2017_pre",3164.21460833201,"PR_28April2018_FIA11",2018-04-28,"2018_post",3164.21460833201,3164.21460833202,1.00000000000001,1.00000000000001,410
"PR_14March2017_FIA2",2017-03-14,"2017_pre",3309.34315752125,"PR_22April2018_FIA2",2018-04-22,"2018_post",3083.45070721673,3083.45070721674,0.931741001294736,1,404
"PR_11March2017_FIA25",2017-03-11,"2017_pre",3313.26323457414,"PR_25April2018_FIA25",2018-04-25,"2018_post",3010.55730607509,3010.55730608552,0.908638128920798,1.00000000000346,410
"PR_13March2017_FIA35",2017-03-13,"2017_pre",3567.66412372916,"PR_30April2018_FIA35",2018-04-30,"2018_post",3009.85593925315,3009.85593925315,0.843648907203476,1,413
"PR_1March2017_FIA15",2017-03-01,"2017_pre",3005.19465879851,"PR_22April2018_FIA15",2018-04-22,"2018_post",3005.19465879851,3005.19465879852,1,1,417
"PR_1March2017_FIA15",2017-03-01,"2017_pre",3005.19465879851,"PR_15March2020_FIA15",2020-03-15,"2020_recovery",3005.19465879851,3005.19465879852,1,1,1110
"PR_22April2018_FIA15",2018-04-22,"2018_post",3005.19465879851,"PR_15March2020_FIA15",2020-03-15,"2020_recovery",3005.19465879851,3005.19465879852,1,1,693
"PR_1March2017_FIA16b",2017-03-01,"2017_pre",2964.5310555411,"PR_28April2018_FIA16",2018-04-28,"2018_post",3190.79973076543,2964.53105554111,1,0.929087158607085,423
"PR_1March2017_FIA17",2017-03-01,"2017_pre",2627.40367174676,"PR_22April2018_FIA17",2018-04-22,"2018_post",2627.40367174676,2627.40367174675,0.999999999999994,0.999999999999994,417
"PR_1March2017_FIA17",2017-03-01,"2017_pre",2627.40367174676,"PR_15March2020_FIA17",2020-03-15,"2020_recovery",2627.40367174676,2627.40367174675,0.999999999999994,0.999999999999994,1110
"PR_22April2018_FIA17",2018-04-22,"2018_post",2627.40367174676,"PR_15March2020_FIA17",2020-03-15,"2020_recovery",2627.40367174676,2627.40367174675,0.999999999999994,0.999999999999994,693
"PR_11March2017_FIA12",2017-03-11,"2017_pre",2589.27498044359,"PR_2May018_FIA12",2018-05-02,"2018_post",2589.27498044359,2589.27498044359,0.999999999999998,0.999999999999998,417
"PR_5March2017_EV2",2017-03-05,"2017_pre",3491.30480985737,"PR_25April2018_EV2",2018-04-25,"2018_post",2567.16618869698,2567.16618869699,0.735302796091834,1,416
"PR_11March2017_FIA12",2017-03-11,"2017_pre",2589.27498044359,"PR_15March2020_FIA12",2020-03-15,"2020_recovery",2379.01897729983,2379.01897729982,0.918797344920178,0.999999999999996,1100
"PR_2May018_FIA12",2018-05-02,"2018_post",2589.27498044359,"PR_15March2020_FIA12",2020-03-15,"2020_recovery",2379.01897729983,2379.01897729982,0.918797344920178,0.999999999999996,683
"PR_13March2017_FIA33",2017-03-13,"2017_pre",2676.73424106789,"PR_30April2018_FIA33",2018-04-30,"2018_post",2355.64529493137,2355.64529493135,0.880044517976338,0.999999999999993,413
"PR_13March2017_FIA27",2017-03-13,"2017_pre",2622.47873035041,"PR_25April2018_FIA27",2018-04-25,"2018_post",2277.56361430417,2277.5636143042,0.86847744004386,1.00000000000001,408
"PR_12March2017_FIA27",2017-03-12,"2017_pre",2838.39772697078,"PR_25April2018_FIA27",2018-04-25,"2018_post",2277.56361430417,2277.56361430419,0.802411724284626,1.00000000000001,409
"PR_15March2017_EV2",2017-03-15,"2017_pre",3080.54771474428,"PR_25April2018_EV2",2018-04-25,"2018_post",2567.16618869698,2259.10371907084,0.733344823148885,0.879999015652938,406
"PR_8March2017_FIA6",2017-03-08,"2017_pre",2185.78420352729,"PR_29April2018_FIA6",2018-04-29,"2018_post",2185.78420352729,2185.78420352729,1,1,417
"PR_14March2017_FIA6",2017-03-14,"2017_pre",2185.78420352729,"PR_29April2018_FIA6",2018-04-29,"2018_post",2185.78420352729,2185.78420352729,1,1,411
"PR_5March2017_EV1",2017-03-05,"2017_pre",2464.17596353474,"PR_25April2018_EV1",2018-04-25,"2018_post",2258.84246321329,2156.16529028756,0.875004594718408,0.954544340918901,416
"PR_14March2017_FIA24",2017-03-14,"2017_pre",2550.80387932373,"PR_2May018_FIA24",2018-05-02,"2018_post",2119.59933299654,2119.59933299656,0.830953469287693,1.00000000000001,414
"PR_22April2018_FIA212",2018-04-22,"2018_post",2117.11563362507,"PR_16March2020_FIA212",2020-03-16,"2020_recovery",2117.11563362507,2117.11563362506,0.999999999999994,0.999999999999994,694
"PR_15March2017_75",2017-03-15,"2017_pre",2167.12493876305,"PR_25April2018_75",2018-04-25,"2018_post",2096.01324847876,2096.01324847876,0.967186160330527,1,406
"PR_2March2017_FIA37",2017-03-02,"2017_pre",2092.42719259872,"PR_22April2018_FIA37",2018-04-22,"2018_post",2092.42719259872,2092.42719259874,1.00000000000001,1.00000000000001,416
"PR_2March2017_FIA37",2017-03-02,"2017_pre",2092.42719259872,"PR_15March2020_FIA37",2020-03-15,"2020_recovery",2092.42719259872,2092.42719259874,1.00000000000001,1.00000000000001,1109
"PR_22April2018_FIA37",2018-04-22,"2018_post",2092.42719259872,"PR_15March2020_FIA37",2020-03-15,"2020_recovery",2092.42719259872,2092.42719259874,1.00000000000001,1.00000000000001,693
"PR_8March2017_FIA22",2017-03-08,"2017_pre",2564.45381349748,"PR_29April2018_FIA22",2018-04-29,"2018_post",1973.26135539961,1973.26135539962,0.769466521492321,1,417
"PR_25April2018_FIA27",2018-04-25,"2018_post",2277.56361430417,"PR_15March2020_FIA27",2020-03-15,"2020_recovery",1964.2349748927,1964.23497489272,0.862428150219996,1.00000000000001,690
"PR_13March2017_FIA27",2017-03-13,"2017_pre",2622.47873035041,"PR_15March2020_FIA27",2020-03-15,"2020_recovery",1964.2349748927,1964.23497489271,0.748999392124815,1.00000000000001,1098
"PR_12March2017_FIA27",2017-03-12,"2017_pre",2838.39772697078,"PR_15March2020_FIA27",2020-03-15,"2020_recovery",1964.2349748927,1964.23497489271,0.69202245908962,1,1099
"PR_12March2017_FIA21",2017-03-12,"2017_pre",2355.42704241187,"PR_29April2018_FIA21",2018-04-29,"2018_post",1929.54886398661,1929.5488639866,0.819192795719458,0.999999999999993,413
"PR_3March2017_BG_am",2017-03-03,"2017_pre",1847.5044641386,"PR_24April2018_BG",2018-04-24,"2018_post",2155.41717676522,1847.50446413861,1,0.857144725417509,417
"PR_3March2017_BG_noon",2017-03-03,"2017_pre",1847.5044641386,"PR_24April2018_BG",2018-04-24,"2018_post",2155.41717676522,1847.50446413861,1,0.857144725417509,417
"PR_11March2017_FIA19",2017-03-11,"2017_pre",2145.36618507588,"PR_28April2018_FIA19",2018-04-28,"2018_post",1835.12909204978,1835.12909204977,0.855392009446098,0.99999999999999,413
"PR_22April2018_FIA211",2018-04-22,"2018_post",1827.45110625155,"PR_16March2020_FIA211",2020-03-16,"2020_recovery",1827.45110625155,1827.45110625157,1.00000000000001,1.00000000000001,694
"PR_3March2017_BG_pm",2017-03-03,"2017_pre",1744.86255763123,"PR_24April2018_BG",2018-04-24,"2018_post",2155.41717676522,1744.86255763123,1,0.809524289051954,417
"PR_2March2017_FIA1",2017-03-02,"2017_pre",1770.05624208644,"PR_22April2018_FIA1",2018-04-22,"2018_post",1717.52540823347,1717.52540823347,0.97032250580295,1,416
"PR_10March2017_FIA31",2017-03-10,"2017_pre",2120.96132607931,"PR_25April2018_FIA31",2018-04-25,"2018_post",1713.02489972023,1713.02489972023,0.807664373063715,1,411
"PR_10March2017_110",2017-03-10,"2017_pre",2094.73684122883,"PR_25April2018_110",2018-04-25,"2018_post",1684.24154958921,1684.24154958922,0.804034910944325,1,411
"PR_11March2017_FIA30",2017-03-11,"2017_pre",2298.21500343945,"PR_30April2018_FIA30",2018-04-30,"2018_post",1674.32689148572,1674.32689148568,0.728533618038317,0.999999999999976,415
"PR_13March2017_FIA36",2017-03-13,"2017_pre",1932.11090602755,"PR_30April2018_FIA36",2018-04-30,"2018_post",1647.83696944575,1647.83696944576,0.852868727310141,1,413
"PR_17March2017_EV2",2017-03-17,"2017_pre",2156.39101995468,"PR_25April2018_EV2",2018-04-25,"2018_post",2567.16618869698,1642.99659121995,0.761919603641496,0.640003985115545,404
"PR_17March2017_EV3",2017-03-17,"2017_pre",1745.61710353762,"PR_30April2018_EV3",2018-04-30,"2018_post",1745.61707267648,1642.93584231038,0.941177672343411,0.941177688982693,409
"PR_25April2018_EV1",2018-04-25,"2018_post",2258.84246321329,"PR_15March2020_EV1",2020-03-15,"2020_recovery",1642.79450242394,1642.79450242393,0.727272720066984,0.999999999999998,690
"PR_22April2018_FIA1",2018-04-22,"2018_post",1717.52540823347,"PR_15March2020_FIA1",2020-03-15,"2020_recovery",1630.84701406052,1630.84701406053,0.949532977062567,1.00000000000001,693
"PR_2March2017_FIA1",2017-03-02,"2017_pre",1770.05624208644,"PR_15March2020_FIA1",2020-03-15,"2020_recovery",1630.84701406052,1630.84701406052,0.92135321764588,1,1109
"PR_5March2017_EV1",2017-03-05,"2017_pre",2464.17596353474,"PR_15March2020_EV1",2020-03-15,"2020_recovery",1642.79450242394,1540.1173294982,0.625002983670443,0.937498468144228,1106
"PR_2March2017_FIA3_5",2017-03-02,"2017_pre",2642.67379143704,"PR_22April2018_FIA5",2018-04-22,"2018_post",1528.85823620968,1528.85823620968,0.578527036202346,1.00000000000001,416
"PR_12March2017_47",2017-03-12,"2017_pre",1543.54382661448,"PR_29April2018_47",2018-04-29,"2018_post",1485.68188909319,1485.68188909319,0.962513576534976,1,413
"PR_12March2017_FIA29",2017-03-12,"2017_pre",1453.07099373702,"PR_27April2018_FIA29",2018-04-27,"2018_post",1453.07099373702,1453.07099373703,1.00000000000001,1.00000000000001,411
"PR_22April2018_FIA201",2018-04-22,"2018_post",1620.65633323964,"PR_15March2020_FIA201",2020-03-15,"2020_recovery",1449.93910792602,1449.93910792601,0.894661673908145,0.999999999999994,693
"PR_2March2017_FIA3_5",2017-03-02,"2017_pre",2642.67379143704,"PR_15March2020_FIA5",2020-03-15,"2020_recovery",1431.66141094205,1431.66141094206,0.541747307435757,1.00000000000001,1109
"PR_22April2018_FIA5",2018-04-22,"2018_post",1528.85823620968,"PR_15March2020_FIA5",2020-03-15,"2020_recovery",1431.66141094205,1431.66141094205,0.936425220490952,1,693
"PR_14March2017_FIA7",2017-03-14,"2017_pre",1796.67211165573,"PR_29April2018_FIA7",2018-04-29,"2018_post",1394.73273766992,1394.73273766992,0.7762867407034,1,411
"PR_11March2017_FIA12",2017-03-11,"2017_pre",2589.27498044359,"PR_2May018_Rio_Abajo",2018-05-02,"2018_post",3587.79398920031,1392.91297433898,0.537954827069138,0.388236609607969,417
"PR_13March2017_FIA34",2017-03-13,"2017_pre",1679.23419220406,"PR_30April2018_FIA34",2018-04-30,"2018_post",1344.97123771446,1344.97123771446,0.800943218020792,1,413
"PR_15March2017_FIA32",2017-03-15,"2017_pre",1763.13071250667,"PR_30April2018_FIA32",2018-04-30,"2018_post",1321.05175965258,1321.05175965257,0.749264788073717,0.999999999999997,411
"PR_22April2018_FIA14",2018-04-22,"2018_post",1279.80182795616,"PR_15March2020_FIA14",2020-03-15,"2020_recovery",1279.80182795616,1279.80182795616,1,1,693
"PR_17March2017_EV3",2017-03-17,"2017_pre",1745.61710353762,"PR_15March2020_EV3",2020-03-15,"2020_recovery",1232.2008101167,1232.20081011669,0.705882640368008,0.999999999999992,1094
"PR_15March2017_BG_south_noon",2017-03-15,"2017_pre",1231.65643991408,"PR_24April2018_BG",2018-04-24,"2018_post",2155.41717676522,1231.65643991408,0.999999999999998,0.571423691520594,405
"PR_2March2017_FIA4",2017-03-02,"2017_pre",1287.27721623612,"PR_22April2018_FIA4",2018-04-22,"2018_post",1218.96883162548,1218.96883162549,0.946935761971807,1.00000000000001,416
"PR_2March2017_FIA4",2017-03-02,"2017_pre",1287.27721623612,"PR_15March2020_FIA4",2020-03-15,"2020_recovery",1218.96883162548,1218.96883162549,0.946935761971807,1.00000000000001,1109
"PR_22April2018_FIA4",2018-04-22,"2018_post",1218.96883162548,"PR_15March2020_FIA4",2020-03-15,"2020_recovery",1218.96883162548,1218.96883162549,1.00000000000001,1.00000000000001,693
"PR_2May018_Rio_Abajo",2018-05-02,"2018_post",3587.79398920031,"PR_15March2020_FIA12",2020-03-15,"2020_recovery",2379.01897729983,1182.65697119521,0.329633466903382,0.497119603702161,683
"PR_13March2017_FIA39",2017-03-13,"2017_pre",1315.58261994028,"PR_30April2018_FIA39",2018-04-30,"2018_post",1176.13453866373,1176.13453866373,0.894002794531534,1,413
"PR_30April2018_EV3",2018-04-30,"2018_post",1745.61707267648,"PR_15March2020_EV3",2020-03-15,"2020_recovery",1232.2008101167,1129.51954888949,0.647060324150959,0.916668403084816,685
"PR_15March2017_EV1",2017-03-15,"2017_pre",1334.75947015215,"PR_25April2018_EV1",2018-04-25,"2018_post",2258.84246321329,1129.42254437623,0.846161851353999,0.500000581169163,406
"PR_5March2017_130",2017-03-05,"2017_pre",1118.71593776975,"PR_27April2018_130",2018-04-27,"2018_post",1058.16571342541,1058.16571342542,0.945875246521435,1.00000000000001,418
"PR_2March2017_FIA14",2017-03-02,"2017_pre",1253.52494108059,"PR_22April2018_FIA14",2018-04-22,"2018_post",1279.80182795616,1012.04670571811,0.80736064560924,0.790783919518497,416
"PR_2March2017_FIA14",2017-03-02,"2017_pre",1253.52494108059,"PR_15March2020_FIA14",2020-03-15,"2020_recovery",1279.80182795616,1012.04670571811,0.80736064560924,0.790783919518497,1109
"PR_2March2017_FIA38",2017-03-02,"2017_pre",1002.33389736415,"PR_28April2018_FIA38",2018-04-28,"2018_post",1002.33389736415,1002.33389736415,0.999999999999999,0.999999999999999,422
"PR_2March2017_FIA3_5",2017-03-02,"2017_pre",2642.67379143704,"PR_22April2018_FIA3",2018-04-22,"2018_post",979.847142622602,979.847142622605,0.370778696106031,1,416
"PR_2March2017_FIA3_5",2017-03-02,"2017_pre",2642.67379143704,"PR_15March2020_FIA3",2020-03-15,"2020_recovery",979.847142622602,979.847142622605,0.370778696106031,1,1109
"PR_22April2018_FIA3",2018-04-22,"2018_post",979.847142622602,"PR_15March2020_FIA3",2020-03-15,"2020_recovery",979.847142622602,979.847142622587,0.999999999999985,0.999999999999985,693
"PR_15March2017_63_64_70",2017-03-15,"2017_pre",2443.2052383673,"PR_25April2018_63_64_70",2018-04-25,"2018_post",934.65931451401,934.659314514013,0.382554563913185,1,406
"PR_10March2017_111",2017-03-10,"2017_pre",926.356327735806,"PR_27April2018_111",2018-04-27,"2018_post",926.356327735806,926.356327735796,0.999999999999989,0.999999999999989,413
"PR_15March2017_BG_north_noon",2017-03-15,"2017_pre",923.760736851136,"PR_24April2018_BG",2018-04-24,"2018_post",2155.41717676522,923.760736851137,1,0.428576308479404,405
"PR_12March2017_68",2017-03-12,"2017_pre",1019.15006514816,"PR_15March2020_68",2020-03-15,"2020_recovery",887.474851755738,887.474851755729,0.870798994284231,0.999999999999989,1099
"PR_5March2017_59",2017-03-05,"2017_pre",1102.92525440709,"PR_27April2018_59",2018-04-27,"2018_post",865.990904580525,865.990904580522,0.785176421629825,0.999999999999996,418
"PR_5March2017_EV2",2017-03-05,"2017_pre",3491.30480985737,"PR_25April2018_75",2018-04-25,"2018_post",2096.01324847876,833.750946598048,0.238807836039991,0.397779425871076,416
"PR_22April2018_FIA203",2018-04-22,"2018_post",809.516266378117,"PR_15March2020_FIA203",2020-03-15,"2020_recovery",809.516266378117,809.516266378129,1.00000000000002,1.00000000000002,693
"PR_12March2017_68",2017-03-12,"2017_pre",1019.15006514816,"PR_25April2018_68",2018-04-25,"2018_post",803.196784144629,803.196784144623,0.788104531031802,0.999999999999993,409
"PR_25April2018_68",2018-04-25,"2018_post",803.196784144629,"PR_15March2020_68",2020-03-15,"2020_recovery",887.474851755738,803.196784144619,0.999999999999988,0.905036106156263,690
"PR_14March2017_50",2017-03-14,"2017_pre",1199.96452888183,"PR_30April2018_50",2018-04-30,"2018_post",797.357620168759,797.357620168752,0.664484325142307,0.999999999999992,412
"PR_12March2017_48",2017-03-12,"2017_pre",847.293361628103,"PR_25April2018_48",2018-04-25,"2018_post",792.029506495543,792.029506495541,0.93477600836342,0.999999999999998,409
"PR_17March2017_61_62",2017-03-17,"2017_pre",1226.88776119001,"PR_25April2018_61_62",2018-04-25,"2018_post",781.943510852459,781.94351085245,0.637339075005531,0.999999999999989,404
"PR_15March2017_61",2017-03-15,"2017_pre",916.201634637128,"PR_25April2018_61_62",2018-04-25,"2018_post",781.943510852459,781.943510852442,0.85346225251185,0.999999999999978,406
"PR_15March2017_75",2017-03-15,"2017_pre",2167.12493876305,"PR_25April2018_EV2",2018-04-25,"2018_post",2567.16618869698,779.816840523545,0.359839355163643,0.303765624507293,406
"PR_12March2017_49",2017-03-12,"2017_pre",770.951506818218,"PR_25April2018_49",2018-04-25,"2018_post",770.951506818218,770.951506818212,0.999999999999991,0.999999999999991,409
"PR_15March2017_FIA28",2017-03-15,"2017_pre",997.901585323297,"PR_15March2020_FIA28",2020-03-15,"2020_recovery",763.564167626223,763.564167626216,0.765169811188183,0.99999999999999,1096
"PR_8March2017_FIA9",2017-03-08,"2017_pre",735.379010574767,"PR_26April2018_FIA9",2018-04-26,"2018_post",735.379010574767,735.37901057477,1,1,414
"PR_17March2017_199",2017-03-17,"2017_pre",1221.0145299697,"PR_27April2018_199",2018-04-27,"2018_post",728.992610534713,728.992610534714,0.597038440281954,1,406
"PR_15March2017_EV2",2017-03-15,"2017_pre",3080.54771474428,"PR_25April2018_75",2018-04-25,"2018_post",2096.01324847876,726.685453301903,0.235894886426788,0.346698883620757,406
"PR_8March2017_43",2017-03-08,"2017_pre",848.264922798805,"PR_26April2018_43",2018-04-26,"2018_post",714.3296282355,714.329628235497,0.842106762918599,0.999999999999996,414
"PR_25April2018_FIA28",2018-04-25,"2018_post",710.902060318135,"PR_15March2020_FIA28",2020-03-15,"2020_recovery",763.564167626223,710.90206031813,0.999999999999993,0.931031196144511,690
"PR_15March2017_FIA28",2017-03-15,"2017_pre",997.901585323297,"PR_25April2018_FIA28",2018-04-25,"2018_post",710.902060318135,710.902060318129,0.712396964564209,0.999999999999991,406
"PR_14March2017_56",2017-03-14,"2017_pre",1404.86754499618,"PR_25April2018_56",2018-04-25,"2018_post",710.340856622124,710.340856622137,0.505628348488945,1.00000000000002,407
"PR_8March2017_FIA41",2017-03-08,"2017_pre",717.3354882279,"PR_26April2018_FIA41",2018-04-26,"2018_post",688.425935674993,688.425935674991,0.959698700221388,0.999999999999996,414
"PR_8March2017_45_46",2017-03-08,"2017_pre",1605.50910863997,"PR_29April2018_46",2018-04-29,"2018_post",675.368091462757,675.368091462751,0.420656655155857,0.999999999999991,417
"PR_8March2017_45_46",2017-03-08,"2017_pre",1605.50910863997,"PR_26April2018_45",2018-04-26,"2018_post",659.499428624515,659.499428624516,0.410772772994842,1,414
"PR_17March2017_EV1_topfill",2017-03-17,"2017_pre",4210.01595372347,"PR_25April2018_EV1",2018-04-25,"2018_post",2258.84246321329,656.172272681034,0.15585980668332,0.290490498282737,404
"PR_12March2017_FIA20",2017-03-12,"2017_pre",846.309493473952,"PR_28April2018_FIA20",2018-04-28,"2018_post",630.770558585081,630.770558585082,0.745319015619073,1,412
"PR_5March2017_119a",2017-03-05,"2017_pre",771.094663339714,"PR_27April2018_119",2018-04-27,"2018_post",626.337242606368,626.337242606366,0.81227023397311,0.999999999999996,418
"PR_17March2017_61_62",2017-03-17,"2017_pre",1226.88776119001,"PR_15March2020_EV3",2020-03-15,"2020_recovery",1232.2008101167,599.769934596378,0.488854770231495,0.486746908192322,1094
"PR_10March2017_118",2017-03-10,"2017_pre",597.386569606332,"PR_27April2018_118",2018-04-27,"2018_post",597.386569606332,597.386569606334,1,1,413
"PR_5March2017_EV1",2017-03-05,"2017_pre",2464.17596353474,"PR_30April2018_FIA30",2018-04-30,"2018_post",1674.32689148572,580.176170273257,0.235444294100257,0.34651308130065,421
"PR_11March2017_FIA30",2017-03-11,"2017_pre",2298.21500343945,"PR_25April2018_EV1",2018-04-25,"2018_post",2258.84246321329,580.176170273246,0.252446428817569,0.256846672453609,410
"PR_8March2017_44",2017-03-08,"2017_pre",625.22958211731,"PR_26April2018_44",2018-04-26,"2018_post",572.685695951458,572.685695951451,0.915960652424793,0.999999999999988,414
"PR_10March2017_117",2017-03-10,"2017_pre",686.693148226465,"PR_28April2018_117",2018-04-28,"2018_post",563.049185959782,563.049185959777,0.819942921250888,0.999999999999992,414
"PR_17March2017_61_62",2017-03-17,"2017_pre",1226.88776119001,"PR_30April2018_EV3",2018-04-30,"2018_post",1745.61707267648,555.725897986716,0.452955776042376,0.31835498557232,409
"PR_2May018_Rio_Abajo",2018-05-02,"2018_post",3587.79398920031,"PR_15March2020_FIA13",2020-03-15,"2020_recovery",5190.98421606451,532.172578797399,0.148328633249095,0.102518627806744,683
"PR_2March2017_FIA13",2017-03-02,"2017_pre",5301.40119067989,"PR_2May018_Rio_Abajo",2018-05-02,"2018_post",3587.79398920031,532.172578797393,0.100383381611068,0.148328633249093,426
"PR_15March2017_65",2017-03-15,"2017_pre",663.44985297523,"PR_25April2018_65",2018-04-25,"2018_post",529.179735276381,529.17973527641,0.797618287054118,1.00000000000006,406
"PR_17March2017_EV3",2017-03-17,"2017_pre",1745.61710353762,"PR_25April2018_EV2",2018-04-25,"2018_post",2567.16618869698,524.448440990267,0.300437272256003,0.204290802558623,404
"PR_15March2017_EV1",2017-03-15,"2017_pre",1334.75947015215,"PR_15March2020_EV1",2020-03-15,"2020_recovery",1642.79450242394,513.378700959275,0.38462263234645,0.31250329861817,1096
"PR_13March2017_FIA34",2017-03-13,"2017_pre",1679.23419220406,"PR_25April2018_FIA34",2018-04-25,"2018_post",513.294244380112,513.29424438011,0.3056716250557,0.999999999999996,408
"PR_11March2017_FIA30",2017-03-11,"2017_pre",2298.21500343945,"PR_15March2020_EV1",2020-03-15,"2020_recovery",1642.79450242394,511.789740311941,0.22269010494928,0.311536068301176,1100
"PR_30April2018_FIA30",2018-04-30,"2018_post",1674.32689148572,"PR_15March2020_EV1",2020-03-15,"2020_recovery",1642.79450242394,511.789740311941,0.305668948467883,0.311536068301176,685
"PR_17March2017_BG_north_high_alt",2017-03-17,"2017_pre",750.028581066415,"PR_24April2018_BG",2018-04-24,"2018_post",2155.41717676522,511.021623179233,0.681336199818741,0.237087107167884,403
"PR_17March2017_BG_north_low_alt",2017-03-17,"2017_pre",800.037423051929,"PR_24April2018_BG",2018-04-24,"2018_post",2155.41717676522,511.021623179229,0.638747149139372,0.237087107167882,403
"PR_17March2017_EV1_topfill",2017-03-17,"2017_pre",4210.01595372347,"PR_15March2020_EV1",2020-03-15,"2020_recovery",1642.79450242394,501.845102981481,0.119202660630688,0.305482579982469,1094
"PR_15March2017_112_196",2017-03-15,"2017_pre",494.819205475076,"PR_27April2018_112_196",2018-04-27,"2018_post",494.819205475076,494.81920547508,1.00000000000001,1.00000000000001,408
"PR_12March2017_67",2017-03-12,"2017_pre",489.798433359382,"PR_25April2018_67",2018-04-25,"2018_post",489.798433359382,489.798433359378,0.99999999999999,0.99999999999999,409
"PR_10March2017_109",2017-03-10,"2017_pre",1463.17289499767,"PR_24April2018_BG",2018-04-24,"2018_post",2155.41717676522,486.950805314964,0.332804692445958,0.225919515982407,410
"PR_5March2017_108",2017-03-05,"2017_pre",481.697982862565,"PR_27April2018_108",2018-04-27,"2018_post",481.697982862565,481.697982862565,1,1,418
"PR_17March2017_EV2",2017-03-17,"2017_pre",2156.39101995468,"PR_25April2018_75",2018-04-25,"2018_post",2096.01324847876,475.523401402658,0.22051816994334,0.226870417802837,404
"PR_15March2017_EV2",2017-03-15,"2017_pre",3080.54771474428,"PR_25April2018_63_64_70",2018-04-25,"2018_post",934.65931451401,461.332717991084,0.149756718840299,0.493583823353818,406
"PR_10March2017_59",2017-03-10,"2017_pre",452.698219322339,"PR_27April2018_59",2018-04-27,"2018_post",865.990904580525,452.698219322338,0.999999999999996,0.522751702041973,413
"PR_8March2017_115",2017-03-08,"2017_pre",425.489547954082,"PR_26April2018_115",2018-04-26,"2018_post",425.489547954082,425.489547954084,1.00000000000001,1.00000000000001,414
"PR_5March2017_EV2",2017-03-05,"2017_pre",3491.30480985737,"PR_30April2018_EV3",2018-04-30,"2018_post",1745.61707267648,423.08324335165,0.121181983926787,0.24236887343394,421
"PR_12March2017_67",2017-03-12,"2017_pre",489.798433359382,"PR_15March2020_67",2020-03-15,"2020_recovery",413.436305333901,413.436305333894,0.844094789152871,0.999999999999984,1099
"PR_25April2018_67",2018-04-25,"2018_post",489.798433359382,"PR_15March2020_67",2020-03-15,"2020_recovery",413.436305333901,413.436305333894,0.844094789152871,0.999999999999984,690
"PR_15March2017_EV2",2017-03-15,"2017_pre",3080.54771474428,"PR_30April2018_EV3",2018-04-30,"2018_post",1745.61707267648,410.886276996637,0.133380916331869,0.2353816787359,411
"PR_5March2017_EV2",2017-03-05,"2017_pre",3491.30480985737,"PR_15March2020_EV3",2020-03-15,"2020_recovery",1232.2008101167,410.576143695808,0.11759962708973,0.333205545983145,1106
"PR_15March2017_EV2",2017-03-15,"2017_pre",3080.54771474428,"PR_15March2020_EV3",2020-03-15,"2020_recovery",1232.2008101167,410.576143695808,0.133280241604663,0.333205545983145,1096
"PR_25April2018_EV2",2018-04-25,"2018_post",2567.16618869698,"PR_15March2020_EV3",2020-03-15,"2020_recovery",1232.2008101167,409.418877457494,0.159482809979398,0.332266359586891,690
"PR_13March2017_BG0_long_noon_east",2017-03-13,"2017_pre",528.986184233756,"PR_24April2018_BG",2018-04-24,"2018_post",2155.41717676522,408.481506949534,0.772196929001512,0.189513896127788,407
"PR_13March2017_BG0_long_am",2017-03-13,"2017_pre",2087.18661273669,"PR_24April2018_BG",2018-04-24,"2018_post",2155.41717676522,408.481506949533,0.195709144767816,0.189513896127788,407
"PR_15March2017_EV1_topfill",2017-03-15,"2017_pre",439.678387364855,"PR_25April2018_EV1",2018-04-25,"2018_post",2258.84246321329,403.148508515696,0.916916819432277,0.178475708280338,406
"PR_15March2017_EV2",2017-03-15,"2017_pre",3080.54771474428,"PR_25April2018_61_62",2018-04-25,"2018_post",781.943510852459,398.678619403695,0.129418095845592,0.509856036747545,406
"PR_10March2017_118",2017-03-10,"2017_pre",597.386569606332,"PR_27April2018_119",2018-04-27,"2018_post",626.337242606368,398.545236600058,0.667147968965377,0.636310935210554,413
"PR_5March2017_119a",2017-03-05,"2017_pre",771.094663339714,"PR_27April2018_118",2018-04-27,"2018_post",597.386569606332,398.545236600057,0.516856432223126,0.667147968965376,418
"PR_14March2017_51",2017-03-14,"2017_pre",457.891674095378,"PR_30April2018_51",2018-04-30,"2018_post",394.734756338631,394.734756338613,0.862070176572792,0.999999999999956,412
"PR_12March2017_66",2017-03-12,"2017_pre",392.308641993015,"PR_25April2018_66",2018-04-25,"2018_post",392.308641993015,392.308641993014,0.999999999999998,0.999999999999998,409
"PR_5March2017_EV2",2017-03-05,"2017_pre",3491.30480985737,"PR_25April2018_63_64_70",2018-04-25,"2018_post",934.65931451401,386.095407669039,0.110587711098422,0.413086781112104,416
"PR_17March2017_EV3",2017-03-17,"2017_pre",1745.61710353762,"PR_25April2018_61_62",2018-04-25,"2018_post",781.943510852459,383.720706752441,0.219819515960747,0.490726889381199,404
"PR_15March2017_61",2017-03-15,"2017_pre",916.201634637128,"PR_15March2020_EV3",2020-03-15,"2020_recovery",1232.2008101167,383.720706752436,0.418816876379415,0.311410854141619,1096
"PR_25April2018_61_62",2018-04-25,"2018_post",781.943510852459,"PR_15March2020_EV3",2020-03-15,"2020_recovery",1232.2008101167,383.720706752436,0.490726889381192,0.311410854141619,690
"PR_15March2017_69",2017-03-15,"2017_pre",550.254649581238,"PR_25April2018_69",2018-04-25,"2018_post",379.130899400294,379.130899400307,0.689009896942876,1.00000000000003,406
"PR_3March2017_BG0_am1",2017-03-03,"2017_pre",373.700794920437,"PR_24April2018_BG",2018-04-24,"2018_post",2155.41717676522,373.700794920438,1,0.173377478359561,417
"PR_3March2017_BG0_am2",2017-03-03,"2017_pre",373.700794920437,"PR_24April2018_BG",2018-04-24,"2018_post",2155.41717676522,373.700794920438,1,0.173377478359561,417
"PR_3March2017_BG0_noon1",2017-03-03,"2017_pre",373.700794920437,"PR_24April2018_BG",2018-04-24,"2018_post",2155.41717676522,373.700794920438,1,0.173377478359561,417
"PR_3March2017_BG0_noon2",2017-03-03,"2017_pre",373.700794920437,"PR_24April2018_BG",2018-04-24,"2018_post",2155.41717676522,373.700794920438,1,0.173377478359561,417
"PR_3March2017_BG0_noon3",2017-03-03,"2017_pre",373.700794920437,"PR_24April2018_BG",2018-04-24,"2018_post",2155.41717676522,373.700794920438,1,0.173377478359561,417
"PR_3March2017_BG0_pm1",2017-03-03,"2017_pre",373.700794920437,"PR_24April2018_BG",2018-04-24,"2018_post",2155.41717676522,373.700794920438,1,0.173377478359561,417
"PR_3March2017_BG0_pm2",2017-03-03,"2017_pre",373.700794920437,"PR_24April2018_BG",2018-04-24,"2018_post",2155.41717676522,373.700794920438,1,0.173377478359561,417
"PR_5March2017_BG0_am",2017-03-05,"2017_pre",373.700794920437,"PR_24April2018_BG",2018-04-24,"2018_post",2155.41717676522,373.700794920438,1,0.173377478359561,415
"PR_5March2017_BG0_noon",2017-03-05,"2017_pre",373.700794920437,"PR_24April2018_BG",2018-04-24,"2018_post",2155.41717676522,373.700794920438,1,0.173377478359561,415
"PR_11March2017_BG0_am1",2017-03-11,"2017_pre",373.700794920437,"PR_24April2018_BG",2018-04-24,"2018_post",2155.41717676522,373.700794920438,1,0.173377478359561,409
"PR_11March2017_BG0_am2",2017-03-11,"2017_pre",373.700794920437,"PR_24April2018_BG",2018-04-24,"2018_post",2155.41717676522,373.700794920438,1,0.173377478359561,409
"PR_11March2017_BG0_am3",2017-03-11,"2017_pre",373.700794920437,"PR_24April2018_BG",2018-04-24,"2018_post",2155.41717676522,373.700794920438,1,0.173377478359561,409
"PR_11March2017_BG0_am4",2017-03-11,"2017_pre",373.700794920437,"PR_24April2018_BG",2018-04-24,"2018_post",2155.41717676522,373.700794920438,1,0.173377478359561,409
"PR_11March2017_BG0_noon1",2017-03-11,"2017_pre",373.700794920437,"PR_24April2018_BG",2018-04-24,"2018_post",2155.41717676522,373.700794920438,1,0.173377478359561,409
"PR_11March2017_BG0_noon2",2017-03-11,"2017_pre",373.700794920437,"PR_24April2018_BG",2018-04-24,"2018_post",2155.41717676522,373.700794920438,1,0.173377478359561,409
"PR_15March2017_BG0_am1",2017-03-15,"2017_pre",373.700794920437,"PR_24April2018_BG",2018-04-24,"2018_post",2155.41717676522,373.700794920438,1,0.173377478359561,405
"PR_15March2017_BG0_am2",2017-03-15,"2017_pre",373.700794920437,"PR_24April2018_BG",2018-04-24,"2018_post",2155.41717676522,373.700794920438,1,0.173377478359561,405
"PR_15March2017_BG0_am3",2017-03-15,"2017_pre",373.700794920437,"PR_24April2018_BG",2018-04-24,"2018_post",2155.41717676522,373.700794920438,1,0.173377478359561,405
"PR_15March2017_BG0_noon1",2017-03-15,"2017_pre",373.700794920437,"PR_24April2018_BG",2018-04-24,"2018_post",2155.41717676522,373.700794920438,1,0.173377478359561,405
"PR_15March2017_BG0_noon2",2017-03-15,"2017_pre",373.700794920437,"PR_24April2018_BG",2018-04-24,"2018_post",2155.41717676522,373.700794920438,1,0.173377478359561,405
"PR_17March2017_BG0_high_alt",2017-03-17,"2017_pre",373.700794920437,"PR_24April2018_BG",2018-04-24,"2018_post",2155.41717676522,373.700794920438,1,0.173377478359561,403
"PR_17March2017_BG0_low_alt",2017-03-17,"2017_pre",373.700794920437,"PR_24April2018_BG",2018-04-24,"2018_post",2155.41717676522,373.700794920438,1,0.173377478359561,403
"PR_17March2017_EV2",2017-03-17,"2017_pre",2156.39101995468,"PR_25April2018_63_64_70",2018-04-25,"2018_post",934.65931451401,365.446731123656,0.169471458442327,0.390994585351857,404
"PR_12March2017_FIA20",2017-03-12,"2017_pre",846.309493473952,"PR_28April2018_FIA18",2018-04-28,"2018_post",4156.3610495512,362.092235714119,0.427848486288147,0.0871176087441242,412
"PR_12March2017_FIA18",2017-03-12,"2017_pre",4227.31883122956,"PR_28April2018_FIA20",2018-04-28,"2018_post",630.770558585081,362.092235714117,0.0856552936199512,0.574047457963713,412
"PR_14March2017_FIA18",2017-03-14,"2017_pre",3235.96408859561,"PR_28April2018_FIA20",2018-04-28,"2018_post",630.770558585081,362.092235714117,0.111896246620976,0.574047457963712,410
"PR_15March2017_FIA28",2017-03-15,"2017_pre",997.901585323297,"PR_25April2018_EV2",2018-04-25,"2018_post",2567.16618869698,357.95817987622,0.358710904102081,0.139437088822796,406
"PR_5March2017_EV2",2017-03-05,"2017_pre",3491.30480985737,"PR_25April2018_FIA28",2018-04-25,"2018_post",710.902060318135,357.958179876219,0.102528481290307,0.503526716065543,416
"PR_15March2017_EV2",2017-03-15,"2017_pre",3080.54771474428,"PR_25April2018_FIA28",2018-04-25,"2018_post",710.902060318135,357.958179876219,0.116199524572511,0.503526716065543,406
"PR_5March2017_EV2",2017-03-05,"2017_pre",3491.30480985737,"PR_15March2020_FIA28",2020-03-15,"2020_recovery",763.564167626223,357.958179876219,0.102528481290307,0.468799080749223,1106
"PR_15March2017_EV2",2017-03-15,"2017_pre",3080.54771474428,"PR_15March2020_FIA28",2020-03-15,"2020_recovery",763.564167626223,357.958179876219,0.116199524572511,0.468799080749223,1096
"PR_25April2018_EV2",2018-04-25,"2018_post",2567.16618869698,"PR_15March2020_FIA28",2020-03-15,"2020_recovery",763.564167626223,357.958179876219,0.139437088822796,0.468799080749223,690
"PR_10March2017_116",2017-03-10,"2017_pre",415.987852264231,"PR_27April2018_116",2018-04-27,"2018_post",347.537076023515,347.537076023507,0.835450059735769,0.999999999999976,413
"PR_3March2017_BG_am",2017-03-03,"2017_pre",1847.5044641386,"PR_27April2018_109",2018-04-27,"2018_post",1163.1599762878,346.521238841595,0.187561787031005,0.297913654102431,420
"PR_3March2017_BG_noon",2017-03-03,"2017_pre",1847.5044641386,"PR_27April2018_109",2018-04-27,"2018_post",1163.1599762878,346.521238841595,0.187561787031005,0.297913654102431,420
"PR_3March2017_BG_pm",2017-03-03,"2017_pre",1744.86255763123,"PR_27April2018_109",2018-04-27,"2018_post",1163.1599762878,346.521238841595,0.198595148555438,0.297913654102431,420
"PR_12March2017_66",2017-03-12,"2017_pre",392.308641993015,"PR_15March2020_66",2020-03-15,"2020_recovery",337.019114905358,337.019114905353,0.859066252512871,0.999999999999984,1099
"PR_25April2018_66",2018-04-25,"2018_post",392.308641993015,"PR_15March2020_66",2020-03-15,"2020_recovery",337.019114905358,337.019114905353,0.859066252512871,0.999999999999984,690
"PR_10March2017_109",2017-03-10,"2017_pre",1463.17289499767,"PR_27April2018_109",2018-04-27,"2018_post",1163.1599762878,328.968104756279,0.224832011227766,0.282822751352033,413
"PR_5March2017_119b",2017-03-05,"2017_pre",471.093450866695,"PR_27April2018_119",2018-04-27,"2018_post",626.337242606368,326.336030133353,0.692720371155609,0.521022873836107,418
"PR_15March2017_EV1",2017-03-15,"2017_pre",1334.75947015215,"PR_30April2018_FIA30",2018-04-30,"2018_post",1674.32689148572,324.77927449208,0.243324195673291,0.193976024719931,411
"PR_5March2017_EV2",2017-03-05,"2017_pre",3491.30480985737,"PR_25April2018_61_62",2018-04-25,"2018_post",781.943510852459,324.651251368648,0.0929885154833879,0.41518504452415,416
"PR_17March2017_60",2017-03-17,"2017_pre",589.76264595599,"PR_25April2018_75",2018-04-25,"2018_post",2096.01324847876,323.805507920224,0.54904377233886,0.154486384165384,404
"PR_14March2017_52",2017-03-14,"2017_pre",400.001842171504,"PR_30April2018_52",2018-04-30,"2018_post",321.050559487309,321.050559487311,0.8026227022966,1.00000000000001,412
"PR_17March2017_60",2017-03-17,"2017_pre",589.76264595599,"PR_25April2018_60",2018-04-25,"2018_post",313.3047488315,313.304748831497,0.531238712692016,0.999999999999991,404
"PR_15March2017_EV1_topfill",2017-03-15,"2017_pre",439.678387364855,"PR_15March2020_EV1",2020-03-15,"2020_recovery",1642.79450242394,308.971383221815,0.702721334731933,0.188076708782461,1096
"PR_17March2017_EV3_bottomfill",2017-03-17,"2017_pre",718.785336380142,"PR_30April2018_EV3",2018-04-30,"2018_post",1745.61707267648,308.063154441521,0.42858853519877,0.176478082887434,409
"PR_10March2017_109",2017-03-10,"2017_pre",1463.17289499767,"PR_27April2018_109",2018-04-27,"2018_post",1163.1599762878,302.624115234643,0.206827310886677,0.260174113109069,413
"PR_8March2017_80",2017-03-08,"2017_pre",388.907967290078,"PR_26April2018_80",2018-04-26,"2018_post",299.565421313994,299.565421313995,0.770273294736994,1,414
"PR_17March2017_EV2",2017-03-17,"2017_pre",2156.39101995468,"PR_30April2018_EV3",2018-04-30,"2018_post",1745.61707267648,294.6922983998,0.136659954374135,0.168818409840574,409
"PR_17March2017_60",2017-03-17,"2017_pre",589.76264595599,"PR_25April2018_EV2",2018-04-25,"2018_post",2567.16618869698,285.267710080222,0.48369918311427,0.111121637288709,404
"PR_12March2017_58b",2017-03-12,"2017_pre",352.796614944363,"PR_30April2018_58",2018-04-30,"2018_post",284.350111540249,284.350111540245,0.805988775105135,0.999999999999986,414
"PR_15March2017_61",2017-03-15,"2017_pre",916.201634637128,"PR_30April2018_EV3",2018-04-30,"2018_post",1745.61707267648,284.290895981731,0.310292936875547,0.162859827869259,411
"PR_2May018_FIA12_reservoir3",2018-05-02,"2018_post",1826.9249312354,"PR_15March2020_FIA12",2020-03-15,"2020_recovery",2379.01897729983,269.638339771946,0.14759136249217,0.113340138243867,683
"PR_11March2017_FIA12",2017-03-11,"2017_pre",2589.27498044359,"PR_2May018_FIA12_reservoir3",2018-05-02,"2018_post",1826.9249312354,269.638339771945,0.104136618091351,0.14759136249217,417
"PR_10March2017_111",2017-03-10,"2017_pre",926.356327735806,"PR_24April2018_BG",2018-04-24,"2018_post",2155.41717676522,267.012655993137,0.288239684879973,0.123879803349188,410
"PR_17March2017_EV2",2017-03-17,"2017_pre",2156.39101995468,"PR_25April2018_FIA28",2018-04-25,"2018_post",710.902060318135,266.823966463204,0.12373635578802,0.375331541933917,404
"PR_17March2017_EV2",2017-03-17,"2017_pre",2156.39101995468,"PR_15March2020_FIA28",2020-03-15,"2020_recovery",763.564167626223,266.823966463204,0.12373635578802,0.349445374437501,1094
"PR_8March2017_71",2017-03-08,"2017_pre",257.370237800333,"PR_26April2018_71",2018-04-26,"2018_post",257.370237800333,257.37023780034,1.00000000000002,1.00000000000002,414
"PR_15March2017_FIA32",2017-03-15,"2017_pre",1763.13071250667,"PR_30April2018_51",2018-04-30,"2018_post",394.734756338631,251.716757594746,0.14276692919544,0.637685822068341,411
"PR_14March2017_FIA24",2017-03-14,"2017_pre",2550.80387932373,"PR_2May018_FIA214",2018-05-02,"2018_post",1698.62918989383,247.78518551897,0.0971400379023508,0.145873617969828,414
"PR_22April2018_FIA212",2018-04-22,"2018_post",2117.11563362507,"PR_15March2020_FIA17",2020-03-15,"2020_recovery",2627.40367174676,247.216250668655,0.116770310861742,0.0940914612120867,693
"PR_1March2017_FIA17",2017-03-01,"2017_pre",2627.40367174676,"PR_22April2018_FIA212",2018-04-22,"2018_post",2117.11563362507,247.216250668653,0.094091461212086,0.116770310861742,417
"PR_1March2017_FIA17",2017-03-01,"2017_pre",2627.40367174676,"PR_16March2020_FIA212",2020-03-16,"2020_recovery",2117.11563362507,247.216250668653,0.094091461212086,0.116770310861742,1111
"PR_22April2018_FIA17",2018-04-22,"2018_post",2627.40367174676,"PR_16March2020_FIA212",2020-03-16,"2020_recovery",2117.11563362507,247.216250668653,0.094091461212086,0.116770310861742,694
"PR_8March2017_114",2017-03-08,"2017_pre",241.619599122825,"PR_26April2018_114",2018-04-26,"2018_post",241.619599122825,241.619599122822,0.999999999999985,0.999999999999985,414
"PR_15March2017_61",2017-03-15,"2017_pre",916.201634637128,"PR_25April2018_EV2",2018-04-25,"2018_post",2567.16618869698,240.895447860702,0.262928419633427,0.0938371068150341,406
"PR_17March2017_61_62",2017-03-17,"2017_pre",1226.88776119001,"PR_25April2018_EV2",2018-04-25,"2018_post",2567.16618869698,240.895447860702,0.196346769020702,0.0938371068150341,404
"PR_28April2018_FIA204",2018-04-28,"2018_post",2798.96845577637,"PR_15March2020_FIA13",2020-03-15,"2020_recovery",5190.98421606451,239.977485522428,0.0857378313882652,0.0462296696606726,687
"PR_2March2017_FIA13",2017-03-02,"2017_pre",5301.40119067989,"PR_28April2018_FIA204",2018-04-28,"2018_post",2798.96845577637,239.977485522426,0.0452668034149759,0.0857378313882646,422
"PR_15March2017_63_64_70",2017-03-15,"2017_pre",2443.2052383673,"PR_25April2018_EV1",2018-04-25,"2018_post",2258.84246321329,234.908484062803,0.0961476671602845,0.103995071762834,406
"PR_15March2017_BG_south_noon",2017-03-15,"2017_pre",1231.65643991408,"PR_27April2018_111",2018-04-27,"2018_post",926.356327735806,231.129221296619,0.187657218203432,0.249503581263965,408
"PR_17March2017_EV2",2017-03-17,"2017_pre",2156.39101995468,"PR_25April2018_61_62",2018-04-25,"2018_post",781.943510852459,225.418144053084,0.104534911325044,0.28827932059611,404
"PR_15March2017_BG_south_noon",2017-03-15,"2017_pre",1231.65643991408,"PR_27April2018_109",2018-04-27,"2018_post",1163.1599762878,221.963864954149,0.180215730426931,0.190828320677387,408
"PR_17March2017_EV2",2017-03-17,"2017_pre",2156.39101995468,"PR_15March2020_EV3",2020-03-15,"2020_recovery",1232.2008101167,218.873681380469,0.101499996686625,0.177628256355179,1094
"PR_15March2017_53",2017-03-15,"2017_pre",308.126582080165,"PR_30April2018_53",2018-04-30,"2018_post",218.579122462735,218.579122462733,0.709380933599121,0.999999999999991,411
"PR_12March2017_113",2017-03-12,"2017_pre",218.346470428155,"PR_25April2018_113",2018-04-25,"2018_post",218.346470428155,218.346470428145,0.999999999999956,0.999999999999956,409
"PR_1March2017_FIA16b",2017-03-01,"2017_pre",2964.5310555411,"PR_28April2018_FIA216",2018-04-28,"2018_post",1772.42143776496,216.264177982186,0.0729505523573311,0.122016227841893,423
"PR_2March2017_FIA16",2017-03-02,"2017_pre",3190.79973076543,"PR_28April2018_FIA216",2018-04-28,"2018_post",1772.42143776496,216.264177982186,0.0677774214084902,0.122016227841893,422
"PR_15March2017_63_64_70",2017-03-15,"2017_pre",2443.2052383673,"PR_25April2018_65",2018-04-25,"2018_post",529.179735276381,212.859531119284,0.0871230659531204,0.402244297975831,406
"PR_17March2017_EV1_topfill",2017-03-17,"2017_pre",4210.01595372347,"PR_30April2018_EV3",2018-04-30,"2018_post",1745.61707267648,212.851573312209,0.0505583768925998,0.121934859966655,409
"PR_12March2017_FIA18",2017-03-12,"2017_pre",4227.31883122956,"PR_28April2018_FIA23",2018-04-28,"2018_post",3500.77055775315,210.746376034177,0.0498534377102755,0.0601999967028509,412
"PR_11March2017_FIA23",2017-03-11,"2017_pre",3500.77055775315,"PR_28April2018_FIA18",2018-04-28,"2018_post",4156.3610495512,210.746376034177,0.0601999967028509,0.0507045402268249,413
"PR_8March2017_55",2017-03-08,"2017_pre",207.577619042068,"PR_29April2018_55",2018-04-29,"2018_post",207.577619042068,207.577619042072,1.00000000000002,1.00000000000002,417
"PR_14March2017_51",2017-03-14,"2017_pre",457.891674095378,"PR_30April2018_FIA32",2018-04-30,"2018_post",1321.05175965258,207.493854969064,0.453150530371609,0.157067165198457,412
"PR_1March2017_FIA15",2017-03-01,"2017_pre",3005.19465879851,"PR_22April2018_FIA211",2018-04-22,"2018_post",1827.45110625155,207.050028962028,0.0688973768656995,0.113299900749042,417
"PR_1March2017_FIA15",2017-03-01,"2017_pre",3005.19465879851,"PR_16March2020_FIA211",2020-03-16,"2020_recovery",1827.45110625155,207.050028962028,0.0688973768656995,0.113299900749042,1111
"PR_22April2018_FIA15",2018-04-22,"2018_post",3005.19465879851,"PR_16March2020_FIA211",2020-03-16,"2020_recovery",1827.45110625155,207.050028962028,0.0688973768656995,0.113299900749042,694
"PR_22April2018_FIA211",2018-04-22,"2018_post",1827.45110625155,"PR_15March2020_FIA15",2020-03-15,"2020_recovery",3005.19465879851,207.050028962026,0.113299900749041,0.0688973768656986,693
"PR_17March2017_EV3_bottomfill",2017-03-17,"2017_pre",718.785336380142,"PR_15March2020_EV3",2020-03-15,"2020_recovery",1232.2008101167,205.371772934029,0.285720593533942,0.166670701112896,1094
"PR_15March2017_75",2017-03-15,"2017_pre",2167.12493876305,"PR_30April2018_EV3",2018-04-30,"2018_post",1745.61707267648,204.774375534816,0.0944912643807683,0.117307729593206,411
"PR_5March2017_EV2",2017-03-05,"2017_pre",3491.30480985737,"PR_25April2018_FIA27",2018-04-25,"2018_post",2277.56361430417,203.294468709627,0.0582287940415986,0.0892596226216655,416
"PR_17March2017_EV3",2017-03-17,"2017_pre",1745.61710353762,"PR_25April2018_75",2018-04-25,"2018_post",2096.01324847876,203.220855934873,0.116417773131938,0.0969559023934443,404
"PR_8March2017_45_46",2017-03-08,"2017_pre",1605.50910863997,"PR_26April2018_FIA41",2018-04-26,"2018_post",688.425935674993,199.783910488052,0.124436485232581,0.290203927735765,414
"PR_15March2017_FIA32",2017-03-15,"2017_pre",1763.13071250667,"PR_30April2018_50",2018-04-30,"2018_post",797.357620168759,198.823247414857,0.112767162414287,0.249352664834102,411
"PR_11March2017_FIA12",2017-03-11,"2017_pre",2589.27498044359,"PR_28April2018_FIA13",2018-04-28,"2018_post",5301.40119067989,198.035215971875,0.0764828832270058,0.0373552592699511,413
"PR_11March2017_FIA12",2017-03-11,"2017_pre",2589.27498044359,"PR_15March2020_FIA13",2020-03-15,"2020_recovery",5190.98421606451,198.035215971875,0.0764828832270058,0.0381498397469629,1100
"PR_2May018_FIA12",2018-05-02,"2018_post",2589.27498044359,"PR_15March2020_FIA13",2020-03-15,"2020_recovery",5190.98421606451,198.035215971875,0.0764828832270058,0.0381498397469629,683
"PR_2March2017_FIA13",2017-03-02,"2017_pre",5301.40119067989,"PR_2May018_FIA12",2018-05-02,"2018_post",2589.27498044359,198.035215971874,0.0373552592699509,0.0764828832270053,426
"PR_2March2017_FIA13",2017-03-02,"2017_pre",5301.40119067989,"PR_15March2020_FIA12",2020-03-15,"2020_recovery",2379.01897729983,198.035215971874,0.0373552592699509,0.0832423859840926,1109
"PR_28April2018_FIA13",2018-04-28,"2018_post",5301.40119067989,"PR_15March2020_FIA12",2020-03-15,"2020_recovery",2379.01897729983,198.035215971874,0.0373552592699509,0.0832423859840926,687
"PR_14March2017_52",2017-03-14,"2017_pre",400.001842171504,"PR_30April2018_50",2018-04-30,"2018_post",797.357620168759,193.71289536909,0.484280008105649,0.24294355565084,412
"PR_12March2017_FIA18",2017-03-12,"2017_pre",4227.31883122956,"PR_2May018_FIA214",2018-05-02,"2018_post",1698.62918989383,192.84923610488,0.0456197518578905,0.113532274879213,416
"PR_15March2017_63_64_70",2017-03-15,"2017_pre",2443.2052383673,"PR_25April2018_61_62",2018-04-25,"2018_post",781.943510852459,190.401253914923,0.077930928980064,0.243497453808845,406
"PR_15March2017_63_64_70",2017-03-15,"2017_pre",2443.2052383673,"PR_30April2018_EV3",2018-04-30,"2018_post",1745.61707267648,186.665363489603,0.0764018349986609,0.106933740744983,411
"PR_15March2017_63_64_70",2017-03-15,"2017_pre",2443.2052383673,"PR_15March2020_EV3",2020-03-15,"2020_recovery",1232.2008101167,186.665363489603,0.0764018349986609,0.151489401692508,1096
"PR_17March2017_EV3_bottomfill",2017-03-17,"2017_pre",718.785336380142,"PR_25April2018_63_64_70",2018-04-25,"2018_post",934.65931451401,186.280588042439,0.259160250792764,0.199303195452878,404
"PR_15March2017_63_64_70",2017-03-15,"2017_pre",2443.2052383673,"PR_30April2018_FIA30",2018-04-30,"2018_post",1674.32689148572,186.185021882911,0.0762052319465928,0.111199923282423,411
"PR_14March2017_50",2017-03-14,"2017_pre",1199.96452888183,"PR_30April2018_52",2018-04-30,"2018_post",321.050559487309,186.013965598968,0.155016220164692,0.579391501126853,412
"PR_15March2017_69",2017-03-15,"2017_pre",550.254649581238,"PR_25April2018_63_64_70",2018-04-25,"2018_post",934.65931451401,182.529120997938,0.331717544116798,0.195289468754555,406
"PR_17March2017_EV3",2017-03-17,"2017_pre",1745.61710353762,"PR_25April2018_69",2018-04-25,"2018_post",379.130899400294,181.873594748831,0.10418871033072,0.479711875335185,404
"PR_8March2017_54",2017-03-08,"2017_pre",173.331406548627,"PR_26April2018_54",2018-04-26,"2018_post",173.331406548627,173.331406548627,0.999999999999999,0.999999999999999,414
"PR_5March2017_119b",2017-03-05,"2017_pre",471.093450866695,"PR_27April2018_118",2018-04-27,"2018_post",597.386569606332,172.558898841195,0.366294412549633,0.288856341304943,418
"PR_17March2017_EV1_topfill",2017-03-17,"2017_pre",4210.01595372347,"PR_25April2018_61_62",2018-04-25,"2018_post",781.943510852459,167.225483459967,0.039720866927373,0.213858777698227,404
"PR_14March2017_FIA24",2017-03-14,"2017_pre",2550.80387932373,"PR_28April2018_FIA18",2018-04-28,"2018_post",4156.3610495512,167.131198586057,0.0655209912219386,0.0402109433212265,410
"PR_17March2017_60",2017-03-17,"2017_pre",589.76264595599,"PR_30April2018_EV3",2018-04-30,"2018_post",1745.61707267648,165.135671909501,0.280003613388943,0.0946001700454876,409
"PR_13March2017_FIA39",2017-03-13,"2017_pre",1315.58261994028,"PR_30April2018_FIA35",2018-04-30,"2018_post",3009.85593925315,164.491981465638,0.125033562295848,0.0546511144671112,413
"PR_13March2017_FIA35",2017-03-13,"2017_pre",3567.66412372916,"PR_30April2018_FIA39",2018-04-30,"2018_post",1176.13453866373,164.491981465633,0.046106352997629,0.139858133621789,413
"PR_17March2017_green_algae",2017-03-17,"2017_pre",757.983133373282,"PR_25April2018_FIA221",2018-04-25,"2018_post",589.511377002288,163.162685932311,0.215258992909488,0.276776144273934,404
"PR_15March2017_BG_north_noon",2017-03-15,"2017_pre",923.760736851136,"PR_27April2018_109",2018-04-27,"2018_post",1163.1599762878,163.159410071318,0.176625183949133,0.140272544961561,408
"PR_10March2017_109",2017-03-10,"2017_pre",1463.17289499767,"PR_27April2018_109",2018-04-27,"2018_post",1163.1599762878,163.156125715964,0.111508439141926,0.14026972131269,413
"PR_10March2017_109",2017-03-10,"2017_pre",1463.17289499767,"PR_27April2018_109",2018-04-27,"2018_post",1163.1599762878,163.147620939422,0.111502626584455,0.140262409526937,413
"PR_10March2017_109",2017-03-10,"2017_pre",1463.17289499767,"PR_27April2018_109",2018-04-27,"2018_post",1163.1599762878,160.525529531728,0.109710568095224,0.138008126830535,413
"PR_14March2017_FIA2",2017-03-14,"2017_pre",3309.34315752125,"PR_29April2018_FIA202",2018-04-29,"2018_post",1494.35412691741,159.989880156992,0.0483449048773855,0.107062895785635,411
"PR_13March2017_FIA39",2017-03-13,"2017_pre",1315.58261994028,"PR_30April2018_FIA26",2018-04-30,"2018_post",5374.9713996577,159.587355398513,0.121305460394237,0.0296908287565355,413
"PR_13March2017_FIA26",2017-03-13,"2017_pre",5530.23476576839,"PR_30April2018_FIA39",2018-04-30,"2018_post",1176.13453866373,159.587355398511,0.0288572478670057,0.135688010301803,413
"PR_17March2017_EV1_topfill",2017-03-17,"2017_pre",4210.01595372347,"PR_15March2020_FIA28",2020-03-15,"2020_recovery",763.564167626223,159.53151378139,0.03789332761086,0.208930068415001,1094
"PR_17March2017_EV1_topfill",2017-03-17,"2017_pre",4210.01595372347,"PR_25April2018_FIA28",2018-04-25,"2018_post",710.902060318135,159.531513781386,0.0378933276108589,0.224407161951386,404
"PR_8March2017_FIA22",2017-03-08,"2017_pre",2564.45381349748,"PR_26April2018_FIA41",2018-04-26,"2018_post",688.425935674993,158.515799389181,0.0618126942099192,0.230258319994522,414
"PR_8March2017_FIA41",2017-03-08,"2017_pre",717.3354882279,"PR_29April2018_FIA22",2018-04-29,"2018_post",1973.26135539961,158.515799389179,0.220978610413902,0.0803318825230212,417
"PR_15March2017_69",2017-03-15,"2017_pre",550.254649581238,"PR_30April2018_EV3",2018-04-30,"2018_post",1745.61707267648,158.067894142629,0.2872631685401,0.0905512993753378,411
"PR_17March2017_EV3",2017-03-17,"2017_pre",1745.61710353762,"PR_25April2018_60",2018-04-25,"2018_post",313.3047488315,157.070145438631,0.0899797241447262,0.50133343342046,404
"PR_8March2017_FIA41",2017-03-08,"2017_pre",717.3354882279,"PR_26April2018_45",2018-04-26,"2018_post",659.499428624515,155.187500239826,0.21633880211782,0.2353110457783,414
"PR_15March2017_61",2017-03-15,"2017_pre",916.201634637128,"PR_25April2018_EV1",2018-04-25,"2018_post",2258.84246321329,154.506442967883,0.168638034605861,0.0684007165103898,406
"PR_17March2017_61_62",2017-03-17,"2017_pre",1226.88776119001,"PR_25April2018_EV1",2018-04-25,"2018_post",2258.84246321329,154.506442967883,0.125933641083859,0.0684007165103898,404
"PR_14March2017_50",2017-03-14,"2017_pre",1199.96452888183,"PR_30April2018_FIA32",2018-04-30,"2018_post",1321.05175965258,154.452599633958,0.128714304395215,0.116916387647504,412
"PR_14March2017_FIA7",2017-03-14,"2017_pre",1796.67211165573,"PR_29April2018_FIA6",2018-04-29,"2018_post",2185.78420352729,154.452050551192,0.0859656303168508,0.0706620764766926,411
"PR_2March2017_FIA37",2017-03-02,"2017_pre",2092.42719259872,"PR_2May018_FIA12_reservoir3",2018-05-02,"2018_post",1826.9249312354,154.382211381208,0.0737814017745922,0.0845038615116016,426
"PR_2May018_FIA12_reservoir3",2018-05-02,"2018_post",1826.9249312354,"PR_15March2020_FIA37",2020-03-15,"2020_recovery",2092.42719259872,154.382211381207,0.0845038615116008,0.0737814017745915,683
"PR_15March2017_EV2",2017-03-15,"2017_pre",3080.54771474428,"PR_25April2018_69",2018-04-25,"2018_post",379.130899400294,152.96545547338,0.049655278748402,0.403463436283719,406
"PR_12March2017_57",2017-03-12,"2017_pre",199.871669077425,"PR_29April2018_57",2018-04-29,"2018_post",152.540249119394,152.540249119395,0.763190950590928,1.00000000000001,413
"PR_15March2017_69",2017-03-15,"2017_pre",550.254649581238,"PR_25April2018_61_62",2018-04-25,"2018_post",781.943510852459,151.262105670694,0.274894734257693,0.193443776399898,406
"PR_15March2017_61",2017-03-15,"2017_pre",916.201634637128,"PR_25April2018_69",2018-04-25,"2018_post",379.130899400294,151.262105670691,0.165096961140656,0.398970661346664,406
"PR_17March2017_61_62",2017-03-17,"2017_pre",1226.88776119001,"PR_25April2018_69",2018-04-25,"2018_post",379.130899400294,151.262105670691,0.123289277516287,0.398970661346664,404
"PR_14March2017_51",2017-03-14,"2017_pre",457.891674095378,"PR_30April2018_50",2018-04-30,"2018_post",797.357620168759,146.854057806299,0.320717903631743,0.184175900614353,412
"PR_14March2017_50",2017-03-14,"2017_pre",1199.96452888183,"PR_30April2018_51",2018-04-30,"2018_post",394.734756338631,146.854057806285,0.122381999027195,0.37203224557278,412
"PR_17March2017_EV1_topfill",2017-03-17,"2017_pre",4210.01595372347,"PR_25April2018_60",2018-04-25,"2018_post",313.3047488315,144.237919267262,0.0342606585943442,0.460375783658598,404
"PR_15March2017_FIA32",2017-03-15,"2017_pre",1763.13071250667,"PR_30April2018_52",2018-04-30,"2018_post",321.050559487309,141.696687895627,0.0803665246657604,0.441353187865192,411
"PR_17March2017_BG_north_high_alt",2017-03-17,"2017_pre",750.028581066415,"PR_27April2018_109",2018-04-27,"2018_post",1163.1599762878,140.801033950704,0.187727557995868,0.121050446044463,406
"PR_17March2017_BG_north_low_alt",2017-03-17,"2017_pre",800.037423051929,"PR_27April2018_109",2018-04-27,"2018_post",1163.1599762878,140.801033950704,0.175993059691615,0.121050446044463,406
"PR_11March2017_FIA12",2017-03-11,"2017_pre",2589.27498044359,"PR_2May018_FIA12_reservoir2",2018-05-02,"2018_post",586.211015460915,138.987802946513,0.0536782705569194,0.237095174401035,417
"PR_2May018_FIA12_reservoir2",2018-05-02,"2018_post",586.211015460915,"PR_15March2020_FIA12",2020-03-15,"2020_recovery",2379.01897729983,138.987802946512,0.237095174401032,0.0584223178851065,683
"PR_8March2017_FIA22",2017-03-08,"2017_pre",2564.45381349748,"PR_29April2018_FIA6",2018-04-29,"2018_post",2185.78420352729,138.86911473775,0.0541515366768708,0.0635328567722519,417
"PR_8March2017_45_46",2017-03-08,"2017_pre",1605.50910863997,"PR_29April2018_FIA22",2018-04-29,"2018_post",1973.26135539961,138.278767733291,0.0861276756320786,0.0700762559175986,417
"PR_8March2017_FIA22",2017-03-08,"2017_pre",2564.45381349748,"PR_26April2018_45",2018-04-26,"2018_post",659.499428624515,138.278767733289,0.0539213328801193,0.209672308620025,414
"PR_3March2017_BG_am",2017-03-03,"2017_pre",1847.5044641386,"PR_27April2018_111",2018-04-27,"2018_post",926.356327735806,137.597237638162,0.0744773505607292,0.1485359720859,420
"PR_3March2017_BG_noon",2017-03-03,"2017_pre",1847.5044641386,"PR_27April2018_111",2018-04-27,"2018_post",926.356327735806,137.597237638162,0.0744773505607292,0.1485359720859,420
"PR_3March2017_BG_pm",2017-03-03,"2017_pre",1744.86255763123,"PR_27April2018_111",2018-04-27,"2018_post",926.356327735806,137.597237638162,0.0788584963534093,0.1485359720859,420
"PR_17March2017_61_62",2017-03-17,"2017_pre",1226.88776119001,"PR_25April2018_63_64_70",2018-04-25,"2018_post",934.65931451401,136.657671596173,0.111385634382417,0.146211212442932,404
"PR_15March2017_61",2017-03-15,"2017_pre",916.201634637128,"PR_25April2018_63_64_70",2018-04-25,"2018_post",934.65931451401,136.657671596171,0.149156764657264,0.14621121244293,406
"PR_14March2017_FIA2",2017-03-14,"2017_pre",3309.34315752125,"PR_29April2018_FIA7",2018-04-29,"2018_post",1394.73273766992,136.482711238522,0.0412416315691933,0.0978558167828875,411
"PR_14March2017_FIA7",2017-03-14,"2017_pre",1796.67211165573,"PR_22April2018_FIA2",2018-04-22,"2018_post",3083.45070721673,136.482711238522,0.0759641730692565,0.044262978136504,404
"PR_12March2017_FIA18",2017-03-12,"2017_pre",4227.31883122956,"PR_2May018_FIA215",2018-05-02,"2018_post",1538.08214810657,133.73284565421,0.031635381903596,0.0869477913249564,416
"PR_14March2017_FIA18",2017-03-14,"2017_pre",3235.96408859561,"PR_2May018_FIA215",2018-05-02,"2018_post",1538.08214810657,133.73284565421,0.0413270487535755,0.0869477913249564,414
"PR_15March2017_61",2017-03-15,"2017_pre",916.201634637128,"PR_25April2018_75",2018-04-25,"2018_post",2096.01324847876,132.7547977457,0.144896923042796,0.0633368123231334,406
"PR_17March2017_61_62",2017-03-17,"2017_pre",1226.88776119001,"PR_25April2018_75",2018-04-25,"2018_post",2096.01324847876,132.7547977457,0.108204517108342,0.0633368123231334,404
"PR_15March2017_75",2017-03-15,"2017_pre",2167.12493876305,"PR_25April2018_61_62",2018-04-25,"2018_post",781.943510852459,132.754797745694,0.0612584883183837,0.169775432500192,406
"PR_3March2017_BG0_am1",2017-03-03,"2017_pre",373.700794920437,"PR_27April2018_109",2018-04-27,"2018_post",1163.1599762878,132.078581875245,0.3534340404691,0.113551518765949,420
"PR_3March2017_BG0_am2",2017-03-03,"2017_pre",373.700794920437,"PR_27April2018_109",2018-04-27,"2018_post",1163.1599762878,132.078581875245,0.3534340404691,0.113551518765949,420
"PR_3March2017_BG0_noon1",2017-03-03,"2017_pre",373.700794920437,"PR_27April2018_109",2018-04-27,"2018_post",1163.1599762878,132.078581875245,0.3534340404691,0.113551518765949,420
"PR_3March2017_BG0_noon2",2017-03-03,"2017_pre",373.700794920437,"PR_27April2018_109",2018-04-27,"2018_post",1163.1599762878,132.078581875245,0.3534340404691,0.113551518765949,420
"PR_3March2017_BG0_noon3",2017-03-03,"2017_pre",373.700794920437,"PR_27April2018_109",2018-04-27,"2018_post",1163.1599762878,132.078581875245,0.3534340404691,0.113551518765949,420
"PR_3March2017_BG0_pm1",2017-03-03,"2017_pre",373.700794920437,"PR_27April2018_109",2018-04-27,"2018_post",1163.1599762878,132.078581875245,0.3534340404691,0.113551518765949,420
"PR_3March2017_BG0_pm2",2017-03-03,"2017_pre",373.700794920437,"PR_27April2018_109",2018-04-27,"2018_post",1163.1599762878,132.078581875245,0.3534340404691,0.113551518765949,420
"PR_5March2017_BG0_am",2017-03-05,"2017_pre",373.700794920437,"PR_27April2018_109",2018-04-27,"2018_post",1163.1599762878,132.078581875245,0.3534340404691,0.113551518765949,418
"PR_5March2017_BG0_noon",2017-03-05,"2017_pre",373.700794920437,"PR_27April2018_109",2018-04-27,"2018_post",1163.1599762878,132.078581875245,0.3534340404691,0.113551518765949,418
"PR_11March2017_BG0_am1",2017-03-11,"2017_pre",373.700794920437,"PR_27April2018_109",2018-04-27,"2018_post",1163.1599762878,132.078581875245,0.3534340404691,0.113551518765949,412
"PR_11March2017_BG0_am2",2017-03-11,"2017_pre",373.700794920437,"PR_27April2018_109",2018-04-27,"2018_post",1163.1599762878,132.078581875245,0.3534340404691,0.113551518765949,412
"PR_11March2017_BG0_am3",2017-03-11,"2017_pre",373.700794920437,"PR_27April2018_109",2018-04-27,"2018_post",1163.1599762878,132.078581875245,0.3534340404691,0.113551518765949,412
"PR_11March2017_BG0_am4",2017-03-11,"2017_pre",373.700794920437,"PR_27April2018_109",2018-04-27,"2018_post",1163.1599762878,132.078581875245,0.3534340404691,0.113551518765949,412
"PR_11March2017_BG0_noon1",2017-03-11,"2017_pre",373.700794920437,"PR_27April2018_109",2018-04-27,"2018_post",1163.1599762878,132.078581875245,0.3534340404691,0.113551518765949,412
"PR_11March2017_BG0_noon2",2017-03-11,"2017_pre",373.700794920437,"PR_27April2018_109",2018-04-27,"2018_post",1163.1599762878,132.078581875245,0.3534340404691,0.113551518765949,412
"PR_15March2017_BG0_am1",2017-03-15,"2017_pre",373.700794920437,"PR_27April2018_109",2018-04-27,"2018_post",1163.1599762878,132.078581875245,0.3534340404691,0.113551518765949,408
"PR_15March2017_BG0_am2",2017-03-15,"2017_pre",373.700794920437,"PR_27April2018_109",2018-04-27,"2018_post",1163.1599762878,132.078581875245,0.3534340404691,0.113551518765949,408
"PR_15March2017_BG0_am3",2017-03-15,"2017_pre",373.700794920437,"PR_27April2018_109",2018-04-27,"2018_post",1163.1599762878,132.078581875245,0.3534340404691,0.113551518765949,408
"PR_15March2017_BG0_noon1",2017-03-15,"2017_pre",373.700794920437,"PR_27April2018_109",2018-04-27,"2018_post",1163.1599762878,132.078581875245,0.3534340404691,0.113551518765949,408
"PR_15March2017_BG0_noon2",2017-03-15,"2017_pre",373.700794920437,"PR_27April2018_109",2018-04-27,"2018_post",1163.1599762878,132.078581875245,0.3534340404691,0.113551518765949,408
"PR_17March2017_BG0_high_alt",2017-03-17,"2017_pre",373.700794920437,"PR_27April2018_109",2018-04-27,"2018_post",1163.1599762878,132.078581875245,0.3534340404691,0.113551518765949,406
"PR_17March2017_BG0_low_alt",2017-03-17,"2017_pre",373.700794920437,"PR_27April2018_109",2018-04-27,"2018_post",1163.1599762878,132.078581875245,0.3534340404691,0.113551518765949,406
"PR_11March2017_FIA19",2017-03-11,"2017_pre",2145.36618507588,"PR_29April2018_FIA213",2018-04-29,"2018_post",1514.53087073074,130.951548821898,0.0610392527545437,0.0864634398364658,414
"PR_15March2017_65",2017-03-15,"2017_pre",663.44985297523,"PR_25April2018_EV1",2018-04-25,"2018_post",2258.84246321329,130.834879264997,0.19720387106617,0.0579212058369398,406
"PR_14March2017_50",2017-03-14,"2017_pre",1199.96452888183,"PR_30April2018_FIA26",2018-04-30,"2018_post",5374.9713996577,129.309697768592,0.107761266817684,0.0240577462006267,412
"PR_15March2017_EV2",2017-03-15,"2017_pre",3080.54771474428,"PR_25April2018_65",2018-04-25,"2018_post",529.179735276381,128.159999656935,0.0416029912614335,0.242186144165176,406
"PR_5March2017_EV2",2017-03-05,"2017_pre",3491.30480985737,"PR_25April2018_65",2018-04-25,"2018_post",529.179735276381,128.159999656932,0.0367083387549217,0.242186144165169,416
"PR_15March2017_63_64_70",2017-03-15,"2017_pre",2443.2052383673,"PR_25April2018_69",2018-04-25,"2018_post",379.130899400294,127.7381551347,0.0522830227803795,0.336923620144797,406
"PR_12March2017_FIA27",2017-03-12,"2017_pre",2838.39772697078,"PR_25April2018_75",2018-04-25,"2018_post",2096.01324847876,127.535519544182,0.0449322229694326,0.0608467144168791,409
"PR_13March2017_FIA27",2017-03-13,"2017_pre",2622.47873035041,"PR_25April2018_75",2018-04-25,"2018_post",2096.01324847876,127.535519544182,0.0486316697512894,0.060846714416879,408
"PR_15March2017_75",2017-03-15,"2017_pre",2167.12493876305,"PR_15March2020_EV3",2020-03-15,"2020_recovery",1232.2008101167,125.783032822212,0.0580414311018017,0.102079979001393,1096
"PR_25April2018_75",2018-04-25,"2018_post",2096.01324847876,"PR_15March2020_EV3",2020-03-15,"2020_recovery",1232.2008101167,125.783032822212,0.0600106096244871,0.102079979001393,690
"PR_15March2017_69",2017-03-15,"2017_pre",550.254649581238,"PR_25April2018_75",2018-04-25,"2018_post",2096.01324847876,124.196053114498,0.22570650372335,0.0592534676031447,406
"PR_15March2017_75",2017-03-15,"2017_pre",2167.12493876305,"PR_25April2018_69",2018-04-25,"2018_post",379.130899400294,124.196053114495,0.057309133817353,0.327580931311446,406
"PR_10March2017_110",2017-03-10,"2017_pre",2094.73684122883,"PR_27April2018_111",2018-04-27,"2018_post",926.356327735806,123.936128178191,0.0591654883510269,0.133788828842045,413
"PR_10March2017_111",2017-03-10,"2017_pre",926.356327735806,"PR_25April2018_110",2018-04-25,"2018_post",1684.24154958921,123.93612817819,0.133788828842044,0.0735857206517781,411
"PR_2May018_FIA12_reservoir3",2018-05-02,"2018_post",1826.9249312354,"PR_15March2020_FIA13",2020-03-15,"2020_recovery",5190.98421606451,123.284225441821,0.0674818233272752,0.0237496822009773,683
"PR_2March2017_FIA13",2017-03-02,"2017_pre",5301.40119067989,"PR_2May018_FIA12_reservoir3",2018-05-02,"2018_post",1826.9249312354,123.284225441819,0.0232550265500672,0.0674818233272737,426
"PR_11March2017_FIA23",2017-03-11,"2017_pre",3500.77055775315,"PR_30April2018_FIA217",2018-04-30,"2018_post",1757.07704060677,121.334102389118,0.0346592558373755,0.0690545147338661,415
"PR_1March2017_FIA16b",2017-03-01,"2017_pre",2964.5310555411,"PR_28April2018_FIA38",2018-04-28,"2018_post",1002.33389736415,119.438845417403,0.0402892879783316,0.119160736488602,423
"PR_2March2017_FIA16",2017-03-02,"2017_pre",3190.79973076543,"PR_28April2018_FIA38",2018-04-28,"2018_post",1002.33389736415,119.438845417402,0.0374322600900905,0.119160736488602,422
"PR_2March2017_FIA38",2017-03-02,"2017_pre",1002.33389736415,"PR_28April2018_FIA16",2018-04-28,"2018_post",3190.79973076543,119.438845417401,0.119160736488601,0.0374322600900902,422
"PR_14March2017_52",2017-03-14,"2017_pre",400.001842171504,"PR_30April2018_51",2018-04-30,"2018_post",394.734756338631,118.008561309156,0.295020044579093,0.298956601652581,412
"PR_14March2017_51",2017-03-14,"2017_pre",457.891674095378,"PR_30April2018_52",2018-04-30,"2018_post",321.050559487309,118.008561309152,0.257721570374243,0.367570022296805,412
"PR_10March2017_109",2017-03-10,"2017_pre",1463.17289499767,"PR_27April2018_111",2018-04-27,"2018_post",926.356327735806,116.215658542747,0.079427153783444,0.12545459567033,413
"PR_10March2017_111",2017-03-10,"2017_pre",926.356327735806,"PR_27April2018_109",2018-04-27,"2018_post",1163.1599762878,116.215658542746,0.125454595670328,0.0999137357817674,413
"PR_13March2017_BG0_long_am",2017-03-13,"2017_pre",2087.18661273669,"PR_27April2018_109",2018-04-27,"2018_post",1163.1599762878,114.481930548632,0.0548498777493233,0.0984232030696231,410
"PR_13March2017_BG0_long_noon_east",2017-03-13,"2017_pre",528.986184233756,"PR_27April2018_109",2018-04-27,"2018_post",1163.1599762878,114.481930548631,0.216417619137748,0.0984232030696228,410
"PR_17March2017_EV1_topfill",2017-03-17,"2017_pre",4210.01595372347,"PR_25April2018_65",2018-04-25,"2018_post",529.179735276381,113.094166358535,0.0268631206156146,0.213715981205267,404
"PR_15March2017_75",2017-03-15,"2017_pre",2167.12493876305,"PR_25April2018_60",2018-04-25,"2018_post",313.3047488315,110.285382613246,0.0508901820290039,0.3520067379271,406
"PR_11March2017_FIA12",2017-03-11,"2017_pre",2589.27498044359,"PR_2May018_FIA12_reservoir1",2018-05-02,"2018_post",599.354825243496,109.389123051633,0.0422470088645788,0.182511458061912,417
"PR_2May018_FIA12_reservoir1",2018-05-02,"2018_post",599.354825243496,"PR_15March2020_FIA12",2020-03-15,"2020_recovery",2379.01897729983,109.389123051632,0.182511458061911,0.0459807694244576,683
"PR_12March2017_58a",2017-03-12,"2017_pre",300.139233348699,"PR_30April2018_58",2018-04-30,"2018_post",284.350111540249,107.425103125555,0.357917563548748,0.377791668670929,414
"PR_15March2017_69",2017-03-15,"2017_pre",550.254649581238,"PR_25April2018_65",2018-04-25,"2018_post",529.179735276381,105.830683641399,0.192330375984899,0.199990053636739,406
"PR_17March2017_60",2017-03-17,"2017_pre",589.76264595599,"PR_25April2018_EV1",2018-04-25,"2018_post",2258.84246321329,103.466626050881,0.175437740522145,0.0458051536288614,404
"PR_17March2017_BG_north_low_alt",2017-03-17,"2017_pre",800.037423051929,"PR_27April2018_59",2018-04-27,"2018_post",865.990904580525,102.740360847988,0.128419443750595,0.118639076120267,406
"PR_15March2017_EV1",2017-03-15,"2017_pre",1334.75947015215,"PR_15March2020_EV1",2020-03-15,"2020_recovery",1642.79450242394,102.673553551802,0.0769228882415031,0.0624993286745893,1096
"PR_13March2017_FIA35",2017-03-13,"2017_pre",3567.66412372916,"PR_25April2018_48",2018-04-25,"2018_post",792.029506495543,101.475943372014,0.0284432446140543,0.128121417876223,408
"PR_13March2017_FIA36",2017-03-13,"2017_pre",1932.11090602755,"PR_30April2018_FIA33",2018-04-30,"2018_post",2355.64529493137,95.3882566283786,0.0493699695658249,0.040493471930441,413
"PR_12March2017_FIA21",2017-03-12,"2017_pre",2355.42704241187,"PR_28April2018_FIA18",2018-04-28,"2018_post",4156.3610495512,95.1794378759639,0.0404085697252179,0.0228997040298608,412
"PR_15March2017_75",2017-03-15,"2017_pre",2167.12493876305,"PR_25April2018_FIA28",2018-04-25,"2018_post",710.902060318135,91.6930045334979,0.0423108990595781,0.128981205220399,406
"PR_15March2017_75",2017-03-15,"2017_pre",2167.12493876305,"PR_15March2020_FIA28",2020-03-15,"2020_recovery",763.564167626223,91.6930045334979,0.0423108990595781,0.12008552577651,1096
"PR_25April2018_75",2018-04-25,"2018_post",2096.01324847876,"PR_15March2020_FIA28",2020-03-15,"2020_recovery",763.564167626223,91.6930045334979,0.043746385954405,0.12008552577651,690
"PR_15March2017_FIA28",2017-03-15,"2017_pre",997.901585323297,"PR_25April2018_75",2018-04-25,"2018_post",2096.01324847876,91.6930045334958,0.0918858190848443,0.043746385954404,406
"PR_13March2017_FIA26",2017-03-13,"2017_pre",5530.23476576839,"PR_30April2018_50",2018-04-30,"2018_post",797.357620168759,89.8014336367921,0.0162382678928305,0.112623785570377,413
"PR_15March2017_69",2017-03-15,"2017_pre",550.254649581238,"PR_15March2020_EV3",2020-03-15,"2020_recovery",1232.2008101167,89.6193005285453,0.162868774660511,0.0727310839213437,1096
"PR_25April2018_69",2018-04-25,"2018_post",379.130899400294,"PR_15March2020_EV3",2020-03-15,"2020_recovery",1232.2008101167,89.6193005285453,0.236380892906129,0.0727310839213437,690
"PR_15March2017_61",2017-03-15,"2017_pre",916.201634637128,"PR_25April2018_60",2018-04-25,"2018_post",313.3047488315,89.5092526704937,0.0976960193985518,0.285693890706499,406
"PR_17March2017_61_62",2017-03-17,"2017_pre",1226.88776119001,"PR_25April2018_60",2018-04-25,"2018_post",313.3047488315,89.5092526704937,0.0729563497998176,0.285693890706499,404
"PR_13March2017_FIA33",2017-03-13,"2017_pre",2676.73424106789,"PR_30April2018_FIA34",2018-04-30,"2018_post",1344.97123771446,89.3972328763314,0.0333978739856767,0.0664677655324778,413
"PR_13March2017_FIA34",2017-03-13,"2017_pre",1679.23419220406,"PR_30April2018_FIA33",2018-04-30,"2018_post",2355.64529493137,89.3972328763302,0.0532369060202336,0.0379502096808403,413
"PR_15March2017_FIA32",2017-03-15,"2017_pre",1763.13071250667,"PR_30April2018_FIA26",2018-04-30,"2018_post",5374.9713996577,88.9505087284357,0.0504503200457403,0.0165490199136874,411
"PR_8March2017_FIA22",2017-03-08,"2017_pre",2564.45381349748,"PR_29April2018_FIA8_10",2018-04-29,"2018_post",3918.67342010944,87.5699380607603,0.0341475980576659,0.0223468323773494,417
"PR_8March2017_FIA8_10",2017-03-08,"2017_pre",3986.92941842144,"PR_29April2018_FIA22",2018-04-29,"2018_post",1973.26135539961,87.5699380607587,0.0219642559148766,0.044378276512198,417
"PR_17March2017_198",2017-03-17,"2017_pre",736.968349936514,"PR_27April2018_130",2018-04-27,"2018_post",1058.16571342541,86.2763316450793,0.117069249517312,0.0815338567016999,406
"PR_5March2017_EV2",2017-03-05,"2017_pre",3491.30480985737,"PR_15March2020_FIA27",2020-03-15,"2020_recovery",1964.2349748927,86.1022643099949,0.0246619155299455,0.0438350123129735,1106
"PR_12March2017_58b",2017-03-12,"2017_pre",352.796614944363,"PR_30April2018_FIA223",2018-04-30,"2018_post",2369.31162969105,81.9527581923851,0.232294627331697,0.0345892693748655,414
"PR_5March2017_EV2",2017-03-05,"2017_pre",3491.30480985737,"PR_25April2018_69",2018-04-25,"2018_post",379.130899400294,80.7818631565154,0.0231380150276296,0.213071166935471,416
"PR_17March2017_197",2017-03-17,"2017_pre",1068.55696197446,"PR_27April2018_112_196",2018-04-27,"2018_post",494.819205475076,79.5470731240835,0.0744434559455754,0.160759873998242,406
"PR_17March2017_BG_north_high_alt",2017-03-17,"2017_pre",750.028581066415,"PR_27April2018_59",2018-04-27,"2018_post",865.990904580525,79.3548058939353,0.105802375932269,0.0916346874709656,406
"PR_13March2017_FIA26",2017-03-13,"2017_pre",5530.23476576839,"PR_30April2018_FIA217",2018-04-30,"2018_post",1757.07704060677,78.8857872058865,0.0142644554068811,0.0448960320935301,413
"PR_15March2017_75",2017-03-15,"2017_pre",2167.12493876305,"PR_30April2018_53",2018-04-30,"2018_post",218.579122462735,78.0060278808083,0.0359951687535526,0.356877761251454,411
"PR_15March2017_53",2017-03-15,"2017_pre",308.126582080165,"PR_25April2018_75",2018-04-25,"2018_post",2096.01324847876,78.006027880805,0.253162279457312,0.0372163811165889,406
"PR_13March2017_BG0_long_am",2017-03-13,"2017_pre",2087.18661273669,"PR_25April2018_110",2018-04-25,"2018_post",1684.24154958921,77.4973274352492,0.0371300424036525,0.0460131905985521,408
"PR_13March2017_BG0_long_noon_west",2017-03-13,"2017_pre",473.652361403484,"PR_25April2018_110",2018-04-25,"2018_post",1684.24154958921,77.4973274352487,0.163616470116639,0.0460131905985518,408
"PR_15March2017_65",2017-03-15,"2017_pre",663.44985297523,"PR_25April2018_63_64_70",2018-04-25,"2018_post",934.65931451401,76.3694854601732,0.115109657674496,0.0817083661118625,406
"PR_17March2017_199",2017-03-17,"2017_pre",1221.0145299697,"PR_28April2018_117",2018-04-28,"2018_post",563.049185959782,74.8241734624271,0.0612803301073606,0.132891007265876,407
"PR_15March2017_65",2017-03-15,"2017_pre",663.44985297523,"PR_15March2020_EV1",2020-03-15,"2020_recovery",1642.79450242394,74.0733145808935,0.111648701478662,0.0450898237555571,1096
"PR_15March2017_75",2017-03-15,"2017_pre",2167.12493876305,"PR_25April2018_FIA27",2018-04-25,"2018_post",2277.56361430417,73.951439933553,0.0341242161957506,0.0324695387075483,406
"PR_10March2017_110",2017-03-10,"2017_pre",2094.73684122883,"PR_25April2018_FIA221",2018-04-25,"2018_post",589.511377002288,72.2506984797373,0.0344915394896826,0.122560312316851,411
"PR_2March2017_FIA13",2017-03-02,"2017_pre",5301.40119067989,"PR_22April2018_FIA37",2018-04-22,"2018_post",2092.42719259872,71.8157502416521,0.0135465601750548,0.0343217439037673,416
"PR_2March2017_FIA13",2017-03-02,"2017_pre",5301.40119067989,"PR_15March2020_FIA37",2020-03-15,"2020_recovery",2092.42719259872,71.8157502416521,0.0135465601750548,0.0343217439037673,1109
"PR_28April2018_FIA13",2018-04-28,"2018_post",5301.40119067989,"PR_15March2020_FIA37",2020-03-15,"2020_recovery",2092.42719259872,71.8157502416521,0.0135465601750548,0.0343217439037673,687
"PR_2March2017_FIA37",2017-03-02,"2017_pre",2092.42719259872,"PR_28April2018_FIA13",2018-04-28,"2018_post",5301.40119067989,71.8157502416518,0.0343217439037671,0.0135465601750547,422
"PR_2March2017_FIA37",2017-03-02,"2017_pre",2092.42719259872,"PR_15March2020_FIA13",2020-03-15,"2020_recovery",5190.98421606451,71.8157502416518,0.0343217439037671,0.0138347078805218,1109
"PR_22April2018_FIA37",2018-04-22,"2018_post",2092.42719259872,"PR_15March2020_FIA13",2020-03-15,"2020_recovery",5190.98421606451,71.8157502416518,0.0343217439037671,0.0138347078805218,693
"PR_12March2017_FIA27",2017-03-12,"2017_pre",2838.39772697078,"PR_25April2018_EV2",2018-04-25,"2018_post",2567.16618869698,71.2993969482624,0.0251195934490671,0.0277735805582778,409
"PR_13March2017_FIA27",2017-03-13,"2017_pre",2622.47873035041,"PR_25April2018_EV2",2018-04-25,"2018_post",2567.16618869698,71.2993969482624,0.0271877884549079,0.0277735805582778,408
"PR_17March2017_EV1_topfill",2017-03-17,"2017_pre",4210.01595372347,"PR_25April2018_69",2018-04-25,"2018_post",379.130899400294,69.785024298934,0.0165759524586157,0.18406577888882,404
"PR_15March2017_63_64_70",2017-03-15,"2017_pre",2443.2052383673,"PR_25April2018_60",2018-04-25,"2018_post",313.3047488315,66.7483149106622,0.0273199786339962,0.213045972522301,406
"PR_15March2017_61",2017-03-15,"2017_pre",916.201634637128,"PR_25April2018_65",2018-04-25,"2018_post",529.179735276381,63.9692518761063,0.069820058661478,0.120883789782117,406
"PR_17March2017_61_62",2017-03-17,"2017_pre",1226.88776119001,"PR_25April2018_65",2018-04-25,"2018_post",529.179735276381,63.9692518761063,0.0521394490185961,0.120883789782117,404
"PR_3March2017_BG0_am1",2017-03-03,"2017_pre",373.700794920437,"PR_27April2018_111",2018-04-27,"2018_post",926.356327735806,60.8402196967855,0.162804630131276,0.0656769084154591,420
"PR_3March2017_BG0_am2",2017-03-03,"2017_pre",373.700794920437,"PR_27April2018_111",2018-04-27,"2018_post",926.356327735806,60.8402196967855,0.162804630131276,0.0656769084154591,420
"PR_3March2017_BG0_noon1",2017-03-03,"2017_pre",373.700794920437,"PR_27April2018_111",2018-04-27,"2018_post",926.356327735806,60.8402196967855,0.162804630131276,0.0656769084154591,420
"PR_3March2017_BG0_noon2",2017-03-03,"2017_pre",373.700794920437,"PR_27April2018_111",2018-04-27,"2018_post",926.356327735806,60.8402196967855,0.162804630131276,0.0656769084154591,420
"PR_3March2017_BG0_noon3",2017-03-03,"2017_pre",373.700794920437,"PR_27April2018_111",2018-04-27,"2018_post",926.356327735806,60.8402196967855,0.162804630131276,0.0656769084154591,420
"PR_3March2017_BG0_pm1",2017-03-03,"2017_pre",373.700794920437,"PR_27April2018_111",2018-04-27,"2018_post",926.356327735806,60.8402196967855,0.162804630131276,0.0656769084154591,420
"PR_3March2017_BG0_pm2",2017-03-03,"2017_pre",373.700794920437,"PR_27April2018_111",2018-04-27,"2018_post",926.356327735806,60.8402196967855,0.162804630131276,0.0656769084154591,420
"PR_5March2017_BG0_am",2017-03-05,"2017_pre",373.700794920437,"PR_27April2018_111",2018-04-27,"2018_post",926.356327735806,60.8402196967855,0.162804630131276,0.0656769084154591,418
"PR_5March2017_BG0_noon",2017-03-05,"2017_pre",373.700794920437,"PR_27April2018_111",2018-04-27,"2018_post",926.356327735806,60.8402196967855,0.162804630131276,0.0656769084154591,418
"PR_11March2017_BG0_am1",2017-03-11,"2017_pre",373.700794920437,"PR_27April2018_111",2018-04-27,"2018_post",926.356327735806,60.8402196967855,0.162804630131276,0.0656769084154591,412
"PR_11March2017_BG0_am2",2017-03-11,"2017_pre",373.700794920437,"PR_27April2018_111",2018-04-27,"2018_post",926.356327735806,60.8402196967855,0.162804630131276,0.0656769084154591,412
"PR_11March2017_BG0_am3",2017-03-11,"2017_pre",373.700794920437,"PR_27April2018_111",2018-04-27,"2018_post",926.356327735806,60.8402196967855,0.162804630131276,0.0656769084154591,412
"PR_11March2017_BG0_am4",2017-03-11,"2017_pre",373.700794920437,"PR_27April2018_111",2018-04-27,"2018_post",926.356327735806,60.8402196967855,0.162804630131276,0.0656769084154591,412
"PR_11March2017_BG0_noon1",2017-03-11,"2017_pre",373.700794920437,"PR_27April2018_111",2018-04-27,"2018_post",926.356327735806,60.8402196967855,0.162804630131276,0.0656769084154591,412
"PR_11March2017_BG0_noon2",2017-03-11,"2017_pre",373.700794920437,"PR_27April2018_111",2018-04-27,"2018_post",926.356327735806,60.8402196967855,0.162804630131276,0.0656769084154591,412
"PR_15March2017_BG0_am1",2017-03-15,"2017_pre",373.700794920437,"PR_27April2018_111",2018-04-27,"2018_post",926.356327735806,60.8402196967855,0.162804630131276,0.0656769084154591,408
"PR_15March2017_BG0_am2",2017-03-15,"2017_pre",373.700794920437,"PR_27April2018_111",2018-04-27,"2018_post",926.356327735806,60.8402196967855,0.162804630131276,0.0656769084154591,408
"PR_15March2017_BG0_am3",2017-03-15,"2017_pre",373.700794920437,"PR_27April2018_111",2018-04-27,"2018_post",926.356327735806,60.8402196967855,0.162804630131276,0.0656769084154591,408
"PR_15March2017_BG0_noon1",2017-03-15,"2017_pre",373.700794920437,"PR_27April2018_111",2018-04-27,"2018_post",926.356327735806,60.8402196967855,0.162804630131276,0.0656769084154591,408
"PR_15March2017_BG0_noon2",2017-03-15,"2017_pre",373.700794920437,"PR_27April2018_111",2018-04-27,"2018_post",926.356327735806,60.8402196967855,0.162804630131276,0.0656769084154591,408
"PR_17March2017_BG0_high_alt",2017-03-17,"2017_pre",373.700794920437,"PR_27April2018_111",2018-04-27,"2018_post",926.356327735806,60.8402196967855,0.162804630131276,0.0656769084154591,406
"PR_17March2017_BG0_low_alt",2017-03-17,"2017_pre",373.700794920437,"PR_27April2018_111",2018-04-27,"2018_post",926.356327735806,60.8402196967855,0.162804630131276,0.0656769084154591,406
"PR_5March2017_EV1",2017-03-05,"2017_pre",2464.17596353474,"PR_25April2018_60",2018-04-25,"2018_post",313.3047488315,59.4794507713825,0.0241376637267665,0.189845353424156,416
"PR_12March2017_Guayama",2017-03-12,"2017_pre",147.365781295453,"PR_25April2018_49",2018-04-25,"2018_post",770.951506818218,58.5535501487687,0.397334779037847,0.0759497187967427,409
"PR_15March2017_75",2017-03-15,"2017_pre",2167.12493876305,"PR_25April2018_63_64_70",2018-04-25,"2018_post",934.65931451401,57.5923127623564,0.0265754464508303,0.0616185083356306,406
"PR_15March2017_63_64_70",2017-03-15,"2017_pre",2443.2052383673,"PR_25April2018_75",2018-04-25,"2018_post",2096.01324847876,57.5923127623524,0.0235724415853165,0.0274770747771522,406
"PR_10March2017_59",2017-03-10,"2017_pre",452.698219322339,"PR_24April2018_BG",2018-04-24,"2018_post",2155.41717676522,56.4854715275157,0.124775113125187,0.0262062825407596,410
"PR_5March2017_59",2017-03-05,"2017_pre",1102.92525440709,"PR_24April2018_BG",2018-04-24,"2018_post",2155.41717676522,56.4854715275152,0.0512142335138392,0.0262062825407593,415
"PR_3March2017_BG_am",2017-03-03,"2017_pre",1847.5044641386,"PR_27April2018_59",2018-04-27,"2018_post",865.990904580525,56.4854715275139,0.0305739296569712,0.0652264027586695,420
"PR_3March2017_BG_noon",2017-03-03,"2017_pre",1847.5044641386,"PR_27April2018_59",2018-04-27,"2018_post",865.990904580525,56.4854715275139,0.0305739296569712,0.0652264027586695,420
"PR_3March2017_BG_pm",2017-03-03,"2017_pre",1744.86255763123,"PR_27April2018_59",2018-04-27,"2018_post",865.990904580525,56.4854715275139,0.0323724474919084,0.0652264027586695,420
"PR_15March2017_BG_north_noon",2017-03-15,"2017_pre",923.760736851136,"PR_27April2018_59",2018-04-27,"2018_post",865.990904580525,56.4854715275139,0.0611472963443525,0.0652264027586695,408
"PR_15March2017_112_196",2017-03-15,"2017_pre",494.819205475076,"PR_27April2018_108",2018-04-27,"2018_post",481.697982862565,54.8829983746766,0.110915255041452,0.113936533527763,408
"PR_5March2017_108",2017-03-05,"2017_pre",481.697982862565,"PR_27April2018_112_196",2018-04-27,"2018_post",494.819205475076,54.8829983746758,0.113936533527761,0.11091525504145,418
"PR_13March2017_BG0_long_noon_east",2017-03-13,"2017_pre",528.986184233756,"PR_27April2018_111",2018-04-27,"2018_post",926.356327735806,54.5376258534758,0.103098393642311,0.0588732696270087,410
"PR_13March2017_BG0_long_am",2017-03-13,"2017_pre",2087.18661273669,"PR_27April2018_111",2018-04-27,"2018_post",926.356327735806,54.5376258534745,0.0261297315346256,0.0588732696270073,410
"PR_13March2017_FIA34",2017-03-13,"2017_pre",1679.23419220406,"PR_30April2018_FIA32",2018-04-30,"2018_post",1321.05175965258,51.6559621600565,0.0307616188378443,0.0391021485589947,413
"PR_17March2017_60",2017-03-17,"2017_pre",589.76264595599,"PR_25April2018_69",2018-04-25,"2018_post",379.130899400294,51.453683384243,0.0872447309728101,0.135714824261573,404
"PR_15March2017_69",2017-03-15,"2017_pre",550.254649581238,"PR_25April2018_60",2018-04-25,"2018_post",313.3047488315,51.4536833842412,0.0935088570780804,0.164228865269814,406
"PR_12March2017_FIA27",2017-03-12,"2017_pre",2838.39772697078,"PR_25April2018_66",2018-04-25,"2018_post",392.308641993015,50.279607956931,0.0177140812505479,0.128163396303226,409
"PR_12March2017_FIA27",2017-03-12,"2017_pre",2838.39772697078,"PR_15March2020_66",2020-03-15,"2020_recovery",337.019114905358,50.279607956931,0.0177140812505479,0.149189187595637,1099
"PR_17March2017_EV1_topfill",2017-03-17,"2017_pre",4210.01595372347,"PR_25April2018_75",2018-04-25,"2018_post",2096.01324847876,50.1136169298075,0.0119034268469899,0.0239090172574906,404
"PR_17March2017_EV2",2017-03-17,"2017_pre",2156.39101995468,"PR_25April2018_69",2018-04-25,"2018_post",379.130899400294,49.6899514151677,0.0230431081169185,0.131062784631289,404
"PR_3March2017_BG_south5",2017-03-03,"2017_pre",542.175049219864,"PR_27April2018_111",2018-04-27,"2018_post",926.356327735806,49.0998352842775,0.0905608536485168,0.0530031844271923,420
"PR_14March2017_FIA11",2017-03-14,"2017_pre",3164.21460833201,"PR_2May018_FIA12_reservoir5",2018-05-02,"2018_post",365.259602498278,47.1047217795876,0.0148867025819145,0.128962309156019,414
"PR_2May018_FIA12_reservoir5",2018-05-02,"2018_post",365.259602498278,"PR_15March2020_FIA13",2020-03-15,"2020_recovery",5190.98421606451,46.6918226039052,0.127831882542021,0.0089947918661375,683
"PR_2March2017_FIA13",2017-03-02,"2017_pre",5301.40119067989,"PR_2May018_FIA12_reservoir5",2018-05-02,"2018_post",365.259602498278,46.6918226039039,0.00880744937508036,0.127831882542018,426
"PR_11March2017_mtn_transit",2017-03-11,"2017_pre",707.75184599725,"PR_28April2018_FIA38",2018-04-28,"2018_post",1002.33389736415,46.5422668070144,0.0657607141122104,0.0464338948621884,413
"PR_3March2017_BG_south3",2017-03-03,"2017_pre",544.795293420159,"PR_27April2018_111",2018-04-27,"2018_post",926.356327735806,46.0330211732969,0.0844959964398868,0.0496925640760834,420
"PR_14March2017_52",2017-03-14,"2017_pre",400.001842171504,"PR_30April2018_FIA32",2018-04-30,"2018_post",1321.05175965258,45.7851286112535,0.114462294380191,0.0346580883577904,412
"PR_10March2017_109",2017-03-10,"2017_pre",1463.17289499767,"PR_27April2018_109",2018-04-27,"2018_post",1163.1599762878,44.738480109758,0.0305763455998337,0.0384628778687349,413
"PR_15March2017_63_64_70",2017-03-15,"2017_pre",2443.2052383673,"PR_15March2020_EV1",2020-03-15,"2020_recovery",1642.79450242394,44.272180972984,0.0181205329285269,0.026949311619719,1096
"PR_17March2017_60",2017-03-17,"2017_pre",589.76264595599,"PR_15March2020_EV1",2020-03-15,"2020_recovery",1642.79450242394,43.9871752794985,0.0745845393585353,0.0267758232783197,1094
"PR_25April2018_60",2018-04-25,"2018_post",313.3047488315,"PR_15March2020_EV1",2020-03-15,"2020_recovery",1642.79450242394,43.987175279497,0.140397410009109,0.0267758232783188,690
"PR_15March2017_65",2017-03-15,"2017_pre",663.44985297523,"PR_25April2018_61_62",2018-04-25,"2018_post",781.943510852459,43.4656915305846,0.0655146599786908,0.0555867411486019,406
"PR_17March2017_60",2017-03-17,"2017_pre",589.76264595599,"PR_25April2018_61_62",2018-04-25,"2018_post",781.943510852459,42.9105609613918,0.0727590349365631,0.0548768042267037,404
"PR_5March2017_EV2",2017-03-05,"2017_pre",3491.30480985737,"PR_25April2018_60",2018-04-25,"2018_post",313.3047488315,41.7821058898825,0.0119674758193311,0.133359312444873,416
"PR_15March2017_EV2",2017-03-15,"2017_pre",3080.54771474428,"PR_25April2018_60",2018-04-25,"2018_post",313.3047488315,41.7821058898825,0.0135632068576321,0.133359312444873,406
"PR_8March2017_80",2017-03-08,"2017_pre",388.907967290078,"PR_29April2018_209",2018-04-29,"2018_post",294.315623791106,39.6866973412327,0.102046501175512,0.134844004643807,417
"PR_3March2017_BG_south5",2017-03-03,"2017_pre",542.175049219864,"PR_25April2018_110",2018-04-25,"2018_post",1684.24154958921,39.4473430934561,0.0727575773732431,0.0234214285374193,418
"PR_17March2017_EV1_topfill",2017-03-17,"2017_pre",4210.01595372347,"PR_30April2018_FIA30",2018-04-30,"2018_post",1674.32689148572,38.6377200159565,0.00917757092625363,0.0230765689856842,409
"PR_5March2017_59",2017-03-05,"2017_pre",1102.92525440709,"PR_27April2018_116",2018-04-27,"2018_post",347.537076023515,37.8009433140911,0.0342733500416691,0.10876808813208,418
"PR_3March2017_BG_south2",2017-03-03,"2017_pre",592.151332341831,"PR_27April2018_111",2018-04-27,"2018_post",926.356327735806,37.0916607561281,0.0626388200621597,0.0400403814877449,420
"PR_17March2017_EV1_topfill",2017-03-17,"2017_pre",4210.01595372347,"PR_25April2018_63_64_70",2018-04-25,"2018_post",934.65931451401,36.7517274164796,0.00872959338407619,0.039320987707258,404
"PR_15March2017_EV1",2017-03-15,"2017_pre",1334.75947015215,"PR_25April2018_60",2018-04-25,"2018_post",313.3047488315,36.5649539311484,0.0273944143112018,0.116707308355589,406
"PR_13March2017_FIA34",2017-03-13,"2017_pre",1679.23419220406,"PR_30April2018_50",2018-04-30,"2018_post",797.357620168759,36.3033071910326,0.0216189661689673,0.0455295168350547,413
"PR_15March2017_BG_north_noon",2017-03-15,"2017_pre",923.760736851136,"PR_27April2018_111",2018-04-27,"2018_post",926.356327735806,35.8834346965173,0.0388449446539964,0.0387361036160064,408
"PR_5March2017_119a",2017-03-05,"2017_pre",771.094663339714,"PR_27April2018_199",2018-04-27,"2018_post",728.992610534713,35.7613526741056,0.0463773831856369,0.0490558507141448,418
"PR_17March2017_199",2017-03-17,"2017_pre",1221.0145299697,"PR_27April2018_119",2018-04-27,"2018_post",626.337242606368,35.7613526741051,0.0292882285970769,0.0570960023473805,406
"PR_3March2017_BG_south7",2017-03-03,"2017_pre",442.163424935494,"PR_27April2018_111",2018-04-27,"2018_post",926.356327735806,35.6459052884212,0.0806170372269519,0.0384796910445322,420
"PR_10March2017_RioGrande",2017-03-10,"2017_pre",194.82778585206,"PR_27April2018_59",2018-04-27,"2018_post",865.990904580525,35.5243553619146,0.182337212356812,0.0410216264097164,413
"PR_10March2017_118",2017-03-10,"2017_pre",597.386569606332,"PR_27April2018_109",2018-04-27,"2018_post",1163.1599762878,33.8684528399528,0.0566943660321516,0.0291176222793045,413
"PR_10March2017_109",2017-03-10,"2017_pre",1463.17289499767,"PR_27April2018_118",2018-04-27,"2018_post",597.386569606332,33.8684528399526,0.0231472664342968,0.0566943660321513,413
"PR_3March2017_BG_south7",2017-03-03,"2017_pre",442.163424935494,"PR_25April2018_110",2018-04-25,"2018_post",1684.24154958921,33.2669617052526,0.0752368012123705,0.0197518946812388,418
"PR_15March2017_69",2017-03-15,"2017_pre",550.254649581238,"PR_25April2018_EV2",2018-04-25,"2018_post",2567.16618869698,31.0919117413506,0.0565045870398598,0.012111374743967,406
"PR_17March2017_EV2",2017-03-17,"2017_pre",2156.39101995468,"PR_25April2018_65",2018-04-25,"2018_post",529.179735276381,30.4710596487873,0.0141305817761325,0.0575816827771623,404
"PR_17March2017_EV3_bottomfill",2017-03-17,"2017_pre",718.785336380142,"PR_25April2018_61_62",2018-04-25,"2018_post",781.943510852459,28.5130369121954,0.0396683619838285,0.0364643180951921,404
"PR_5March2017_EV1",2017-03-05,"2017_pre",2464.17596353474,"PR_25April2018_61_62",2018-04-25,"2018_post",781.943510852459,27.87293224224,0.0113112588770883,0.035645710790353,416
"PR_15March2017_EV1",2017-03-15,"2017_pre",1334.75947015215,"PR_25April2018_61_62",2018-04-25,"2018_post",781.943510852459,27.87293224224,0.0208823633512506,0.035645710790353,406
"PR_8March2017_FIA9",2017-03-08,"2017_pre",735.379010574767,"PR_26April2018_71",2018-04-26,"2018_post",257.370237800333,27.8417395210718,0.0378603946002089,0.108177774396243,414
"PR_8March2017_71",2017-03-08,"2017_pre",257.370237800333,"PR_26April2018_FIA9",2018-04-26,"2018_post",735.379010574767,27.8417395210717,0.108177774396242,0.0378603946002087,414
"PR_15March2017_65",2017-03-15,"2017_pre",663.44985297523,"PR_30April2018_FIA30",2018-04-30,"2018_post",1674.32689148572,27.6296728506282,0.0416454577941699,0.0165019584832152,411
"PR_15March2017_61",2017-03-15,"2017_pre",916.201634637128,"PR_15March2020_EV1",2020-03-15,"2020_recovery",1642.79450242394,27.0050912384902,0.0294750524530399,0.0164385084066475,1096
"PR_17March2017_61_62",2017-03-17,"2017_pre",1226.88776119001,"PR_15March2020_EV1",2020-03-15,"2020_recovery",1642.79450242394,27.0050912384902,0.0220110527570157,0.0164385084066475,1094
"PR_25April2018_61_62",2018-04-25,"2018_post",781.943510852459,"PR_15March2020_EV1",2020-03-15,"2020_recovery",1642.79450242394,27.0050912384902,0.0345358595137516,0.0164385084066475,690
"PR_17March2017_BG_north_high_alt",2017-03-17,"2017_pre",750.028581066415,"PR_27April2018_111",2018-04-27,"2018_post",926.356327735806,26.9947677183623,0.0359916520514195,0.0291408035008976,406
"PR_17March2017_BG_north_low_alt",2017-03-17,"2017_pre",800.037423051929,"PR_27April2018_111",2018-04-27,"2018_post",926.356327735806,26.9947677183623,0.0337418812427354,0.0291408035008976,406
"PR_15March2017_65",2017-03-15,"2017_pre",663.44985297523,"PR_25April2018_60",2018-04-25,"2018_post",313.3047488315,25.7484664274607,0.0388099662875681,0.0821834540443196,406
"PR_2May018_Rio_Abajo",2018-05-02,"2018_post",3587.79398920031,"PR_15March2020_FIA37",2020-03-15,"2020_recovery",2092.42719259872,24.4649010350442,0.00681892581031311,0.0116921157981414,683
"PR_2March2017_FIA37",2017-03-02,"2017_pre",2092.42719259872,"PR_2May018_Rio_Abajo",2018-05-02,"2018_post",3587.79398920031,24.4649010350436,0.0116921157981411,0.00681892581031293,426
"PR_15March2017_EV1_topfill",2017-03-15,"2017_pre",439.678387364855,"PR_30April2018_FIA30",2018-04-30,"2018_post",1674.32689148572,24.4014320299283,0.055498365921906,0.0145738757192602,411
"PR_10March2017_118",2017-03-10,"2017_pre",597.386569606332,"PR_27April2018_199",2018-04-27,"2018_post",728.992610534713,23.2733743421481,0.0389586501040437,0.0319253912945388,413
"PR_17March2017_199",2017-03-17,"2017_pre",1221.0145299697,"PR_27April2018_118",2018-04-27,"2018_post",597.386569606332,23.2733743421479,0.0190606858238824,0.0389586501040435,406
"PR_25April2018_63_64_70",2018-04-25,"2018_post",934.65931451401,"PR_15March2020_EV3",2020-03-15,"2020_recovery",1232.2008101167,22.8257231950924,0.024421436603305,0.0185243533421558,690
"PR_17March2017_EV3",2017-03-17,"2017_pre",1745.61710353762,"PR_25April2018_63_64_70",2018-04-25,"2018_post",934.65931451401,22.8257231950917,0.0130760194482706,0.0244214366033042,404
"PR_13March2017_FIA34",2017-03-13,"2017_pre",1679.23419220406,"PR_30April2018_51",2018-04-30,"2018_post",394.734756338631,22.6246301859074,0.0134731833659316,0.0573160326588987,413
"PR_8March2017_43",2017-03-08,"2017_pre",848.264922798805,"PR_26April2018_115",2018-04-26,"2018_post",425.489547954082,21.6696703260249,0.0255458757560397,0.0509287958546128,414
"PR_17March2017_60",2017-03-17,"2017_pre",589.76264595599,"PR_15March2020_EV3",2020-03-15,"2020_recovery",1232.2008101167,21.2605860506629,0.0360493941019272,0.0172541568517954,1094
"PR_25April2018_60",2018-04-25,"2018_post",313.3047488315,"PR_15March2020_EV3",2020-03-15,"2020_recovery",1232.2008101167,21.2605860506629,0.067859124797681,0.0172541568517954,690
"PR_17March2017_green_algae",2017-03-17,"2017_pre",757.983133373282,"PR_25April2018_FIA31",2018-04-25,"2018_post",1713.02489972023,20.4903266625382,0.0270326947399862,0.011961487930435,404
"PR_11March2017_FIA19",2017-03-11,"2017_pre",2145.36618507588,"PR_2May018_FIA12",2018-05-02,"2018_post",2589.27498044359,19.9955721972336,0.00932035394998379,0.00772245989640235,417
"PR_11March2017_FIA19",2017-03-11,"2017_pre",2145.36618507588,"PR_15March2020_FIA12",2020-03-15,"2020_recovery",2379.01897729983,19.9955721972336,0.00932035394998379,0.00840496540297819,1100
"PR_28April2018_FIA19",2018-04-28,"2018_post",1835.12909204978,"PR_15March2020_FIA12",2020-03-15,"2020_recovery",2379.01897729983,19.9955721972336,0.0108960030571469,0.00840496540297819,687
"PR_11March2017_FIA12",2017-03-11,"2017_pre",2589.27498044359,"PR_28April2018_FIA19",2018-04-28,"2018_post",1835.12909204978,19.9955721972331,0.00772245989640217,0.0108960030571466,413
"PR_15March2017_65",2017-03-15,"2017_pre",663.44985297523,"PR_25April2018_69",2018-04-25,"2018_post",379.130899400294,19.3744532562764,0.0292025888157063,0.051102279679453,406
"PR_10March2017_109",2017-03-10,"2017_pre",1463.17289499767,"PR_27April2018_199",2018-04-27,"2018_post",728.992610534713,18.618403281577,0.0127246775451008,0.0255399067322788,413
"PR_17March2017_199",2017-03-17,"2017_pre",1221.0145299697,"PR_27April2018_109",2018-04-27,"2018_post",1163.1599762878,18.6184032815764,0.0152483060803858,0.0160067434068671,406
"PR_15March2017_EV1_topfill",2017-03-15,"2017_pre",439.678387364855,"PR_25April2018_60",2018-04-25,"2018_post",313.3047488315,17.2724443478834,0.0392842696940442,0.0551298517252056,406
"PR_11March2017_FIA23",2017-03-11,"2017_pre",3500.77055775315,"PR_2May018_FIA214",2018-05-02,"2018_post",1698.62918989383,17.0409361626612,0.00486776721911143,0.0100321696248057,417
"PR_17March2017_198",2017-03-17,"2017_pre",736.968349936514,"PR_27April2018_199",2018-04-27,"2018_post",728.992610534713,17.0191710275118,0.0230934897393869,0.0233461502648543,406
"PR_8March2017_extra",2017-03-08,"2017_pre",1050.67345481214,"PR_26April2018_FIA9",2018-04-26,"2018_post",735.379010574767,15.5238784874426,0.0147751695984537,0.0211100374965955,414
"PR_9March2017_harbor",2017-03-09,"2017_pre",171.046765096784,"PR_27April2018_199",2018-04-27,"2018_post",728.992610534713,15.233331472188,0.0890594537907135,0.0208964141090737,414
"PR_3March2017_BG_south1",2017-03-03,"2017_pre",539.5246920683,"PR_27April2018_111",2018-04-27,"2018_post",926.356327735806,15.1719986521144,0.0281210459412926,0.0163781454261749,420
"PR_3March2017_BG_south6",2017-03-03,"2017_pre",500.035177300472,"PR_27April2018_111",2018-04-27,"2018_post",926.356327735806,15.0949554822527,0.0301877871147895,0.016294977462018,420
"PR_13March2017_FIA26",2017-03-13,"2017_pre",5530.23476576839,"PR_30April2018_FIA218",2018-04-30,"2018_post",2446.98229681983,15.0101636672202,0.00271420008425892,0.00613415294696975,413
"PR_12March2017_58a",2017-03-12,"2017_pre",300.139233348699,"PR_30April2018_FIA223",2018-04-30,"2018_post",2369.31162969105,14.146091148976,0.0471317627860442,0.00597054898634025,414
"PR_13March2017_FIA39",2017-03-13,"2017_pre",1315.58261994028,"PR_25April2018_48",2018-04-25,"2018_post",792.029506495543,13.9180318258027,0.0105793673577372,0.017572617827567,408
"PR_17March2017_green_algae",2017-03-17,"2017_pre",757.983133373282,"PR_25April2018_110",2018-04-25,"2018_post",1684.24154958921,13.5909513391119,0.017930413937613,0.00806947871724616,404
"PR_15March2017_EV1_topfill",2017-03-15,"2017_pre",439.678387364855,"PR_25April2018_61_62",2018-04-25,"2018_post",781.943510852459,12.6735248314932,0.0288245344681371,0.0162077242864728,406
"PR_12March2017_47",2017-03-12,"2017_pre",1543.54382661448,"PR_2May018_FIA215",2018-05-02,"2018_post",1538.08214810657,12.2228540495515,0.00791869582113544,0.00794681484639705,416
"PR_14March2017_50",2017-03-14,"2017_pre",1199.96452888183,"PR_30April2018_FIA34",2018-04-30,"2018_post",1344.97123771446,11.4793240367307,0.00956638613928655,0.00853499592767333,412
"PR_17March2017_60",2017-03-17,"2017_pre",589.76264595599,"PR_25April2018_FIA28",2018-04-25,"2018_post",710.902060318135,9.07719411068488,0.0153912665933106,0.0127685578891454,404
"PR_17March2017_60",2017-03-17,"2017_pre",589.76264595599,"PR_15March2020_FIA28",2020-03-15,"2020_recovery",763.564167626223,9.07719411068488,0.0153912665933106,0.0118879257245716,1094
"PR_17March2017_197",2017-03-17,"2017_pre",1068.55696197446,"PR_27April2018_119",2018-04-27,"2018_post",626.337242606368,8.20288704344481,0.00767660249790304,0.0130965979434821,406
"PR_14March2017_52",2017-03-14,"2017_pre",400.001842171504,"PR_30April2018_FIA26",2018-04-30,"2018_post",5374.9713996577,8.16289765341962,0.0204071501498728,0.00151868671411712,412
"PR_8March2017_115",2017-03-08,"2017_pre",425.489547954082,"PR_26April2018_43",2018-04-26,"2018_post",714.3296282355,7.94566990030855,0.0186741835105337,0.0111232540080068,414
"PR_8March2017_FIA6",2017-03-08,"2017_pre",2185.78420352729,"PR_29April2018_FIA22",2018-04-29,"2018_post",1973.26135539961,7.55665997458882,0.00345718482290902,0.00382952818384187,417
"PR_14March2017_FIA6",2017-03-14,"2017_pre",2185.78420352729,"PR_29April2018_FIA22",2018-04-29,"2018_post",1973.26135539961,7.55665997458882,0.00345718482290902,0.00382952818384187,411
"PR_17March2017_EV1_topfill",2017-03-17,"2017_pre",4210.01595372347,"PR_15March2020_EV3",2020-03-15,"2020_recovery",1232.2008101167,7.22696952452846,0.00171661333447839,0.00586509071020981,1094
"PR_2March2017_FIA38",2017-03-02,"2017_pre",1002.33389736415,"PR_2May018_FIA12_reservoir9",2018-05-02,"2018_post",1275.96572280369,6.51317739167025,0.00649801169929307,0.00510450811904164,426
"PR_5March2017_119a",2017-03-05,"2017_pre",771.094663339714,"PR_27April2018_112_196",2018-04-27,"2018_post",494.819205475076,5.79753958403793,0.00751858346279821,0.01171648052438,418
"PR_5March2017_119b",2017-03-05,"2017_pre",471.093450866695,"PR_27April2018_112_196",2018-04-27,"2018_post",494.819205475076,5.79753958403793,0.0123065595018821,0.01171648052438,418
"PR_15March2017_112_196",2017-03-15,"2017_pre",494.819205475076,"PR_27April2018_119",2018-04-27,"2018_post",626.337242606368,5.79753958403729,0.0117164805243787,0.0092562587527321,408
"PR_3March2017_BG_south2",2017-03-03,"2017_pre",592.151332341831,"PR_25April2018_110",2018-04-25,"2018_post",1684.24154958921,5.54412229603429,0.00936267807438426,0.00329176197878891,418
"PR_3March2017_BG_south6",2017-03-03,"2017_pre",500.035177300472,"PR_25April2018_110",2018-04-25,"2018_post",1684.24154958921,4.95903366923556,0.00991736960589007,0.0029443720055743,418
"PR_15March2017_EV2",2017-03-15,"2017_pre",3080.54771474428,"PR_25April2018_FIA27",2018-04-25,"2018_post",2277.56361430417,4.57977284115702,0.00148667485955081,0.00201082104244812,406
"PR_17March2017_EV2",2017-03-17,"2017_pre",2156.39101995468,"PR_25April2018_FIA27",2018-04-25,"2018_post",2277.56361430417,4.57977284115702,0.0021238137233818,0.00201082104244812,404
"PR_15March2017_EV2",2017-03-15,"2017_pre",3080.54771474428,"PR_15March2020_FIA27",2020-03-15,"2020_recovery",1964.2349748927,4.57977284115702,0.00148667485955081,0.0023315809461173,1096
"PR_17March2017_EV2",2017-03-17,"2017_pre",2156.39101995468,"PR_15March2020_FIA27",2020-03-15,"2020_recovery",1964.2349748927,4.57977284115702,0.0021238137233818,0.0023315809461173,1094
"PR_25April2018_EV2",2018-04-25,"2018_post",2567.16618869698,"PR_15March2020_FIA27",2020-03-15,"2020_recovery",1964.2349748927,4.57977284115702,0.00178397988463754,0.0023315809461173,690
"PR_5March2017_119a",2017-03-05,"2017_pre",771.094663339714,"PR_27April2018_109",2018-04-27,"2018_post",1163.1599762878,4.38632633352429,0.00568844078692819,0.00377104304046221,418
"PR_10March2017_109",2017-03-10,"2017_pre",1463.17289499767,"PR_27April2018_119",2018-04-27,"2018_post",626.337242606368,4.38632633352415,0.00299781819942141,0.00700313830177396,413
"PR_2May018_Rio_Abajo",2018-05-02,"2018_post",3587.79398920031,"PR_15March2020_FIA203",2020-03-15,"2020_recovery",809.516266378117,4.03744868949687,0.00112532901879263,0.0049874830898222,683
"PR_3March2017_BG_south4",2017-03-03,"2017_pre",500.054911855648,"PR_27April2018_111",2018-04-27,"2018_post",926.356327735806,3.68373178467537,0.00736665453600976,0.00397658187716936,420
"PR_17March2017_60",2017-03-17,"2017_pre",589.76264595599,"PR_25April2018_65",2018-04-25,"2018_post",529.179735276381,3.55523237810768,0.00602824272185761,0.00671838345482155,404
"PR_15March2017_FIA28",2017-03-15,"2017_pre",997.901585323297,"PR_25April2018_FIA27",2018-04-25,"2018_post",2277.56361430417,3.2960883363992,0.00330301944087136,0.00144719924207526,406
"PR_15March2017_FIA28",2017-03-15,"2017_pre",997.901585323297,"PR_15March2020_FIA27",2020-03-15,"2020_recovery",1964.2349748927,3.2960883363992,0.00330301944087136,0.00167805195332053,1096
"PR_5March2017_EV1",2017-03-05,"2017_pre",2464.17596353474,"PR_27April2018_FIA29",2018-04-27,"2018_post",1453.07099373702,3.27516487343162,0.00132911160643478,0.00225396067194799,418
"PR_15March2017_EV1",2017-03-15,"2017_pre",1334.75947015215,"PR_27April2018_FIA29",2018-04-27,"2018_post",1453.07099373702,3.27516487343162,0.00245374911860208,0.00225396067194799,408
"PR_17March2017_EV2",2017-03-17,"2017_pre",2156.39101995468,"PR_25April2018_60",2018-04-25,"2018_post",313.3047488315,2.79090333369449,0.00129424733634494,0.0089079509458552,404
"PR_10March2017_110",2017-03-10,"2017_pre",2094.73684122883,"PR_27April2018_199",2018-04-27,"2018_post",728.992610534713,2.14625066534007,0.00102459202659606,0.0029441322646135,413
"PR_12March2017_48",2017-03-12,"2017_pre",847.293361628103,"PR_30April2018_FIA35",2018-04-30,"2018_post",3009.85593925315,1.83166938893483,0.00216178890557482,0.000608557162170801,414
"PR_8March2017_FIA41",2017-03-08,"2017_pre",717.3354882279,"PR_29April2018_209",2018-04-29,"2018_post",294.315623791106,1.22291472313085,0.0017048016488797,0.00415511316517409,417
"PR_17March2017_BG_north_high_alt",2017-03-17,"2017_pre",750.028581066415,"PR_25April2018_110",2018-04-25,"2018_post",1684.24154958921,1.12565356213534,0.00150081422301914,0.000668344491566479,404
"PR_17March2017_BG_north_low_alt",2017-03-17,"2017_pre",800.037423051929,"PR_25April2018_110",2018-04-25,"2018_post",1684.24154958921,1.12565356213534,0.00140700113482351,0.000668344491566479,404
