"campaign","tile","date","epoch","block","las_scheme","area_ha","frac_2017_pre","frac_2018_post","frac_2020_recovery","n_other_epochs"
"PR_1March2017_FIA15","l0s0",2017-03-01,"2017_pre","FIA15","lXsY",173.54598351516,1,1,1,2
"PR_1March2017_FIA15","l0s1",2017-03-01,"2017_pre","FIA15","lXsY",265.560446829718,0.999999999999988,0.999999999999988,0.999999999999988,2
"PR_1March2017_FIA15","l0s10",2017-03-01,"2017_pre","FIA15","lXsY",157.73767464132,0.999999999999968,0.999999999999968,0.999999999999968,2
"PR_1March2017_FIA15","l0s11",2017-03-01,"2017_pre","FIA15","lXsY",147.228988696074,1,1,1,2
"PR_1March2017_FIA15","l0s12",2017-03-01,"2017_pre","FIA15","lXsY",123.566420704895,0.99999999999996,0.99999999999996,0.99999999999996,2
"PR_1March2017_FIA15","l0s13",2017-03-01,"2017_pre","FIA15","lXsY",113.04516906427,0.999999999999985,0.999999999999985,0.999999999999985,2
"PR_1March2017_FIA15","l0s14",2017-03-01,"2017_pre","FIA15","lXsY",89.387278601113,0.999999999999973,0.999999999999973,0.999999999999973,2
"PR_1March2017_FIA15","l0s2",2017-03-01,"2017_pre","FIA15","lXsY",262.954815859355,1,1,1,2
"PR_1March2017_FIA15","l0s3",2017-03-01,"2017_pre","FIA15","lXsY",270.837302717914,1,1,1,2
"PR_1March2017_FIA15","l0s4",2017-03-01,"2017_pre","FIA15","lXsY",283.951344879864,0.999999999999998,0.999999999999998,0.999999999999998,2
"PR_1March2017_FIA15","l0s5",2017-03-01,"2017_pre","FIA15","lXsY",268.191695979446,0.999999999999996,0.999999999999996,0.999999999999996,2
"PR_1March2017_FIA15","l0s6",2017-03-01,"2017_pre","FIA15","lXsY",228.74320986966,1,1,1,2
"PR_1March2017_FIA15","l0s7",2017-03-01,"2017_pre","FIA15","lXsY",205.075669041733,0.999999999999968,0.999999999999968,0.999999999999968,2
"PR_1March2017_FIA15","l0s8",2017-03-01,"2017_pre","FIA15","lXsY",199.806976332177,1,1,1,2
"PR_1March2017_FIA15","l0s9",2017-03-01,"2017_pre","FIA15","lXsY",215.593876283853,0.999999999999985,0.999999999999985,0.999999999999985,2
"PR_1March2017_FIA16b","l0s0",2017-03-01,"2017_pre","FIA16b","lXsY",102.566112301537,0.999999999999986,0.99999999999998,0,1
"PR_1March2017_FIA16b","l0s1",2017-03-01,"2017_pre","FIA16b","lXsY",147.289845597064,1,1,0,1
"PR_1March2017_FIA16b","l0s10",2017-03-01,"2017_pre","FIA16b","lXsY",136.782052578208,1,1,0,1
"PR_1March2017_FIA16b","l0s11",2017-03-01,"2017_pre","FIA16b","lXsY",131.520048604429,0.999999999999975,0.999999999999975,0,1
"PR_1March2017_FIA16b","l0s12",2017-03-01,"2017_pre","FIA16b","lXsY",126.271121961491,1,1,0,1
"PR_1March2017_FIA16b","l0s13",2017-03-01,"2017_pre","FIA16b","lXsY",136.791551445419,1,1,0,1
"PR_1March2017_FIA16b","l0s14",2017-03-01,"2017_pre","FIA16b","lXsY",134.165694599503,0.999999999999971,0.999999999999971,0,1
"PR_1March2017_FIA16b","l0s15",2017-03-01,"2017_pre","FIA16b","lXsY",157.832036939198,1,1,0,1
"PR_1March2017_FIA16b","l0s16",2017-03-01,"2017_pre","FIA16b","lXsY",155.210693502414,1,1,0,1
"PR_1March2017_FIA16b","l0s17",2017-03-01,"2017_pre","FIA16b","lXsY",176.261671846348,0.999999999999996,0.999999999999996,0,1
"PR_1March2017_FIA16b","l0s18",2017-03-01,"2017_pre","FIA16b","lXsY",152.585262373057,1,1,0,1
"PR_1March2017_FIA16b","l0s19",2017-03-01,"2017_pre","FIA16b","lXsY",147.336505479142,0.999999999999943,0.999999999999943,0,1
"PR_1March2017_FIA16b","l0s2",2017-03-01,"2017_pre","FIA16b","lXsY",147.290714319932,1,0.999999999999993,0,1
"PR_1March2017_FIA16b","l0s20",2017-03-01,"2017_pre","FIA16b","lXsY",155.223801243281,0.999999999999984,0.999999999999984,0,1
"PR_1March2017_FIA16b","l0s3",2017-03-01,"2017_pre","FIA16b","lXsY",128.877939140424,0.999999999999982,0.999999999999982,0,1
"PR_1March2017_FIA16b","l0s4",2017-03-01,"2017_pre","FIA16b","lXsY",131.503944667786,0.999999999999994,0.999999999999994,0,1
"PR_1March2017_FIA16b","l0s5",2017-03-01,"2017_pre","FIA16b","lXsY",134.149266090149,1,1,0,1
"PR_1March2017_FIA16b","l0s6",2017-03-01,"2017_pre","FIA16b","lXsY",134.145861541969,0.999999999999954,0.999999999999954,0,1
"PR_1March2017_FIA16b","l0s7",2017-03-01,"2017_pre","FIA16b","lXsY",152.558580858782,0.999999999999931,0.999999999999931,0,1
"PR_1March2017_FIA16b","l0s8",2017-03-01,"2017_pre","FIA16b","lXsY",144.662241499788,0.999999999999934,0.999999999999934,0,1
"PR_1March2017_FIA16b","l0s9",2017-03-01,"2017_pre","FIA16b","lXsY",131.526598692346,1,1,0,1
"PR_1March2017_FIA17","l0s0",2017-03-01,"2017_pre","FIA17","lXsY",165.67638877472,1,1,1,2
"PR_1March2017_FIA17","l0s1",2017-03-01,"2017_pre","FIA17","lXsY",260.361967721345,0.999999999999998,0.999999999999998,0.999999999999998,2
"PR_1March2017_FIA17","l0s10",2017-03-01,"2017_pre","FIA17","lXsY",178.861202879965,1,1,1,2
"PR_1March2017_FIA17","l0s11",2017-03-01,"2017_pre","FIA17","lXsY",184.12224889902,1,1,1,2
"PR_1March2017_FIA17","l0s12",2017-03-01,"2017_pre","FIA17","lXsY",92.0564224085242,1,1,1,2
"PR_1March2017_FIA17","l0s2",2017-03-01,"2017_pre","FIA17","lXsY",231.440968002902,1,1,1,2
"PR_1March2017_FIA17","l0s3",2017-03-01,"2017_pre","FIA17","lXsY",194.601542449,0.99999999999999,0.99999999999999,0.99999999999999,2
"PR_1March2017_FIA17","l0s4",2017-03-01,"2017_pre","FIA17","lXsY",199.868612380056,0.999999999999995,0.999999999999995,0.999999999999995,2
"PR_1March2017_FIA17","l0s5",2017-03-01,"2017_pre","FIA17","lXsY",252.481159521987,1,0.999999999999983,0.999999999999995,2
"PR_1March2017_FIA17","l0s6",2017-03-01,"2017_pre","FIA17","lXsY",223.556644839689,0.999999999999989,0.999999999999993,0.999999999999993,2
"PR_1March2017_FIA17","l0s7",2017-03-01,"2017_pre","FIA17","lXsY",210.417839065002,1,1,1,2
"PR_1March2017_FIA17","l0s8",2017-03-01,"2017_pre","FIA17","lXsY",234.087620314941,1,1,1,2
"PR_1March2017_FIA17","l0s9",2017-03-01,"2017_pre","FIA17","lXsY",199.901459394772,0.999999999999999,0.999999999999999,0.999999999999999,2
"PR_2March2017_FIA1","l0s0",2017-03-02,"2017_pre","FIA1","lXsY",86.6623839573614,0.999999999999987,0.999999999999987,0.999999999999987,2
"PR_2March2017_FIA1","l0s1",2017-03-02,"2017_pre","FIA1","lXsY",107.668060501651,0.999999999999996,0.999999999999996,0.999999999999996,2
"PR_2March2017_FIA1","l0s10",2017-03-02,"2017_pre","FIA1","lXsY",126.062497820177,0.999999999999991,0.999999999999991,0.999999999999991,2
"PR_2March2017_FIA1","l0s11",2017-03-02,"2017_pre","FIA1","lXsY",120.804725177695,1,1,1,2
"PR_2March2017_FIA1","l0s12",2017-03-02,"2017_pre","FIA1","lXsY",120.809233767682,0.999999999999992,0.999999999999992,0.999999999999992,2
"PR_2March2017_FIA1","l0s13",2017-03-02,"2017_pre","FIA1","lXsY",112.932349583977,0.999999999999984,0.999999999999984,0.999999999999997,2
"PR_2March2017_FIA1","l0s14",2017-03-02,"2017_pre","FIA1","lXsY",86.6787578073397,0.999999999999993,0.999999999999976,4.19519611906045e-06,1
"PR_2March2017_FIA1","l0s15",2017-03-02,"2017_pre","FIA1","lXsY",52.5338732203528,1,5.78553835250127e-05,0,0
"PR_2March2017_FIA1","l0s2",2017-03-02,"2017_pre","FIA1","lXsY",120.802122496529,1,1,1,2
"PR_2March2017_FIA1","l0s3",2017-03-02,"2017_pre","FIA1","lXsY",110.294429159331,1,1,1,2
"PR_2March2017_FIA1","l0s4",2017-03-02,"2017_pre","FIA1","lXsY",126.058852721515,0.999999999999991,0.999999999999991,0.999999999999991,2
"PR_2March2017_FIA1","l0s5",2017-03-02,"2017_pre","FIA1","lXsY",115.551944287349,0.999999999999996,0.999999999999996,0.999999999999996,2
"PR_2March2017_FIA1","l0s6",2017-03-02,"2017_pre","FIA1","lXsY",128.682900972046,0.99999999999999,0.99999999999999,0.99999999999999,2
"PR_2March2017_FIA1","l0s7",2017-03-02,"2017_pre","FIA1","lXsY",118.177235291234,1,1,1,2
"PR_2March2017_FIA1","l0s8",2017-03-02,"2017_pre","FIA1","lXsY",136.558035402529,0.999999999999998,0.999999999999998,0.999999999999998,2
"PR_2March2017_FIA1","l0s9",2017-03-02,"2017_pre","FIA1","lXsY",99.7942785565279,0.999999999999999,0.999999999999999,0.999999999999999,2
"PR_2March2017_FIA13","l0s0",2017-03-02,"2017_pre","FIA13","lXsY",141.893323702343,1,1,1,2
"PR_2March2017_FIA13","l0s1",2017-03-02,"2017_pre","FIA13","lXsY",134.018801799913,1,1,1,2
"PR_2March2017_FIA13","l0s10",2017-03-02,"2017_pre","FIA13","lXsY",173.45444765853,1,1,1,2
"PR_2March2017_FIA13","l0s11",2017-03-02,"2017_pre","FIA13","lXsY",176.090213635111,0.999999999999979,0.999999999999979,0.999999999999979,2
"PR_2March2017_FIA13","l0s12",2017-03-02,"2017_pre","FIA13","lXsY",186.606167898756,0.999999999999989,0.999999999999989,0.999999999999989,2
"PR_2March2017_FIA13","l0s13",2017-03-02,"2017_pre","FIA13","lXsY",149.81807563796,0.999999999999994,0.999999999999994,0.999999999999994,2
"PR_2March2017_FIA13","l0s14",2017-03-02,"2017_pre","FIA13","lXsY",236.548956348154,1,1,1,2
"PR_2March2017_FIA13","l0s15",2017-03-02,"2017_pre","FIA13","lXsY",304.898801132968,0.999999999999995,1,0.999999999999995,2
"PR_2March2017_FIA13","l0s16",2017-03-02,"2017_pre","FIA13","lXsY",281.247595186296,1,0.999999999999984,1,2
"PR_2March2017_FIA13","l0s17",2017-03-02,"2017_pre","FIA13","lXsY",281.258394140887,0.999999999999971,0.999999999999996,0.999999999999971,2
"PR_2March2017_FIA13","l0s18",2017-03-02,"2017_pre","FIA13","lXsY",257.609236684453,0.999999999999995,1,0.999999999999995,2
"PR_2March2017_FIA13","l0s19",2017-03-02,"2017_pre","FIA13","lXsY",294.405080640963,0.999999999999999,0.999999999999999,0.999999999999999,2
"PR_2March2017_FIA13","l0s2",2017-03-02,"2017_pre","FIA13","lXsY",144.527907576776,0.999999999999982,0.999999999999982,0.999999999999982,2
"PR_2March2017_FIA13","l0s20",2017-03-02,"2017_pre","FIA13","lXsY",260.232871063569,0.999999999999975,0.999999999999998,0.999999999999975,2
"PR_2March2017_FIA13","l0s21",2017-03-02,"2017_pre","FIA13","lXsY",199.780367742988,0.999999999999993,1,0.999999999999993,2
"PR_2March2017_FIA13","l0s22",2017-03-02,"2017_pre","FIA13","lXsY",212.93514414314,0.999999999999975,0.999999999999975,0.999999999999975,2
"PR_2March2017_FIA13","l0s23",2017-03-02,"2017_pre","FIA13","lXsY",207.679174643111,1,1,1,2
"PR_2March2017_FIA13","l0s24",2017-03-02,"2017_pre","FIA13","lXsY",215.576955007303,0.999999999999998,0.999999999999998,0.999999999999998,2
"PR_2March2017_FIA13","l0s25",2017-03-02,"2017_pre","FIA13","lXsY",205.067895311692,0.999999999999987,0.999999999999987,0.999999999999987,2
"PR_2March2017_FIA13","l0s26",2017-03-02,"2017_pre","FIA13","lXsY",110.417587721613,1,1,5.55261399249223e-06,1
"PR_2March2017_FIA13","l0s3",2017-03-02,"2017_pre","FIA13","lXsY",149.783224159753,0.999999999999994,0.999999999999994,0.999999999999994,2
"PR_2March2017_FIA13","l0s4",2017-03-02,"2017_pre","FIA13","lXsY",144.520719040987,1,1,1,2
"PR_2March2017_FIA13","l0s5",2017-03-02,"2017_pre","FIA13","lXsY",165.565471346763,1,1,1,2
"PR_2March2017_FIA13","l0s6",2017-03-02,"2017_pre","FIA13","lXsY",152.41102373708,1,0.999999999999983,1,2
"PR_2March2017_FIA13","l0s7",2017-03-02,"2017_pre","FIA13","lXsY",149.79462849326,0.999999999999998,0.999999999999994,0.999999999999998,2
"PR_2March2017_FIA13","l0s8",2017-03-02,"2017_pre","FIA13","lXsY",157.696258104746,1,1,1,2
"PR_2March2017_FIA13","l0s9",2017-03-02,"2017_pre","FIA13","lXsY",207.61333576304,0.999999999999985,0.999999999999999,0.999999999999985,2
"PR_2March2017_FIA14","l0s0",2017-03-02,"2017_pre","FIA14","lXsY",123.498603132671,1,0.885785786651116,0.885785786651116,2
"PR_2March2017_FIA14","l0s1",2017-03-02,"2017_pre","FIA14","lXsY",178.687382143861,0.99999999999997,0.820606907080214,0.820606907080214,2
"PR_2March2017_FIA14","l0s2",2017-03-02,"2017_pre","FIA14","lXsY",170.821697497678,1,0.841321244414764,0.841321244414764,2
"PR_2March2017_FIA14","l0s3",2017-03-02,"2017_pre","FIA14","lXsY",155.040304758626,1,0.850114895526077,0.850114895526077,2
"PR_2March2017_FIA14","l0s4",2017-03-02,"2017_pre","FIA14","lXsY",183.960600769681,0.999999999999963,0.813167239058086,0.813167239058086,2
"PR_2March2017_FIA14","l0s5",2017-03-02,"2017_pre","FIA14","lXsY",176.074912923291,0.999999999999993,0.81706949031025,0.81706949031025,2
"PR_2March2017_FIA14","l0s6",2017-03-02,"2017_pre","FIA14","lXsY",152.432372191596,0.999999999999998,0.8628442854654,0.8628442854654,2
"PR_2March2017_FIA14","l0s7",2017-03-02,"2017_pre","FIA14","lXsY",113.014143839693,0.999999999999989,0.491326153037918,0.491326153037918,0
"PR_2March2017_FIA16","l0s0",2017-03-02,"2017_pre","FIA16","lXsY",102.566112301537,0.999999999999986,0.99999999999998,0,1
"PR_2March2017_FIA16","l0s1",2017-03-02,"2017_pre","FIA16","lXsY",147.289845597064,1,1,0,1
"PR_2March2017_FIA16","l0s10",2017-03-02,"2017_pre","FIA16","lXsY",136.782052578208,1,1,0,1
"PR_2March2017_FIA16","l0s11",2017-03-02,"2017_pre","FIA16","lXsY",131.520048604429,0.999999999999975,0.999999999999975,0,1
"PR_2March2017_FIA16","l0s12",2017-03-02,"2017_pre","FIA16","lXsY",126.271121961491,1,1,0,1
"PR_2March2017_FIA16","l0s13",2017-03-02,"2017_pre","FIA16","lXsY",136.791551445419,1,1,0,1
"PR_2March2017_FIA16","l0s14",2017-03-02,"2017_pre","FIA16","lXsY",134.165694599503,0.999999999999971,0.999999999999971,0,1
"PR_2March2017_FIA16","l0s15",2017-03-02,"2017_pre","FIA16","lXsY",157.832036939198,1,1,0,1
"PR_2March2017_FIA16","l0s16",2017-03-02,"2017_pre","FIA16","lXsY",155.210693502414,1,1,0,1
"PR_2March2017_FIA16","l0s17",2017-03-02,"2017_pre","FIA16","lXsY",176.261671846348,0.999999999999996,0.999999999999996,0,1
"PR_2March2017_FIA16","l0s18",2017-03-02,"2017_pre","FIA16","lXsY",152.585262373057,1,1,0,1
"PR_2March2017_FIA16","l0s19",2017-03-02,"2017_pre","FIA16","lXsY",147.336505479142,0.999999999999943,0.999999999999943,0,1
"PR_2March2017_FIA16","l0s2",2017-03-02,"2017_pre","FIA16","lXsY",147.290714319932,1,0.999999999999993,0,1
"PR_2March2017_FIA16","l0s20",2017-03-02,"2017_pre","FIA16","lXsY",155.223801243281,0.999999999999984,0.999999999999984,0,1
"PR_2March2017_FIA16","l0s21",2017-03-02,"2017_pre","FIA16","lXsY",126.288271345964,1,1,0,1
"PR_2March2017_FIA16","l0s22",2017-03-02,"2017_pre","FIA16","lXsY",99.9840895826638,1,1,0,1
"PR_2March2017_FIA16","l0s3",2017-03-02,"2017_pre","FIA16","lXsY",128.877939140424,0.999999999999982,0.999999999999982,0,1
"PR_2March2017_FIA16","l0s4",2017-03-02,"2017_pre","FIA16","lXsY",131.503944667786,0.999999999999994,0.999999999999994,0,1
"PR_2March2017_FIA16","l0s5",2017-03-02,"2017_pre","FIA16","lXsY",134.149266090149,1,1,0,1
"PR_2March2017_FIA16","l0s6",2017-03-02,"2017_pre","FIA16","lXsY",134.145861541969,0.999999999999954,0.999999999999954,0,1
"PR_2March2017_FIA16","l0s7",2017-03-02,"2017_pre","FIA16","lXsY",152.558580858782,0.999999999999931,0.999999999999931,0,1
"PR_2March2017_FIA16","l0s8",2017-03-02,"2017_pre","FIA16","lXsY",144.662241499788,0.999999999999934,0.999999999999934,0,1
"PR_2March2017_FIA16","l0s9",2017-03-02,"2017_pre","FIA16","lXsY",131.526598692346,1,1,0,1
"PR_2March2017_FIA3_5","l0s0",2017-03-02,"2017_pre","FIA3_5","lXsY",81.4378964677259,0.999999999999988,0.999999999999988,0.999999999999988,2
"PR_2March2017_FIA3_5","l0s1",2017-03-02,"2017_pre","FIA3_5","lXsY",86.6815314371899,1,1,1,2
"PR_2March2017_FIA3_5","l0s10",2017-03-02,"2017_pre","FIA3_5","lXsY",84.0625678100273,0.999999999999991,0.999999999999991,0.999999999999991,2
"PR_2March2017_FIA3_5","l0s11",2017-03-02,"2017_pre","FIA3_5","lXsY",89.3186283038527,0.999999999999991,0.999999999999991,0.999999999999991,2
"PR_2March2017_FIA3_5","l0s12",2017-03-02,"2017_pre","FIA3_5","lXsY",89.3195168644473,0.999999999999996,0.999999999999996,0.999999999999996,2
"PR_2March2017_FIA3_5","l0s13",2017-03-02,"2017_pre","FIA3_5","lXsY",94.5642873210818,1,1,1,2
"PR_2March2017_FIA3_5","l0s14",2017-03-02,"2017_pre","FIA3_5","lXsY",89.3156347323403,0.999999999999991,0.999999999999991,0.999999999999991,2
"PR_2March2017_FIA3_5","l0s15",2017-03-02,"2017_pre","FIA3_5","lXsY",81.4358550471663,0.999999999999992,0.999999999999992,1,2
"PR_2March2017_FIA3_5","l0s16",2017-03-02,"2017_pre","FIA3_5","lXsY",97.1979456993684,0.999999999999978,0.999999999999978,1.15273191364884e-05,1
"PR_2March2017_FIA3_5","l0s17",2017-03-02,"2017_pre","FIA3_5","lXsY",86.6817084262088,1,0,0,0
"PR_2March2017_FIA3_5","l0s18",2017-03-02,"2017_pre","FIA3_5","lXsY",86.6926515142262,1,1,1,2
"PR_2March2017_FIA3_5","l0s19",2017-03-02,"2017_pre","FIA3_5","lXsY",81.4352133215174,1,1,1,2
"PR_2March2017_FIA3_5","l0s2",2017-03-02,"2017_pre","FIA3_5","lXsY",94.5684603081346,1,1,1,2
"PR_2March2017_FIA3_5","l0s20",2017-03-02,"2017_pre","FIA3_5","lXsY",78.8103391366467,0.999999999999981,0.999999999999981,0.999999999999981,2
"PR_2March2017_FIA3_5","l0s21",2017-03-02,"2017_pre","FIA3_5","lXsY",81.4334744643986,0.999999999999968,0.999999999999968,0.999999999999968,2
"PR_2March2017_FIA3_5","l0s22",2017-03-02,"2017_pre","FIA3_5","lXsY",94.5745254869863,1,1,1,2
"PR_2March2017_FIA3_5","l0s23",2017-03-02,"2017_pre","FIA3_5","lXsY",97.1904417967319,0.99999999999997,0.99999999999997,0.99999999999997,2
"PR_2March2017_FIA3_5","l0s24",2017-03-02,"2017_pre","FIA3_5","lXsY",99.8272393673971,0.999999999999982,0.999999999999982,0.999999999999982,2
"PR_2March2017_FIA3_5","l0s25",2017-03-02,"2017_pre","FIA3_5","lXsY",89.3143094001472,0.999999999999989,0.999999999999989,0.999999999999989,2
"PR_2March2017_FIA3_5","l0s26",2017-03-02,"2017_pre","FIA3_5","lXsY",102.459306923065,0.999999999999995,0.999999999999995,0.999999999999995,2
"PR_2March2017_FIA3_5","l0s27",2017-03-02,"2017_pre","FIA3_5","lXsY",84.0600171631604,0.999999999999963,0.999999999999963,0.999999999999963,2
"PR_2March2017_FIA3_5","l0s28",2017-03-02,"2017_pre","FIA3_5","lXsY",84.0611931479409,1,1,1,2
"PR_2March2017_FIA3_5","l0s29",2017-03-02,"2017_pre","FIA3_5","lXsY",47.2867041785955,0.999999999999994,0,0,0
"PR_2March2017_FIA3_5","l0s3",2017-03-02,"2017_pre","FIA3_5","lXsY",97.1976324534297,0.999999999999994,0.999999999999994,0.999999999999994,2
"PR_2March2017_FIA3_5","l0s4",2017-03-02,"2017_pre","FIA3_5","lXsY",89.3080760158852,0.999999999999999,0.999999999999999,0.999999999999999,2
"PR_2March2017_FIA3_5","l0s5",2017-03-02,"2017_pre","FIA3_5","lXsY",84.061709728077,1,1,1,2
"PR_2March2017_FIA3_5","l0s6",2017-03-02,"2017_pre","FIA3_5","lXsY",99.8164400162637,0.999999999999952,0.999999999999952,0.999999999999952,2
"PR_2March2017_FIA3_5","l0s7",2017-03-02,"2017_pre","FIA3_5","lXsY",99.8223727912888,0.999999999999982,0.999999999999982,0.999999999999982,2
"PR_2March2017_FIA3_5","l0s8",2017-03-02,"2017_pre","FIA3_5","lXsY",84.0656692912519,0.999999999999922,0.999999999999922,0.999999999999922,2
"PR_2March2017_FIA3_5","l0s9",2017-03-02,"2017_pre","FIA3_5","lXsY",86.6938577452555,1,1,1,2
"PR_2March2017_FIA37","l0s0",2017-03-02,"2017_pre","FIA37","lXsY",107.760295277573,1,1,1,2
"PR_2March2017_FIA37","l0s1",2017-03-02,"2017_pre","FIA37","lXsY",162.973914520618,0.999999999999999,0.999999999999999,0.999999999999999,2
"PR_2March2017_FIA37","l0s10",2017-03-02,"2017_pre","FIA37","lXsY",168.241127024911,0.999999999999988,0.999999999999988,0.999999999999988,2
"PR_2March2017_FIA37","l0s11",2017-03-02,"2017_pre","FIA37","lXsY",157.732824645425,1,1,1,2
"PR_2March2017_FIA37","l0s12",2017-03-02,"2017_pre","FIA37","lXsY",155.103843514995,0.999999999999997,0.999999999999997,0.999999999999997,2
"PR_2March2017_FIA37","l0s13",2017-03-02,"2017_pre","FIA37","lXsY",105.158911608124,1,1,1,2
"PR_2March2017_FIA37","l0s2",2017-03-02,"2017_pre","FIA37","lXsY",152.452490494674,0.999999999999987,0.999999999999987,0.999999999999987,2
"PR_2March2017_FIA37","l0s3",2017-03-02,"2017_pre","FIA37","lXsY",165.591431148092,0.999999999999982,0.999999999999968,0.999999999999982,2
"PR_2March2017_FIA37","l0s4",2017-03-02,"2017_pre","FIA37","lXsY",141.95188519446,0.999999999999986,0.999999999999994,0.999999999999986,2
"PR_2March2017_FIA37","l0s5",2017-03-02,"2017_pre","FIA37","lXsY",155.087676324371,1,1,1,2
"PR_2March2017_FIA37","l0s6",2017-03-02,"2017_pre","FIA37","lXsY",152.466359705597,1,1,1,2
"PR_2March2017_FIA37","l0s7",2017-03-02,"2017_pre","FIA37","lXsY",149.834082398298,1,1,1,2
"PR_2March2017_FIA37","l0s8",2017-03-02,"2017_pre","FIA37","lXsY",152.466561617766,0.999999999999967,0.999999999999967,0.999999999999967,2
"PR_2March2017_FIA37","l0s9",2017-03-02,"2017_pre","FIA37","lXsY",165.618386577709,0.999999999999963,0.999999999999963,0.999999999999963,2
"PR_2March2017_FIA38","l0s0",2017-03-02,"2017_pre","FIA38","lXsY",110.498069056322,1,0.999999999999987,0,1
"PR_2March2017_FIA38","l0s1",2017-03-02,"2017_pre","FIA38","lXsY",110.497884235285,0.999999999999994,0.999999999999994,0,1
"PR_2March2017_FIA38","l0s10",2017-03-02,"2017_pre","FIA38","lXsY",71.0346123241082,0.999999999999985,0.999999999999985,0,1
"PR_2March2017_FIA38","l0s2",2017-03-02,"2017_pre","FIA38","lXsY",99.9672843208805,0.999999999999986,0.999999999999986,0,1
"PR_2March2017_FIA38","l0s3",2017-03-02,"2017_pre","FIA38","lXsY",99.9728924296126,1,1,0,1
"PR_2March2017_FIA38","l0s4",2017-03-02,"2017_pre","FIA38","lXsY",92.0775512144998,0.99999999999998,0.99999999999998,0,1
"PR_2March2017_FIA38","l0s5",2017-03-02,"2017_pre","FIA38","lXsY",84.1828098681673,0.999999999999989,0.999999999999989,0,1
"PR_2March2017_FIA38","l0s6",2017-03-02,"2017_pre","FIA38","lXsY",78.9226039803445,0.999999999999981,0.999999999999991,0,1
"PR_2March2017_FIA38","l0s7",2017-03-02,"2017_pre","FIA38","lXsY",76.2906106359512,1,1,0,1
"PR_2March2017_FIA38","l0s8",2017-03-02,"2017_pre","FIA38","lXsY",86.819204754746,0.999999999999967,0.999999999999967,0,1
"PR_2March2017_FIA38","l0s9",2017-03-02,"2017_pre","FIA38","lXsY",92.0756991312251,0.999999999999981,0.999999999999981,0,1
"PR_2March2017_FIA4","l0s0",2017-03-02,"2017_pre","FIA4","lXsY",81.4421782524899,1,1,1,2
"PR_2March2017_FIA4","l0s1",2017-03-02,"2017_pre","FIA4","lXsY",94.5707544325516,0.999999999999996,0.999999999999996,0.999999999999996,2
"PR_2March2017_FIA4","l0s10",2017-03-02,"2017_pre","FIA4","lXsY",99.8316953788325,0.999999999999986,0.999999999999986,0.999999999999986,2
"PR_2March2017_FIA4","l0s11",2017-03-02,"2017_pre","FIA4","lXsY",97.2017279408947,0.999999999999979,0.999999999999979,0.999999999999979,2
"PR_2March2017_FIA4","l0s12",2017-03-02,"2017_pre","FIA4","lXsY",86.7018838034675,0.999999999999972,0.999999999999972,0.999999999999972,2
"PR_2March2017_FIA4","l0s13",2017-03-02,"2017_pre","FIA4","lXsY",68.3083846106276,1,0,0,0
"PR_2March2017_FIA4","l0s2",2017-03-02,"2017_pre","FIA4","lXsY",94.5712335917145,0.999999999999968,0.999999999999968,0.999999999999968,2
"PR_2March2017_FIA4","l0s3",2017-03-02,"2017_pre","FIA4","lXsY",91.9507603274032,1,1,1,2
"PR_2March2017_FIA4","l0s4",2017-03-02,"2017_pre","FIA4","lXsY",91.9567772784308,1,1,1,2
"PR_2March2017_FIA4","l0s5",2017-03-02,"2017_pre","FIA4","lXsY",99.8191767527103,0.99999999999999,0.99999999999999,0.99999999999999,2
"PR_2March2017_FIA4","l0s6",2017-03-02,"2017_pre","FIA4","lXsY",99.8303556650981,1,1,1,2
"PR_2March2017_FIA4","l0s7",2017-03-02,"2017_pre","FIA4","lXsY",97.2050650853291,0.999999999999999,0.999999999999999,0.999999999999999,2
"PR_2March2017_FIA4","l0s8",2017-03-02,"2017_pre","FIA4","lXsY",91.9493193517879,0.99999999999996,0.99999999999996,0.99999999999996,2
"PR_2March2017_FIA4","l0s9",2017-03-02,"2017_pre","FIA4","lXsY",91.944652475591,1,1,1,2
"PR_2March2017_fire","l0s0",2017-03-02,"2017_pre","fire","lXsY",99.7965916458838,1,0,0,0
"PR_2March2017_fire","l0s1",2017-03-02,"2017_pre","fire","lXsY",63.0359508778378,0.999999999999972,0,0,0
"PR_2March2017_fire","l0s2",2017-03-02,"2017_pre","fire","lXsY",65.6559330970757,0.999999999999998,0,0,0
"PR_2March2017_fire","l0s3",2017-03-02,"2017_pre","fire","lXsY",63.0262019094884,1,0,0,0
"PR_2March2017_fire","l0s4",2017-03-02,"2017_pre","fire","lXsY",55.1490998139381,1,0,0,0
"PR_2March2017_fire","l0s5",2017-03-02,"2017_pre","fire","lXsY",55.1576180120453,0.999999999999984,0,0,0
"PR_2March2017_fire","l0s6",2017-03-02,"2017_pre","fire","lXsY",136.566356209605,0.999999999999991,0,0,0
"PR_2March2017_fire","l0s7",2017-03-02,"2017_pre","fire","lXsY",94.5411608149789,0.999999999999988,0,0,0
"PR_3March2017_BG_am","c0r0",2017-03-03,"2017_pre","BG_am","cXrY",102.632569541757,1,1,0,1
"PR_3March2017_BG_am","c1r0",2017-03-03,"2017_pre","BG_am","cXrY",102.632300576088,1,1,0,1
"PR_3March2017_BG_am","c2r0",2017-03-03,"2017_pre","BG_am","cXrY",102.642798616399,1,1,0,1
"PR_3March2017_BG_am","c3r0",2017-03-03,"2017_pre","BG_am","cXrY",102.637269713242,1,1,0,1
"PR_3March2017_BG_am","c4r0",2017-03-03,"2017_pre","BG_am","cXrY",102.647886293888,1,1,0,1
"PR_3March2017_BG_am","c5r0",2017-03-03,"2017_pre","BG_am","cXrY",102.642171134625,0.999999999999961,0.999999999999961,0,1
"PR_3March2017_BG_am","c6r0",2017-03-03,"2017_pre","BG_am","cXrY",102.641906507371,0.999999999999997,0.999999999999997,0,1
"PR_3March2017_BG_am","c0r1",2017-03-03,"2017_pre","BG_am","cXrY",102.627095681411,0.999999999999999,0.999999999999999,0,1
"PR_3March2017_BG_am","c1r1",2017-03-03,"2017_pre","BG_am","cXrY",102.637780506742,0.999999999999982,0.999999999999982,0,1
"PR_3March2017_BG_am","c2r1",2017-03-03,"2017_pre","BG_am","cXrY",102.637254580913,0.99999999999998,0.99999999999998,0,1
"PR_3March2017_BG_am","c3r1",2017-03-03,"2017_pre","BG_am","cXrY",102.631466737218,1,1,0,1
"PR_3March2017_BG_am","c4r1",2017-03-03,"2017_pre","BG_am","cXrY",102.636712989508,0.99999999999998,0.99999999999998,0,1
"PR_3March2017_BG_am","c5r1",2017-03-03,"2017_pre","BG_am","cXrY",102.641960679141,0.999999999999997,0.999999999999997,0,1
"PR_3March2017_BG_am","c6r1",2017-03-03,"2017_pre","BG_am","cXrY",102.641873788622,1,1,0,1
"PR_3March2017_BG_am","c3r2",2017-03-03,"2017_pre","BG_am","cXrY",102.642290802792,1,1,0,1
"PR_3March2017_BG_am","c4r2",2017-03-03,"2017_pre","BG_am","cXrY",102.642017018262,0.999999999999956,0.999999999999956,0,1
"PR_3March2017_BG_am","c5r2",2017-03-03,"2017_pre","BG_am","cXrY",102.64193008803,1,1,0,1
"PR_3March2017_BG_am","c6r2",2017-03-03,"2017_pre","BG_am","cXrY",102.647178882588,0.999999999999995,0.999999999999995,0,1
"PR_3March2017_BG_noon","c0r0",2017-03-03,"2017_pre","BG_noon","cXrY",102.632569541757,1,1,0,1
"PR_3March2017_BG_noon","c1r0",2017-03-03,"2017_pre","BG_noon","cXrY",102.632300576088,1,1,0,1
"PR_3March2017_BG_noon","c2r0",2017-03-03,"2017_pre","BG_noon","cXrY",102.642798616399,1,1,0,1
"PR_3March2017_BG_noon","c3r0",2017-03-03,"2017_pre","BG_noon","cXrY",102.637269713242,1,1,0,1
"PR_3March2017_BG_noon","c4r0",2017-03-03,"2017_pre","BG_noon","cXrY",102.647886293888,1,1,0,1
"PR_3March2017_BG_noon","c5r0",2017-03-03,"2017_pre","BG_noon","cXrY",102.642171134625,0.999999999999961,0.999999999999961,0,1
"PR_3March2017_BG_noon","c6r0",2017-03-03,"2017_pre","BG_noon","cXrY",102.641906507371,0.999999999999997,0.999999999999997,0,1
"PR_3March2017_BG_noon","c0r1",2017-03-03,"2017_pre","BG_noon","cXrY",102.627095681411,0.999999999999999,0.999999999999999,0,1
"PR_3March2017_BG_noon","c1r1",2017-03-03,"2017_pre","BG_noon","cXrY",102.637780506742,0.999999999999982,0.999999999999982,0,1
"PR_3March2017_BG_noon","c2r1",2017-03-03,"2017_pre","BG_noon","cXrY",102.637254580913,0.99999999999998,0.99999999999998,0,1
"PR_3March2017_BG_noon","c3r1",2017-03-03,"2017_pre","BG_noon","cXrY",102.631466737218,1,1,0,1
"PR_3March2017_BG_noon","c4r1",2017-03-03,"2017_pre","BG_noon","cXrY",102.636712989508,0.99999999999998,0.99999999999998,0,1
"PR_3March2017_BG_noon","c5r1",2017-03-03,"2017_pre","BG_noon","cXrY",102.641960679141,0.999999999999997,0.999999999999997,0,1
"PR_3March2017_BG_noon","c6r1",2017-03-03,"2017_pre","BG_noon","cXrY",102.641873788622,1,1,0,1
"PR_3March2017_BG_noon","c3r2",2017-03-03,"2017_pre","BG_noon","cXrY",102.642290802792,1,1,0,1
"PR_3March2017_BG_noon","c4r2",2017-03-03,"2017_pre","BG_noon","cXrY",102.642017018262,0.999999999999956,0.999999999999956,0,1
"PR_3March2017_BG_noon","c5r2",2017-03-03,"2017_pre","BG_noon","cXrY",102.64193008803,1,1,0,1
"PR_3March2017_BG_noon","c6r2",2017-03-03,"2017_pre","BG_noon","cXrY",102.647178882588,0.999999999999995,0.999999999999995,0,1
"PR_3March2017_BG_pm","c0r0",2017-03-03,"2017_pre","BG_pm","cXrY",102.632569541757,1,1,0,1
"PR_3March2017_BG_pm","c1r0",2017-03-03,"2017_pre","BG_pm","cXrY",102.632300576088,1,1,0,1
"PR_3March2017_BG_pm","c2r0",2017-03-03,"2017_pre","BG_pm","cXrY",102.642798616399,1,1,0,1
"PR_3March2017_BG_pm","c3r0",2017-03-03,"2017_pre","BG_pm","cXrY",102.637269713242,1,1,0,1
"PR_3March2017_BG_pm","c4r0",2017-03-03,"2017_pre","BG_pm","cXrY",102.647886293888,1,1,0,1
"PR_3March2017_BG_pm","c5r0",2017-03-03,"2017_pre","BG_pm","cXrY",102.642171134625,0.999999999999961,0.999999999999961,0,1
"PR_3March2017_BG_pm","c0r1",2017-03-03,"2017_pre","BG_pm","cXrY",102.627095681411,0.999999999999999,0.999999999999999,0,1
"PR_3March2017_BG_pm","c1r1",2017-03-03,"2017_pre","BG_pm","cXrY",102.637780506742,0.999999999999982,0.999999999999982,0,1
"PR_3March2017_BG_pm","c2r1",2017-03-03,"2017_pre","BG_pm","cXrY",102.637254580913,0.99999999999998,0.99999999999998,0,1
"PR_3March2017_BG_pm","c3r1",2017-03-03,"2017_pre","BG_pm","cXrY",102.631466737218,1,1,0,1
"PR_3March2017_BG_pm","c4r1",2017-03-03,"2017_pre","BG_pm","cXrY",102.636712989508,0.99999999999998,0.99999999999998,0,1
"PR_3March2017_BG_pm","c5r1",2017-03-03,"2017_pre","BG_pm","cXrY",102.641960679141,0.999999999999997,0.999999999999997,0,1
"PR_3March2017_BG_pm","c6r1",2017-03-03,"2017_pre","BG_pm","cXrY",102.641873788622,1,1,0,1
"PR_3March2017_BG_pm","c3r2",2017-03-03,"2017_pre","BG_pm","cXrY",102.642290802792,1,1,0,1
"PR_3March2017_BG_pm","c4r2",2017-03-03,"2017_pre","BG_pm","cXrY",102.642017018262,0.999999999999956,0.999999999999956,0,1
"PR_3March2017_BG_pm","c5r2",2017-03-03,"2017_pre","BG_pm","cXrY",102.64193008803,1,1,0,1
"PR_3March2017_BG_pm","c6r2",2017-03-03,"2017_pre","BG_pm","cXrY",102.647178882588,0.999999999999995,0.999999999999995,0,1
"PR_3March2017_BG_south1","l0s0",2017-03-03,"2017_pre","BG_south1","lXsY",60.5253450185359,0.999999999999981,0.250671824298855,0,0
"PR_3March2017_BG_south1","l0s1",2017-03-03,"2017_pre","BG_south1","lXsY",76.3260393239915,1,0,0,0
"PR_3March2017_BG_south1","l0s2",2017-03-03,"2017_pre","BG_south1","lXsY",68.4256241145805,0.999999999999984,0,0,0
"PR_3March2017_BG_south1","l0s3",2017-03-03,"2017_pre","BG_south1","lXsY",60.5274042667285,1,0,0,0
"PR_3March2017_BG_south1","l0s4",2017-03-03,"2017_pre","BG_south1","lXsY",68.4324502140522,0.999999999999979,0,0,0
"PR_3March2017_BG_south1","l0s5",2017-03-03,"2017_pre","BG_south1","lXsY",65.7972836158723,1,0,0,0
"PR_3March2017_BG_south1","l0s6",2017-03-03,"2017_pre","BG_south1","lXsY",55.2743260343306,1,0,0,0
"PR_3March2017_BG_south1","l0s7",2017-03-03,"2017_pre","BG_south1","lXsY",50.0087203464411,1,0,0,0
"PR_3March2017_BG_south1","l0s8",2017-03-03,"2017_pre","BG_south1","lXsY",34.2140140762433,0.999999999999974,0,0,0
"PR_3March2017_BG_south2","l0s0",2017-03-03,"2017_pre","BG_south2","lXsY",60.5282851004809,0.999999999999995,0.609681658776924,0,1
"PR_3March2017_BG_south2","l0s1",2017-03-03,"2017_pre","BG_south2","lXsY",68.4206921268955,0.999999999999995,0.00275794966306366,0,0
"PR_3March2017_BG_south2","l0s2",2017-03-03,"2017_pre","BG_south2","lXsY",73.6926373070478,0.999999999999987,0,0,0
"PR_3March2017_BG_south2","l0s3",2017-03-03,"2017_pre","BG_south2","lXsY",73.6879624704644,0.999999999999983,0,0,0
"PR_3March2017_BG_south2","l0s4",2017-03-03,"2017_pre","BG_south2","lXsY",68.4320152834937,0.999999999999991,0,0,0
"PR_3March2017_BG_south2","l0s5",2017-03-03,"2017_pre","BG_south2","lXsY",73.6946088164061,1,0,0,0
"PR_3March2017_BG_south2","l0s6",2017-03-03,"2017_pre","BG_south2","lXsY",71.0560968595892,0.999999999999987,0,0,0
"PR_3March2017_BG_south2","l0s7",2017-03-03,"2017_pre","BG_south2","lXsY",63.1645814010471,1,0,0,0
"PR_3March2017_BG_south2","l0s8",2017-03-03,"2017_pre","BG_south2","lXsY",39.4780254418194,1,0,0,0
"PR_3March2017_BG_south3","l0s0",2017-03-03,"2017_pre","BG_south3","lXsY",65.7949707098722,1,0.699643463271437,0,1
"PR_3March2017_BG_south3","l0s1",2017-03-03,"2017_pre","BG_south3","lXsY",73.6906687441066,0.999999999999941,0,0,0
"PR_3March2017_BG_south3","l0s2",2017-03-03,"2017_pre","BG_south3","lXsY",73.6994499956682,1,0,0,0
"PR_3March2017_BG_south3","l0s3",2017-03-03,"2017_pre","BG_south3","lXsY",68.425267665194,1,0,0,0
"PR_3March2017_BG_south3","l0s4",2017-03-03,"2017_pre","BG_south3","lXsY",71.061696294558,1,0,0,0
"PR_3March2017_BG_south3","l0s5",2017-03-03,"2017_pre","BG_south3","lXsY",73.6939437273815,0.999999999999983,0,0,0
"PR_3March2017_BG_south3","l0s6",2017-03-03,"2017_pre","BG_south3","lXsY",71.0595227586716,0.999999999999949,0,0,0
"PR_3March2017_BG_south3","l0s7",2017-03-03,"2017_pre","BG_south3","lXsY",47.3757579761974,1,0,0,0
"PR_3March2017_BG_south4","l0s0",2017-03-03,"2017_pre","BG_south4","lXsY",57.89580613617,1,0.0636269192972648,0,0
"PR_3March2017_BG_south4","l0s1",2017-03-03,"2017_pre","BG_south4","lXsY",60.5293380564019,0.999999999999981,0,0,0
"PR_3March2017_BG_south4","l0s2",2017-03-03,"2017_pre","BG_south4","lXsY",55.2670006771244,0.99999999999997,0,0,0
"PR_3March2017_BG_south4","l0s3",2017-03-03,"2017_pre","BG_south4","lXsY",60.5385167218968,0.999999999999992,0,0,0
"PR_3March2017_BG_south4","l0s4",2017-03-03,"2017_pre","BG_south4","lXsY",71.0643436214909,0.99999999999999,0,0,0
"PR_3March2017_BG_south4","l0s5",2017-03-03,"2017_pre","BG_south4","lXsY",63.1637772943526,0.999999999999999,0,0,0
"PR_3March2017_BG_south4","l0s6",2017-03-03,"2017_pre","BG_south4","lXsY",71.063753124167,0.999999999999946,0,0,0
"PR_3March2017_BG_south4","l0s7",2017-03-03,"2017_pre","BG_south4","lXsY",60.5345053891405,0.999999999999978,0,0,0
"PR_3March2017_BG_south5","l0s0",2017-03-03,"2017_pre","BG_south5","lXsY",52.6311487823114,0.999999999999989,0.932904495156683,0,1
"PR_3March2017_BG_south5","l0s1",2017-03-03,"2017_pre","BG_south5","lXsY",57.8966241637886,0.999999999999987,0,0,0
"PR_3March2017_BG_south5","l0s2",2017-03-03,"2017_pre","BG_south5","lXsY",60.5297284566566,1,0,0,0
"PR_3March2017_BG_south5","l0s3",2017-03-03,"2017_pre","BG_south5","lXsY",57.9035185387865,0.999999999999929,0,0,0
"PR_3March2017_BG_south5","l0s4",2017-03-03,"2017_pre","BG_south5","lXsY",68.4352271363273,0.999999999999965,0,0,0
"PR_3March2017_BG_south5","l0s5",2017-03-03,"2017_pre","BG_south5","lXsY",63.1645999628514,1,0,0,0
"PR_3March2017_BG_south5","l0s6",2017-03-03,"2017_pre","BG_south5","lXsY",65.8005949362978,0.999999999999984,0,0,0
"PR_3March2017_BG_south5","l0s7",2017-03-03,"2017_pre","BG_south5","lXsY",63.1707761400551,0.999999999999944,0,0,0
"PR_3March2017_BG_south5","l0s8",2017-03-03,"2017_pre","BG_south5","lXsY",52.6449164253533,1,0,0,0
"PR_3March2017_BG_south6","l0s0",2017-03-03,"2017_pre","BG_south6","lXsY",55.2641198549017,0.999999999999967,0.273142058932366,0,0
"PR_3March2017_BG_south6","l0s1",2017-03-03,"2017_pre","BG_south6","lXsY",60.5270487930939,1,0,0,0
"PR_3March2017_BG_south6","l0s2",2017-03-03,"2017_pre","BG_south6","lXsY",55.2678743967645,1,0,0,0
"PR_3March2017_BG_south6","l0s3",2017-03-03,"2017_pre","BG_south6","lXsY",60.5282619690225,0.999999999999996,0,0,0
"PR_3March2017_BG_south6","l0s4",2017-03-03,"2017_pre","BG_south6","lXsY",68.4243078007221,0.999999999999999,0,0,0
"PR_3March2017_BG_south6","l0s5",2017-03-03,"2017_pre","BG_south6","lXsY",73.6958341655552,1,0,0,0
"PR_3March2017_BG_south6","l0s6",2017-03-03,"2017_pre","BG_south6","lXsY",73.6964639641717,1,0,0,0
"PR_3March2017_BG_south6","l0s7",2017-03-03,"2017_pre","BG_south6","lXsY",52.6342494032808,1,0,0,0
"PR_3March2017_BG_south7","l0s0",2017-03-03,"2017_pre","BG_south7","lXsY",47.3719578686461,0.999999999999985,0.756165795671902,0,1
"PR_3March2017_BG_south7","l0s1",2017-03-03,"2017_pre","BG_south7","lXsY",52.6404240424931,1,0.114070505593679,0,0
"PR_3March2017_BG_south7","l0s2",2017-03-03,"2017_pre","BG_south7","lXsY",52.632551152721,0.999999999999965,0,0,0
"PR_3March2017_BG_south7","l0s3",2017-03-03,"2017_pre","BG_south7","lXsY",60.5338286807776,0.999999999999968,0,0,0
"PR_3March2017_BG_south7","l0s4",2017-03-03,"2017_pre","BG_south7","lXsY",55.2687517178006,1,0,0,0
"PR_3March2017_BG_south7","l0s5",2017-03-03,"2017_pre","BG_south7","lXsY",63.1701869990811,0.999999999999973,0,0,0
"PR_3March2017_BG_south7","l0s6",2017-03-03,"2017_pre","BG_south7","lXsY",60.5405247676313,1,0,0,0
"PR_3March2017_BG_south7","l0s7",2017-03-03,"2017_pre","BG_south7","lXsY",50.0121365479261,1,0,0,0
"PR_3March2017_BG0_am1","l0s0",2017-03-03,"2017_pre","BG0_am1","lXsY",73.6893726948813,1,1,0,1
"PR_3March2017_BG0_am1","l0s1",2017-03-03,"2017_pre","BG0_am1","lXsY",63.1554419144079,1,1,0,1
"PR_3March2017_BG0_am1","l0s2",2017-03-03,"2017_pre","BG0_am1","lXsY",65.7947069238424,0.99999999999997,0.99999999999997,0,1
"PR_3March2017_BG0_am1","l0s3",2017-03-03,"2017_pre","BG0_am1","lXsY",60.5291856384814,0.999999999999973,0.999999999999973,0,1
"PR_3March2017_BG0_am1","l0s4",2017-03-03,"2017_pre","BG0_am1","lXsY",63.1618546839327,0.999999999999987,0.999999999999987,0,1
"PR_3March2017_BG0_am1","l0s5",2017-03-03,"2017_pre","BG0_am1","lXsY",47.3716557935625,0.999999999999999,0.999999999999999,0,1
"PR_3March2017_BG0_am2","l0s0",2017-03-03,"2017_pre","BG0_am2","lXsY",73.6893726948813,1,1,0,1
"PR_3March2017_BG0_am2","l0s1",2017-03-03,"2017_pre","BG0_am2","lXsY",63.1554419144079,1,1,0,1
"PR_3March2017_BG0_am2","l0s2",2017-03-03,"2017_pre","BG0_am2","lXsY",65.7947069238424,0.99999999999997,0.99999999999997,0,1
"PR_3March2017_BG0_am2","l0s3",2017-03-03,"2017_pre","BG0_am2","lXsY",60.5291856384814,0.999999999999973,0.999999999999973,0,1
"PR_3March2017_BG0_am2","l0s4",2017-03-03,"2017_pre","BG0_am2","lXsY",63.1618546839327,0.999999999999987,0.999999999999987,0,1
"PR_3March2017_BG0_am2","l0s5",2017-03-03,"2017_pre","BG0_am2","lXsY",47.3716557935625,0.999999999999999,0.999999999999999,0,1
"PR_3March2017_BG0_noon1","l0s0",2017-03-03,"2017_pre","BG0_noon1","lXsY",73.6893726948813,1,1,0,1
"PR_3March2017_BG0_noon1","l0s1",2017-03-03,"2017_pre","BG0_noon1","lXsY",63.1554419144079,1,1,0,1
"PR_3March2017_BG0_noon1","l0s2",2017-03-03,"2017_pre","BG0_noon1","lXsY",65.7947069238424,0.99999999999997,0.99999999999997,0,1
"PR_3March2017_BG0_noon1","l0s3",2017-03-03,"2017_pre","BG0_noon1","lXsY",60.5291856384814,0.999999999999973,0.999999999999973,0,1
"PR_3March2017_BG0_noon1","l0s4",2017-03-03,"2017_pre","BG0_noon1","lXsY",63.1618546839327,0.999999999999987,0.999999999999987,0,1
"PR_3March2017_BG0_noon1","l0s5",2017-03-03,"2017_pre","BG0_noon1","lXsY",47.3716557935625,0.999999999999999,0.999999999999999,0,1
"PR_3March2017_BG0_noon2","l0s0",2017-03-03,"2017_pre","BG0_noon2","lXsY",73.6893726948813,1,1,0,1
"PR_3March2017_BG0_noon2","l0s1",2017-03-03,"2017_pre","BG0_noon2","lXsY",63.1554419144079,1,1,0,1
"PR_3March2017_BG0_noon2","l0s2",2017-03-03,"2017_pre","BG0_noon2","lXsY",65.7947069238424,0.99999999999997,0.99999999999997,0,1
"PR_3March2017_BG0_noon2","l0s3",2017-03-03,"2017_pre","BG0_noon2","lXsY",60.5291856384814,0.999999999999973,0.999999999999973,0,1
"PR_3March2017_BG0_noon2","l0s4",2017-03-03,"2017_pre","BG0_noon2","lXsY",63.1618546839327,0.999999999999987,0.999999999999987,0,1
"PR_3March2017_BG0_noon2","l0s5",2017-03-03,"2017_pre","BG0_noon2","lXsY",47.3716557935625,0.999999999999999,0.999999999999999,0,1
"PR_3March2017_BG0_noon3","l0s0",2017-03-03,"2017_pre","BG0_noon3","lXsY",73.6893726948813,1,1,0,1
"PR_3March2017_BG0_noon3","l0s1",2017-03-03,"2017_pre","BG0_noon3","lXsY",63.1554419144079,1,1,0,1
"PR_3March2017_BG0_noon3","l0s2",2017-03-03,"2017_pre","BG0_noon3","lXsY",65.7947069238424,0.99999999999997,0.99999999999997,0,1
"PR_3March2017_BG0_noon3","l0s3",2017-03-03,"2017_pre","BG0_noon3","lXsY",60.5291856384814,0.999999999999973,0.999999999999973,0,1
"PR_3March2017_BG0_noon3","l0s4",2017-03-03,"2017_pre","BG0_noon3","lXsY",63.1618546839327,0.999999999999987,0.999999999999987,0,1
"PR_3March2017_BG0_noon3","l0s5",2017-03-03,"2017_pre","BG0_noon3","lXsY",47.3716557935625,0.999999999999999,0.999999999999999,0,1
"PR_3March2017_BG0_pm1","l0s0",2017-03-03,"2017_pre","BG0_pm1","lXsY",73.6893726948813,1,1,0,1
"PR_3March2017_BG0_pm1","l0s1",2017-03-03,"2017_pre","BG0_pm1","lXsY",63.1554419144079,1,1,0,1
"PR_3March2017_BG0_pm1","l0s2",2017-03-03,"2017_pre","BG0_pm1","lXsY",65.7947069238424,0.99999999999997,0.99999999999997,0,1
"PR_3March2017_BG0_pm1","l0s3",2017-03-03,"2017_pre","BG0_pm1","lXsY",60.5291856384814,0.999999999999973,0.999999999999973,0,1
"PR_3March2017_BG0_pm1","l0s4",2017-03-03,"2017_pre","BG0_pm1","lXsY",63.1618546839327,0.999999999999987,0.999999999999987,0,1
"PR_3March2017_BG0_pm1","l0s5",2017-03-03,"2017_pre","BG0_pm1","lXsY",47.3716557935625,0.999999999999999,0.999999999999999,0,1
"PR_3March2017_BG0_pm2","l0s0",2017-03-03,"2017_pre","BG0_pm2","lXsY",73.6893726948813,1,1,0,1
"PR_3March2017_BG0_pm2","l0s1",2017-03-03,"2017_pre","BG0_pm2","lXsY",63.1554419144079,1,1,0,1
"PR_3March2017_BG0_pm2","l0s2",2017-03-03,"2017_pre","BG0_pm2","lXsY",65.7947069238424,0.99999999999997,0.99999999999997,0,1
"PR_3March2017_BG0_pm2","l0s3",2017-03-03,"2017_pre","BG0_pm2","lXsY",60.5291856384814,0.999999999999973,0.999999999999973,0,1
"PR_3March2017_BG0_pm2","l0s4",2017-03-03,"2017_pre","BG0_pm2","lXsY",63.1618546839327,0.999999999999987,0.999999999999987,0,1
"PR_3March2017_BG0_pm2","l0s5",2017-03-03,"2017_pre","BG0_pm2","lXsY",47.3716557935625,0.999999999999999,0.999999999999999,0,1
"PR_5March2017_108","l0s0",2017-03-05,"2017_pre","108","lXsY",60.5384835579023,1,1,0,1
"PR_5March2017_108","l0s1",2017-03-05,"2017_pre","108","lXsY",47.3762442964174,1,1,0,1
"PR_5March2017_108","l0s2",2017-03-05,"2017_pre","108","lXsY",44.7447878782891,0.999999999999987,0.999999999999987,0,1
"PR_5March2017_108","l0s3",2017-03-05,"2017_pre","108","lXsY",44.7455946132623,0.999999999999977,0.999999999999977,0,1
"PR_5March2017_108","l0s4",2017-03-05,"2017_pre","108","lXsY",47.3755358721644,0.999999999999962,0.999999999999962,0,1
"PR_5March2017_108","l0s5",2017-03-05,"2017_pre","108","lXsY",44.7530801634908,1,1,0,1
"PR_5March2017_108","l0s6",2017-03-05,"2017_pre","108","lXsY",50.0158908811182,1,1,0,1
"PR_5March2017_108","l0s7",2017-03-05,"2017_pre","108","lXsY",44.7469561694279,0.99999999999997,0.99999999999997,0,1
"PR_5March2017_108","l0s8",2017-03-05,"2017_pre","108","lXsY",52.6512671833135,1,1,0,1
"PR_5March2017_108","l0s9",2017-03-05,"2017_pre","108","lXsY",44.7544463855505,1,1,0,1
"PR_5March2017_119a","l0s0",2017-03-05,"2017_pre","119a","lXsY",63.1616671015233,0.999999999999982,0.999999999999982,0,1
"PR_5March2017_119a","l0s1",2017-03-05,"2017_pre","119a","lXsY",78.9473424936712,0.999999999999951,0.999999999999989,0,1
"PR_5March2017_119a","l0s2",2017-03-05,"2017_pre","119a","lXsY",78.9384181163028,0.999999999999987,0.999999999999987,0,1
"PR_5March2017_119a","l0s3",2017-03-05,"2017_pre","119a","lXsY",78.9549245946243,1,1,0,1
"PR_5March2017_119a","l0s4",2017-03-05,"2017_pre","119a","lXsY",86.8514037620664,1,1,0,1
"PR_5March2017_119a","l0s5",2017-03-05,"2017_pre","119a","lXsY",81.5824387746677,0.999999999999986,0.999999999999986,0,1
"PR_5March2017_119a","l0s6",2017-03-05,"2017_pre","119a","lXsY",84.2132339489594,0.999999999999992,0.999999999999992,0,1
"PR_5March2017_119a","l0s7",2017-03-05,"2017_pre","119a","lXsY",73.689167861329,0.999999999999923,1,0,1
"PR_5March2017_119a","l0s8",2017-03-05,"2017_pre","119a","lXsY",76.3257892671287,1,1.31901361363386e-05,0,0
"PR_5March2017_119a","l0s9",2017-03-05,"2017_pre","119a","lXsY",68.4341445342213,0.999999999999993,0,0,0
"PR_5March2017_119b","l0s4",2017-03-05,"2017_pre","119b","lXsY",86.8514037620664,1,1,0,1
"PR_5March2017_119b","l0s5",2017-03-05,"2017_pre","119b","lXsY",81.5824387746677,0.999999999999986,0.999999999999986,0,1
"PR_5March2017_119b","l0s6",2017-03-05,"2017_pre","119b","lXsY",84.2132339489594,0.999999999999992,0.999999999999992,0,1
"PR_5March2017_119b","l0s7",2017-03-05,"2017_pre","119b","lXsY",73.689167861329,0.999999999999923,1,0,1
"PR_5March2017_119b","l0s8",2017-03-05,"2017_pre","119b","lXsY",76.3257892671287,1,1.31901361363386e-05,0,0
"PR_5March2017_119b","l0s9",2017-03-05,"2017_pre","119b","lXsY",68.4341445342213,0.999999999999993,0,0,0
"PR_5March2017_130","l0s0",2017-03-05,"2017_pre","130","lXsY",63.1665458637491,1,1,0,1
"PR_5March2017_130","l0s1",2017-03-05,"2017_pre","130","lXsY",65.8061460580245,1,1,0,1
"PR_5March2017_130","l0s2",2017-03-05,"2017_pre","130","lXsY",81.5952126642287,1,1,0,1
"PR_5March2017_130","l0s3",2017-03-05,"2017_pre","130","lXsY",76.3343323812529,0.999999999999968,0.999999999999949,0,1
"PR_5March2017_130","l0s4",2017-03-05,"2017_pre","130","lXsY",221.116423232245,1,1,0,1
"PR_5March2017_130","l0s5",2017-03-05,"2017_pre","130","lXsY",210.594991796213,0.999999999999977,0.999999999999977,0,1
"PR_5March2017_130","l0s6",2017-03-05,"2017_pre","130","lXsY",165.833270097825,1,1,0,1
"PR_5March2017_130","l0s7",2017-03-05,"2017_pre","130","lXsY",173.734389263576,0.999999999999964,0.999999999999964,0,1
"PR_5March2017_130","l0s8",2017-03-05,"2017_pre","130","lXsY",60.5506512289718,0.999999999999967,7.05004206168885e-06,0,0
"PR_5March2017_59","l0s0",2017-03-05,"2017_pre","59","lXsY",42.1017516180016,0.999999999999976,0.999999999999976,0,1
"PR_5March2017_59","l0s1",2017-03-05,"2017_pre","59","lXsY",44.7428616811864,0.999999999999997,1,0,1
"PR_5March2017_59","l0s10",2017-03-05,"2017_pre","59","lXsY",47.3766331197232,0.999999999999981,0.999999999999981,0,1
"PR_5March2017_59","l0s11",2017-03-05,"2017_pre","59","lXsY",47.3821594651148,1,1,0,1
"PR_5March2017_59","l0s12",2017-03-05,"2017_pre","59","lXsY",50.0148012266688,0.999999999999992,0.999999999999992,0,1
"PR_5March2017_59","l0s13",2017-03-05,"2017_pre","59","lXsY",52.6477149200737,0.999999999999993,0.999999999999993,0,1
"PR_5March2017_59","l0s14",2017-03-05,"2017_pre","59","lXsY",55.2892381572261,1,1,0,1
"PR_5March2017_59","l0s15",2017-03-05,"2017_pre","59","lXsY",47.3816708098628,0.999999999999991,0.999999999999991,0,1
"PR_5March2017_59","l0s16",2017-03-05,"2017_pre","59","lXsY",50.0169887614056,0.999999999999949,0.999999999999949,0,1
"PR_5March2017_59","l0s17",2017-03-05,"2017_pre","59","lXsY",63.1857315247744,0.999999999999957,0.999999999999981,0,1
"PR_5March2017_59","l0s18",2017-03-05,"2017_pre","59","lXsY",73.7126051247194,0.999999999999962,2.30233773136143e-05,0,0
"PR_5March2017_59","l0s19",2017-03-05,"2017_pre","59","lXsY",52.6525331817463,1,0,0,0
"PR_5March2017_59","l0s2",2017-03-05,"2017_pre","59","lXsY",50.0109648419611,0.999999999999991,0.999999999999976,0,1
"PR_5March2017_59","l0s20",2017-03-05,"2017_pre","59","lXsY",63.1815983684897,1,0.337137694414119,0,0
"PR_5March2017_59","l0s21",2017-03-05,"2017_pre","59","lXsY",47.3913119544648,0.999999999999971,0.348166029389333,0,0
"PR_5March2017_59","l0s3",2017-03-05,"2017_pre","59","lXsY",50.0025756832391,1,1,0,1
"PR_5March2017_59","l0s4",2017-03-05,"2017_pre","59","lXsY",50.0049639310934,0.999999999999987,0.999999999999987,0,1
"PR_5March2017_59","l0s5",2017-03-05,"2017_pre","59","lXsY",42.1167767115653,1,1,0,1
"PR_5March2017_59","l0s6",2017-03-05,"2017_pre","59","lXsY",42.1167417650841,0.999999999999981,0.999999999999981,0,1
"PR_5March2017_59","l0s7",2017-03-05,"2017_pre","59","lXsY",44.7444682505593,0.999999999999979,0.999999999999979,0,1
"PR_5March2017_59","l0s8",2017-03-05,"2017_pre","59","lXsY",44.7410316847339,1,1,0,1
"PR_5March2017_59","l0s9",2017-03-05,"2017_pre","59","lXsY",42.1163895526037,0.999999999999988,0.999999999999952,0,1
"PR_5March2017_BG0_am","l0s0",2017-03-05,"2017_pre","BG0_am","lXsY",73.6893726948813,1,1,0,1
"PR_5March2017_BG0_am","l0s1",2017-03-05,"2017_pre","BG0_am","lXsY",63.1554419144079,1,1,0,1
"PR_5March2017_BG0_am","l0s2",2017-03-05,"2017_pre","BG0_am","lXsY",65.7947069238424,0.99999999999997,0.99999999999997,0,1
"PR_5March2017_BG0_am","l0s3",2017-03-05,"2017_pre","BG0_am","lXsY",60.5291856384814,0.999999999999973,0.999999999999973,0,1
"PR_5March2017_BG0_am","l0s4",2017-03-05,"2017_pre","BG0_am","lXsY",63.1618546839327,0.999999999999987,0.999999999999987,0,1
"PR_5March2017_BG0_am","l0s5",2017-03-05,"2017_pre","BG0_am","lXsY",47.3716557935625,0.999999999999999,0.999999999999999,0,1
"PR_5March2017_BG0_noon","l0s0",2017-03-05,"2017_pre","BG0_noon","lXsY",73.6893726948813,1,1,0,1
"PR_5March2017_BG0_noon","l0s1",2017-03-05,"2017_pre","BG0_noon","lXsY",63.1554419144079,1,1,0,1
"PR_5March2017_BG0_noon","l0s2",2017-03-05,"2017_pre","BG0_noon","lXsY",65.7947069238424,0.99999999999997,0.99999999999997,0,1
"PR_5March2017_BG0_noon","l0s3",2017-03-05,"2017_pre","BG0_noon","lXsY",60.5291856384814,0.999999999999973,0.999999999999973,0,1
"PR_5March2017_BG0_noon","l0s4",2017-03-05,"2017_pre","BG0_noon","lXsY",63.1618546839327,0.999999999999987,0.999999999999987,0,1
"PR_5March2017_BG0_noon","l0s5",2017-03-05,"2017_pre","BG0_noon","lXsY",47.3716557935625,0.999999999999999,0.999999999999999,0,1
"PR_5March2017_EV1","c0r0",2017-03-05,"2017_pre","EV1","cXrY",102.668559277172,0.999999999999993,0.0319003684914781,0,0
"PR_5March2017_EV1","c1r0",2017-03-05,"2017_pre","EV1","cXrY",102.673747471255,1,0,0,0
"PR_5March2017_EV1","c2r0",2017-03-05,"2017_pre","EV1","cXrY",102.662532591181,1,1,1,2
"PR_5March2017_EV1","c3r0",2017-03-05,"2017_pre","EV1","cXrY",102.673240829468,0.999999999999993,0.999999999999993,0.999999999999993,2
"PR_5March2017_EV1","c0r1",2017-03-05,"2017_pre","EV1","cXrY",102.668366498746,1,0,0,0
"PR_5March2017_EV1","c1r1",2017-03-05,"2017_pre","EV1","cXrY",102.673554944335,0.999999999999957,0.999999999999957,0,1
"PR_5March2017_EV1","c2r1",2017-03-05,"2017_pre","EV1","cXrY",102.673553551802,1,1,1,2
"PR_5March2017_EV1","c3r1",2017-03-05,"2017_pre","EV1","cXrY",102.678568810368,0.999999999999984,0.999999999999984,0.999999999999984,2
"PR_5March2017_EV1","c4r1",2017-03-05,"2017_pre","EV1","cXrY",102.678487408848,0.999999999999994,0.999999999999994,0.999999999999994,2
"PR_5March2017_EV1","c5r1",2017-03-05,"2017_pre","EV1","cXrY",102.67254639678,1,1,1,2
"PR_5March2017_EV1","c1r2",2017-03-05,"2017_pre","EV1","cXrY",102.673364470825,1,1,0,1
"PR_5March2017_EV1","c2r2",2017-03-05,"2017_pre","EV1","cXrY",102.667669283377,0.999999999999974,0.999999999999974,0,1
"PR_5March2017_EV1","c3r2",2017-03-05,"2017_pre","EV1","cXrY",102.678297359689,1,1,1,2
"PR_5March2017_EV1","c4r2",2017-03-05,"2017_pre","EV1","cXrY",102.672603921855,0.99999999999997,0.99999999999997,0.99999999999997,2
"PR_5March2017_EV1","c5r2",2017-03-05,"2017_pre","EV1","cXrY",102.672778277555,0.999999999999997,0.999999999999997,0.999999999999997,2
"PR_5March2017_EV1","c6r2",2017-03-05,"2017_pre","EV1","cXrY",102.67754056792,1,0.999999999999972,0.999999999999972,2
"PR_5March2017_EV1","c7r2",2017-03-05,"2017_pre","EV1","cXrY",102.672022923726,0.999999999999929,0.999999999999929,0.999999999999929,2
"PR_5March2017_EV1","c3r3",2017-03-05,"2017_pre","EV1","cXrY",102.672837944131,1,1,0,1
"PR_5March2017_EV1","c4r3",2017-03-05,"2017_pre","EV1","cXrY",102.672416555573,0.999999999999975,0.999999999999975,0.999999999999975,2
"PR_5March2017_EV1","c5r3",2017-03-05,"2017_pre","EV1","cXrY",102.672335382459,0.999999999999975,0.999999999999975,0.999999999999975,2
"PR_5March2017_EV1","c6r3",2017-03-05,"2017_pre","EV1","cXrY",102.683047739708,0.999999999999948,0.999999999999948,0.999999999999948,2
"PR_5March2017_EV1","c7r3",2017-03-05,"2017_pre","EV1","cXrY",102.677357181278,0.999999999999999,0.999999999999999,0.999999999999999,2
"PR_5March2017_EV1","c5r4",2017-03-05,"2017_pre","EV1","cXrY",102.677670924199,0.999999999999967,0.999999999999967,0,1
"PR_5March2017_EV1","c6r4",2017-03-05,"2017_pre","EV1","cXrY",102.682863222486,1,1,0,1
"PR_5March2017_EV2","c7r0",2017-03-05,"2017_pre","EV2","cXrY",102.691532176653,0.999999999999953,0.999999999999953,0.887455971113984,2
"PR_5March2017_EV2","c8r0",2017-03-05,"2017_pre","EV2","cXrY",102.680326772791,1,1,0,1
"PR_5March2017_EV2","c9r0",2017-03-05,"2017_pre","EV2","cXrY",102.696322214913,0.999999999999998,0.999999999999998,0,1
"PR_5March2017_EV2","c10r0",2017-03-05,"2017_pre","EV2","cXrY",102.696333604953,1,1,0,1
"PR_5March2017_EV2","c11r0",2017-03-05,"2017_pre","EV2","cXrY",102.69625564293,1,0.76575230211845,0,1
"PR_5March2017_EV2","c6r1",2017-03-05,"2017_pre","EV2","cXrY",102.680626406929,0.999999999999957,0.999999999999943,0,1
"PR_5March2017_EV2","c7r1",2017-03-05,"2017_pre","EV2","cXrY",102.691345373985,0.999999999999932,0.999999999999932,0.897383851793583,2
"PR_5March2017_EV2","c8r1",2017-03-05,"2017_pre","EV2","cXrY",102.696790235129,0.999999999999995,0.999999999999995,0,1
"PR_5March2017_EV2","c9r1",2017-03-05,"2017_pre","EV2","cXrY",102.691020333284,0.999999999999966,0.999999999999966,0.0445975979817256,1
"PR_5March2017_EV2","c10r1",2017-03-05,"2017_pre","EV2","cXrY",102.685091616505,1,0.941157454908856,0.793907763877669,2
"PR_5March2017_EV2","c5r2",2017-03-05,"2017_pre","EV2","cXrY",102.691810123545,0.999999999999996,0.999999999999937,0,1
"PR_5March2017_EV2","c6r2",2017-03-05,"2017_pre","EV2","cXrY",102.680602333504,0.999999999999968,0.999999999999968,0,1
"PR_5March2017_EV2","c7r2",2017-03-05,"2017_pre","EV2","cXrY",102.685629602638,1,1,0.889547759338223,2
"PR_5March2017_EV2","c8r2",2017-03-05,"2017_pre","EV2","cXrY",102.690826225787,0.999999999999927,0.999999999999927,0.010066849294448,1
"PR_5March2017_EV2","c4r3",2017-03-05,"2017_pre","EV2","cXrY",102.681156626341,1,1,0,1
"PR_5March2017_EV2","c5r3",2017-03-05,"2017_pre","EV2","cXrY",102.691626979259,0.999999999999994,0.999999999999994,0,1
"PR_5March2017_EV2","c6r3",2017-03-05,"2017_pre","EV2","cXrY",102.691633621028,1,1,0,1
"PR_5March2017_EV2","c7r3",2017-03-05,"2017_pre","EV2","cXrY",102.702098665324,1,1,0.801277361166709,2
"PR_5March2017_EV2","c3r4",2017-03-05,"2017_pre","EV2","cXrY",102.680969882697,0.999999999999996,0.999999999999996,0.987247678980803,2
"PR_5March2017_EV2","c4r4",2017-03-05,"2017_pre","EV2","cXrY",102.67545280169,0.999999999999947,0.999999999999947,0.11879866765863,1
"PR_5March2017_EV2","c5r4",2017-03-05,"2017_pre","EV2","cXrY",102.685915463409,1,1,0,1
"PR_5March2017_EV2","c6r4",2017-03-05,"2017_pre","EV2","cXrY",102.680399547949,0.999999999999992,0.999999999999992,0,1
"PR_5March2017_EV2","c2r5",2017-03-05,"2017_pre","EV2","cXrY",102.681032634738,1,1,0.879723458221022,2
"PR_5March2017_EV2","c3r5",2017-03-05,"2017_pre","EV2","cXrY",102.675515235096,0.999999999999998,0.999999999999998,0.999999999999998,2
"PR_5March2017_EV2","c4r5",2017-03-05,"2017_pre","EV2","cXrY",102.680710264298,1,1,0.120333031645356,1
"PR_5March2017_EV2","c5r5",2017-03-05,"2017_pre","EV2","cXrY",102.685736473194,0.999999999999988,0.999999999999988,0,1
"PR_5March2017_EV2","c1r6",2017-03-05,"2017_pre","EV2","cXrY",102.681269287151,1,0.999996539418696,0,1
"PR_5March2017_EV2","c2r6",2017-03-05,"2017_pre","EV2","cXrY",102.680854986978,1,1,0.0112705161878924,1
"PR_5March2017_EV2","c3r6",2017-03-05,"2017_pre","EV2","cXrY",102.680775097814,1,1,0.881248818673025,2
"PR_5March2017_EV2","c0r7",2017-03-05,"2017_pre","EV2","cXrY",102.681509865761,1,0.488521413762848,0,0
"PR_5March2017_EV2","c1r7",2017-03-05,"2017_pre","EV2","cXrY",102.675818335149,0.999999999999995,0.845261949628789,0,1
"PR_5March2017_EV2","c2r7",2017-03-05,"2017_pre","EV2","cXrY",102.680842093974,1,0.86243781462488,0,1
"PR_5March2017_EV2","c0r8",2017-03-05,"2017_pre","EV2","cXrY",102.68133530049,1,0.462859930180738,0,0
"PR_5March2017_EV2","c1r8",2017-03-05,"2017_pre","EV2","cXrY",102.675644031456,1,0.452211697947316,0,0
"PR_5March2017_fort","l0s0",2017-03-05,"2017_pre","fort","lXsY",52.6266017102525,1,0,0,0
"PR_5March2017_fort","l0s1",2017-03-05,"2017_pre","fort","lXsY",55.2511511369601,0.999999999999954,0,0,0
"PR_5March2017_fort","l0s2",2017-03-05,"2017_pre","fort","lXsY",63.156408612746,0.999999999999988,0,0,0
"PR_8March2017_114","l0s0",2017-03-08,"2017_pre","114","lXsY",63.0317890462093,1,1,0,1
"PR_8March2017_114","l0s1",2017-03-08,"2017_pre","114","lXsY",65.6559427720912,1,1,0,1
"PR_8March2017_114","l0s2",2017-03-08,"2017_pre","114","lXsY",70.9160844207972,1,1,0,1
"PR_8March2017_114","l0s3",2017-03-08,"2017_pre","114","lXsY",42.0166796677262,0.99999999999996,0.99999999999996,0,1
"PR_8March2017_115","l0s0",2017-03-08,"2017_pre","115","lXsY",89.3005607419297,1,1,0,1
"PR_8March2017_115","l0s1",2017-03-08,"2017_pre","115","lXsY",86.6697562190421,1,1,0,1
"PR_8March2017_115","l0s2",2017-03-08,"2017_pre","115","lXsY",57.788535001599,0.999999999999974,0.999999999999974,0,1
"PR_8March2017_115","l0s3",2017-03-08,"2017_pre","115","lXsY",65.6656214256301,1,1,0,1
"PR_8March2017_115","l0s4",2017-03-08,"2017_pre","115","lXsY",36.7685255956985,0.999999999999979,0.999999999999979,0,1
"PR_8March2017_115","l0s5",2017-03-08,"2017_pre","115","lXsY",52.5278004502721,0.999999999999991,0.999999999999991,0,1
"PR_8March2017_115","l0s6",2017-03-08,"2017_pre","115","lXsY",36.7756580647267,0.999999999999988,0.999999999999988,0,1
"PR_8March2017_131","l0s0",2017-03-08,"2017_pre","131","lXsY",91.9214752199061,0.999999999999985,0,0,0
"PR_8March2017_131","l0s1",2017-03-08,"2017_pre","131","lXsY",123.452934737886,0.999999999999977,0,0,0
"PR_8March2017_131","l0s2",2017-03-08,"2017_pre","131","lXsY",131.33105694572,0.999999999999987,0,0,0
"PR_8March2017_131","l0s3",2017-03-08,"2017_pre","131","lXsY",120.816066060132,1,0,0,0
"PR_8March2017_131","l0s4",2017-03-08,"2017_pre","131","lXsY",76.1689250931375,1,0,0,0
"PR_8March2017_43","l0s0",2017-03-08,"2017_pre","43","lXsY",76.1477354563795,1,0,0,0
"PR_8March2017_43","l0s1",2017-03-08,"2017_pre","43","lXsY",84.0346348202705,1,1,0,1
"PR_8March2017_43","l0s10",2017-03-08,"2017_pre","43","lXsY",65.6580736338303,0.999999999999979,0.999999999999979,0,1
"PR_8March2017_43","l0s11",2017-03-08,"2017_pre","43","lXsY",57.7875591069251,0.999999999999995,0.237490571289253,0,0
"PR_8March2017_43","l0s2",2017-03-08,"2017_pre","43","lXsY",73.5222199963488,0.999999999999994,0.999999999999994,0,1
"PR_8March2017_43","l0s3",2017-03-08,"2017_pre","43","lXsY",81.4094611327037,1,1,0,1
"PR_8March2017_43","l0s4",2017-03-08,"2017_pre","43","lXsY",68.278913138999,0.999999999999986,0.999999999999986,0,1
"PR_8March2017_43","l0s5",2017-03-08,"2017_pre","43","lXsY",73.5402090831123,1,1,0,1
"PR_8March2017_43","l0s6",2017-03-08,"2017_pre","43","lXsY",63.0365867394671,0.999999999999985,0.999999999999985,0,1
"PR_8March2017_43","l0s7",2017-03-08,"2017_pre","43","lXsY",70.9142257438108,1,1,0,1
"PR_8March2017_43","l0s8",2017-03-08,"2017_pre","43","lXsY",63.0295174927905,1,1,0,1
"PR_8March2017_43","l0s9",2017-03-08,"2017_pre","43","lXsY",70.9120669131957,1,1,0,1
"PR_8March2017_44","l0s0",2017-03-08,"2017_pre","44","lXsY",91.9436303238138,1,1,0,1
"PR_8March2017_44","l0s1",2017-03-08,"2017_pre","44","lXsY",126.108119428742,0.999999999999996,0.999999999999996,0,1
"PR_8March2017_44","l0s2",2017-03-08,"2017_pre","44","lXsY",107.709218461002,0.999999999999997,0.999999999999997,0,1
"PR_8March2017_44","l0s3",2017-03-08,"2017_pre","44","lXsY",128.726845700087,0.999999999999988,0.999999999999988,0,1
"PR_8March2017_44","l0s4",2017-03-08,"2017_pre","44","lXsY",118.200527936156,1,1,0,1
"PR_8March2017_44","l0s5",2017-03-08,"2017_pre","44","lXsY",52.5438861658514,0.999999999999962,0,0,0
"PR_8March2017_45_46","l0s0",2017-03-08,"2017_pre","45_46","lXsY",84.0785346074224,1,1,0,1
"PR_8March2017_45_46","l0s1",2017-03-08,"2017_pre","45_46","lXsY",102.465477023189,1,1,0,1
"PR_8March2017_45_46","l0s10",2017-03-08,"2017_pre","45_46","lXsY",191.835871415266,1,1,0,1
"PR_8March2017_45_46","l0s11",2017-03-08,"2017_pre","45_46","lXsY",212.869528057855,1,1,0,1
"PR_8March2017_45_46","l0s12",2017-03-08,"2017_pre","45_46","lXsY",89.351221576491,0.99999999999999,0.99999999999999,0,1
"PR_8March2017_45_46","l0s2",2017-03-08,"2017_pre","45_46","lXsY",89.3282428680353,1,1,0,1
"PR_8March2017_45_46","l0s3",2017-03-08,"2017_pre","45_46","lXsY",78.8255332906678,0.999999999999974,0.999999999999974,0,1
"PR_8March2017_45_46","l0s4",2017-03-08,"2017_pre","45_46","lXsY",86.7071319885008,0.99999999999998,0.99999999999998,0,1
"PR_8March2017_45_46","l0s5",2017-03-08,"2017_pre","45_46","lXsY",102.476322896254,1,1,0,1
"PR_8March2017_45_46","l0s6",2017-03-08,"2017_pre","45_46","lXsY",115.618641246973,0.999999999999999,0.999999999999999,0,1
"PR_8March2017_45_46","l0s7",2017-03-08,"2017_pre","45_46","lXsY",97.2247823421434,1,0.45869399969986,0,0
"PR_8March2017_45_46","l0s8",2017-03-08,"2017_pre","45_46","lXsY",173.416820244801,1,0,0,0
"PR_8March2017_45_46","l0s9",2017-03-08,"2017_pre","45_46","lXsY",181.315034459999,0.999999999999982,0.999999999999982,0,1
"PR_8March2017_54","l0s0",2017-03-08,"2017_pre","54","lXsY",44.6461249535453,1,1,0,1
"PR_8March2017_54","l0s1",2017-03-08,"2017_pre","54","lXsY",42.0153632801853,0.999999999999992,0.999999999999992,0,1
"PR_8March2017_54","l0s2",2017-03-08,"2017_pre","54","lXsY",44.648128818145,0.999999999999982,0.999999999999982,0,1
"PR_8March2017_54","l0s3",2017-03-08,"2017_pre","54","lXsY",42.0239877890509,0.999999999999992,0.999999999999992,0,1
"PR_8March2017_55","l0s0",2017-03-08,"2017_pre","55","lXsY",65.6862820464209,0.999999999999959,0.999999999999959,0,1
"PR_8March2017_55","l0s1",2017-03-08,"2017_pre","55","lXsY",78.8279517445624,1,1,0,1
"PR_8March2017_55","l0s2",2017-03-08,"2017_pre","55","lXsY",63.0636711275488,1,1,0,1
"PR_8March2017_71","l0s0",2017-03-08,"2017_pre","71","lXsY",86.6663810894899,0.999999999999984,0.999999999999984,0,1
"PR_8March2017_71","l0s1",2017-03-08,"2017_pre","71","lXsY",105.052804136264,0.999999999999993,0.999999999999993,0,1
"PR_8March2017_71","l0s2",2017-03-08,"2017_pre","71","lXsY",65.6542913185388,0.999999999999987,0.999999999999987,0,1
"PR_8March2017_80","l0s0",2017-03-08,"2017_pre","80","lXsY",89.3425489898905,1,3.37331553977955e-08,0,0
"PR_8March2017_80","l0s1",2017-03-08,"2017_pre","80","lXsY",107.738656624402,0.999999999999956,0.99999999999997,0,1
"PR_8March2017_80","l0s2",2017-03-08,"2017_pre","80","lXsY",110.366031006493,0.99999999999999,0.99999999999999,0,1
"PR_8March2017_80","l0s3",2017-03-08,"2017_pre","80","lXsY",81.4614775701806,1,0.999999999999991,0,1
"PR_8March2017_extra","l0s0",2017-03-08,"2017_pre","extra","lXsY",86.6622975131959,1,0,0,0
"PR_8March2017_extra","l0s1",2017-03-08,"2017_pre","extra","lXsY",97.1734942170009,0.999999999999995,0,0,0
"PR_8March2017_extra","l0s10",2017-03-08,"2017_pre","extra","lXsY",55.1602255984344,0.999999999999989,0,0,0
"PR_8March2017_extra","l0s11",2017-03-08,"2017_pre","extra","lXsY",52.5359237566948,1,0,0,0
"PR_8March2017_extra","l0s12",2017-03-08,"2017_pre","extra","lXsY",55.1695788172267,1,0,0,0
"PR_8March2017_extra","l0s13",2017-03-08,"2017_pre","extra","lXsY",55.169900431633,1,0,0,0
"PR_8March2017_extra","l0s14",2017-03-08,"2017_pre","extra","lXsY",57.7867496509306,1,0,0,0
"PR_8March2017_extra","l0s15",2017-03-08,"2017_pre","extra","lXsY",57.7927555146016,0.999999999999992,0,0,0
"PR_8March2017_extra","l0s16",2017-03-08,"2017_pre","extra","lXsY",52.5458403070226,1,0,0,0
"PR_8March2017_extra","l0s17",2017-03-08,"2017_pre","extra","lXsY",52.5379756812066,1,0,0,0
"PR_8March2017_extra","l0s18",2017-03-08,"2017_pre","extra","lXsY",36.777092363634,0.999999999999987,0,0,0
"PR_8March2017_extra","l0s2",2017-03-08,"2017_pre","extra","lXsY",81.4178547302358,1,0.0443026702229785,0,0
"PR_8March2017_extra","l0s3",2017-03-08,"2017_pre","extra","lXsY",36.7673636533253,0.999999999999997,0.225712230792205,0,0
"PR_8March2017_extra","l0s4",2017-03-08,"2017_pre","extra","lXsY",36.7672240373772,1,0.0164985337949182,0,0
"PR_8March2017_extra","l0s5",2017-03-08,"2017_pre","extra","lXsY",31.5193275303084,1,0,0,0
"PR_8March2017_extra","l0s6",2017-03-08,"2017_pre","extra","lXsY",39.4056077656485,1,0.0764209565822161,0,0
"PR_8March2017_extra","l0s7",2017-03-08,"2017_pre","extra","lXsY",42.0298549662966,0.999999999999994,0,0,0
"PR_8March2017_extra","l0s8",2017-03-08,"2017_pre","extra","lXsY",57.7928238182828,1,0,0,0
"PR_8March2017_extra","l0s9",2017-03-08,"2017_pre","extra","lXsY",65.6673093626343,0.999999999999982,0,0,0
"PR_8March2017_FIA22","l0s0",2017-03-08,"2017_pre","FIA22","lXsY",118.253920932144,1,0,0,0
"PR_8March2017_FIA22","l0s1",2017-03-08,"2017_pre","FIA22","lXsY",139.267380837879,0.999999999999997,5.37721227254797e-06,0,0
"PR_8March2017_FIA22","l0s10",2017-03-08,"2017_pre","FIA22","lXsY",97.2119837259769,0.999999999999972,0.999999999999972,0,1
"PR_8March2017_FIA22","l0s11",2017-03-08,"2017_pre","FIA22","lXsY",91.9645822672993,1,1,0,1
"PR_8March2017_FIA22","l0s12",2017-03-08,"2017_pre","FIA22","lXsY",84.08008239896,1,1,0,1
"PR_8March2017_FIA22","l0s13",2017-03-08,"2017_pre","FIA22","lXsY",91.9657842699111,0.99999999999999,0.99999999999999,0,1
"PR_8March2017_FIA22","l0s14",2017-03-08,"2017_pre","FIA22","lXsY",94.5872763818517,0.999999999999978,0.999999999999978,0,1
"PR_8March2017_FIA22","l0s15",2017-03-08,"2017_pre","FIA22","lXsY",94.5773464537501,1,1,0,1
"PR_8March2017_FIA22","l0s16",2017-03-08,"2017_pre","FIA22","lXsY",97.2144754879057,1,1,0,1
"PR_8March2017_FIA22","l0s17",2017-03-08,"2017_pre","FIA22","lXsY",97.214894926022,0.999999999999985,0.999999999999985,0,1
"PR_8March2017_FIA22","l0s18",2017-03-08,"2017_pre","FIA22","lXsY",76.1989620001927,1,0.72678855145503,0,1
"PR_8March2017_FIA22","l0s19",2017-03-08,"2017_pre","FIA22","lXsY",107.71157408952,0.999999999999995,0.704976227743103,0,1
"PR_8March2017_FIA22","l0s2",2017-03-08,"2017_pre","FIA22","lXsY",165.54548562112,0.999999999999996,0.999999999999996,0,1
"PR_8March2017_FIA22","l0s20",2017-03-08,"2017_pre","FIA22","lXsY",112.979372645813,1,0,0,0
"PR_8March2017_FIA22","l0s21",2017-03-08,"2017_pre","FIA22","lXsY",36.7842785814688,1,0,0,0
"PR_8March2017_FIA22","l0s3",2017-03-08,"2017_pre","FIA22","lXsY",197.092658862796,0.999999999999987,0.999999999999987,0,1
"PR_8March2017_FIA22","l0s4",2017-03-08,"2017_pre","FIA22","lXsY",194.444859516321,0.999999999999989,0.999999999999989,0,1
"PR_8March2017_FIA22","l0s5",2017-03-08,"2017_pre","FIA22","lXsY",186.568699320258,1,1,0,1
"PR_8March2017_FIA22","l0s6",2017-03-08,"2017_pre","FIA22","lXsY",178.657887405667,1,1,0,1
"PR_8March2017_FIA22","l0s7",2017-03-08,"2017_pre","FIA22","lXsY",105.097682750858,1,1,0,1
"PR_8March2017_FIA22","l0s8",2017-03-08,"2017_pre","FIA22","lXsY",105.097353762388,0.999999999999956,0.999999999999956,0,1
"PR_8March2017_FIA22","l0s9",2017-03-08,"2017_pre","FIA22","lXsY",91.9633796361014,1,1,0,1
"PR_8March2017_FIA41","l0s0",2017-03-08,"2017_pre","FIA41","lXsY",70.9395263971664,0.999999999999995,0.999999999999995,0,1
"PR_8March2017_FIA41","l0s1",2017-03-08,"2017_pre","FIA41","lXsY",91.9657649073079,1,1,0,1
"PR_8March2017_FIA41","l0s2",2017-03-08,"2017_pre","FIA41","lXsY",81.4475934993632,0.99999999999999,0.99999999999999,0,1
"PR_8March2017_FIA41","l0s3",2017-03-08,"2017_pre","FIA41","lXsY",86.70824023972,1,1,0,1
"PR_8March2017_FIA41","l0s4",2017-03-08,"2017_pre","FIA41","lXsY",94.5957918846458,0.999999999999965,0.999999999999965,0,1
"PR_8March2017_FIA41","l0s5",2017-03-08,"2017_pre","FIA41","lXsY",94.5998951933488,1,1,0,1
"PR_8March2017_FIA41","l0s6",2017-03-08,"2017_pre","FIA41","lXsY",81.4583880896285,1,1,0,1
"PR_8March2017_FIA41","l0s7",2017-03-08,"2017_pre","FIA41","lXsY",86.7199450344443,1,1,0,1
"PR_8March2017_FIA41","l0s8",2017-03-08,"2017_pre","FIA41","lXsY",28.9095769412395,0.999999999999989,0.0423022140361749,0,0
"PR_8March2017_FIA6","l0s0",2017-03-08,"2017_pre","FIA6","lXsY",118.204924165666,1,1,0,1
"PR_8March2017_FIA6","l0s1",2017-03-08,"2017_pre","FIA6","lXsY",141.851198343517,1,1,0,1
"PR_8March2017_FIA6","l0s10",2017-03-08,"2017_pre","FIA6","lXsY",157.637102802177,1,1,0,1
"PR_8March2017_FIA6","l0s11",2017-03-08,"2017_pre","FIA6","lXsY",139.259257432392,0.999999999999988,0.999999999999991,0,1
"PR_8March2017_FIA6","l0s12",2017-03-08,"2017_pre","FIA6","lXsY",144.515442395672,1,1,0,1
"PR_8March2017_FIA6","l0s13",2017-03-08,"2017_pre","FIA6","lXsY",105.103824501844,0.99999999999999,0.99999999999999,0,1
"PR_8March2017_FIA6","l0s2",2017-03-08,"2017_pre","FIA6","lXsY",165.489870025805,1,1,0,1
"PR_8March2017_FIA6","l0s3",2017-03-08,"2017_pre","FIA6","lXsY",157.626051353469,0.99999999999999,0.99999999999999,0,1
"PR_8March2017_FIA6","l0s4",2017-03-08,"2017_pre","FIA6","lXsY",194.395412139827,0.999999999999958,0.999999999999958,0,1
"PR_8March2017_FIA6","l0s5",2017-03-08,"2017_pre","FIA6","lXsY",170.757040559112,0.999999999999996,0.999999999999996,0,1
"PR_8March2017_FIA6","l0s6",2017-03-08,"2017_pre","FIA6","lXsY",178.647285348476,0.999999999999989,0.999999999999997,0,1
"PR_8March2017_FIA6","l0s7",2017-03-08,"2017_pre","FIA6","lXsY",191.782998465565,1,1,0,1
"PR_8March2017_FIA6","l0s8",2017-03-08,"2017_pre","FIA6","lXsY",152.380815353803,0.999999999999984,0.999999999999996,0,1
"PR_8March2017_FIA6","l0s9",2017-03-08,"2017_pre","FIA6","lXsY",168.145391840087,0.99999999999998,0.99999999999998,0,1
"PR_8March2017_FIA8_10","l0s0",2017-03-08,"2017_pre","FIA8_10","lXsY",68.2581629169494,0.999999999999987,3.17120306501799e-05,0,0
"PR_8March2017_FIA8_10","l0s1",2017-03-08,"2017_pre","FIA8_10","lXsY",107.651025192796,0.999999999999971,0.999999999999985,0,1
"PR_8March2017_FIA8_10","l0s10",2017-03-08,"2017_pre","FIA8_10","lXsY",107.667800301127,0.999999999999978,0.999999999999978,0,1
"PR_8March2017_FIA8_10","l0s11",2017-03-08,"2017_pre","FIA8_10","lXsY",102.411772334822,0.999999999999999,0.999999999999999,0,1
"PR_8March2017_FIA8_10","l0s12",2017-03-08,"2017_pre","FIA8_10","lXsY",105.042509960871,1,1,0,1
"PR_8March2017_FIA8_10","l0s13",2017-03-08,"2017_pre","FIA8_10","lXsY",86.666345845449,0.999999999999993,0.999999999999993,0,1
"PR_8March2017_FIA8_10","l0s14",2017-03-08,"2017_pre","FIA8_10","lXsY",78.788719761017,0.999999999999976,0.999999999999976,0,1
"PR_8March2017_FIA8_10","l0s15",2017-03-08,"2017_pre","FIA8_10","lXsY",97.1685780988261,1,1,0,1
"PR_8March2017_FIA8_10","l0s16",2017-03-08,"2017_pre","FIA8_10","lXsY",105.056008866288,1,1,0,1
"PR_8March2017_FIA8_10","l0s17",2017-03-08,"2017_pre","FIA8_10","lXsY",97.1745255938597,0.999999999999993,0.999999999999993,0,1
"PR_8March2017_FIA8_10","l0s18",2017-03-08,"2017_pre","FIA8_10","lXsY",94.5582304479435,1,1,0,1
"PR_8March2017_FIA8_10","l0s19",2017-03-08,"2017_pre","FIA8_10","lXsY",97.175743475306,0.999999999999984,0.999999999999984,0,1
"PR_8March2017_FIA8_10","l0s2",2017-03-08,"2017_pre","FIA8_10","lXsY",120.772972723424,1,1,0,1
"PR_8March2017_FIA8_10","l0s20",2017-03-08,"2017_pre","FIA8_10","lXsY",110.319120281979,1,1,0,1
"PR_8March2017_FIA8_10","l0s21",2017-03-08,"2017_pre","FIA8_10","lXsY",97.1873075248286,0.999999999999988,0.999999999999988,0,1
"PR_8March2017_FIA8_10","l0s22",2017-03-08,"2017_pre","FIA8_10","lXsY",97.188228807614,1,1,0,1
"PR_8March2017_FIA8_10","l0s23",2017-03-08,"2017_pre","FIA8_10","lXsY",105.072017603546,1,1,0,1
"PR_8March2017_FIA8_10","l0s24",2017-03-08,"2017_pre","FIA8_10","lXsY",136.600259896232,1,1,0,1
"PR_8March2017_FIA8_10","l0s25",2017-03-08,"2017_pre","FIA8_10","lXsY",107.696320454574,0.999999999999962,0.999999999999962,0,1
"PR_8March2017_FIA8_10","l0s26",2017-03-08,"2017_pre","FIA8_10","lXsY",76.1847904291965,0.999999999999991,0.999999999999991,0,1
"PR_8March2017_FIA8_10","l0s27",2017-03-08,"2017_pre","FIA8_10","lXsY",84.0635738407552,0.999999999999995,0.999999999999995,0,1
"PR_8March2017_FIA8_10","l0s28",2017-03-08,"2017_pre","FIA8_10","lXsY",81.4399588738412,0.999999999999983,0.999999999999983,0,1
"PR_8March2017_FIA8_10","l0s29",2017-03-08,"2017_pre","FIA8_10","lXsY",81.4342805516534,0.999999999999981,0.999999999999981,0,1
"PR_8March2017_FIA8_10","l0s3",2017-03-08,"2017_pre","FIA8_10","lXsY",123.403815965077,0.999999999999986,0.999999999999986,0,1
"PR_8March2017_FIA8_10","l0s30",2017-03-08,"2017_pre","FIA8_10","lXsY",81.4407199159257,0.999999999999996,0.999999999999996,0,1
"PR_8March2017_FIA8_10","l0s31",2017-03-08,"2017_pre","FIA8_10","lXsY",81.4447739380524,0.999999999999987,0.999999999999987,0,1
"PR_8March2017_FIA8_10","l0s32",2017-03-08,"2017_pre","FIA8_10","lXsY",84.0765503669754,0.99999999999999,0.99999999999999,0,1
"PR_8March2017_FIA8_10","l0s33",2017-03-08,"2017_pre","FIA8_10","lXsY",84.077563123703,1,1,0,1
"PR_8March2017_FIA8_10","l0s34",2017-03-08,"2017_pre","FIA8_10","lXsY",102.460545850179,1,1,0,1
"PR_8March2017_FIA8_10","l0s35",2017-03-08,"2017_pre","FIA8_10","lXsY",91.9587492446095,1,1,0,1
"PR_8March2017_FIA8_10","l0s36",2017-03-08,"2017_pre","FIA8_10","lXsY",94.5900080995619,1,1,0,1
"PR_8March2017_FIA8_10","l0s37",2017-03-08,"2017_pre","FIA8_10","lXsY",102.47254744643,1,1,0,1
"PR_8March2017_FIA8_10","l0s38",2017-03-08,"2017_pre","FIA8_10","lXsY",84.0864429047868,1,1,0,1
"PR_8March2017_FIA8_10","l0s4",2017-03-08,"2017_pre","FIA8_10","lXsY",144.411565847725,1,1,0,1
"PR_8March2017_FIA8_10","l0s5",2017-03-08,"2017_pre","FIA8_10","lXsY",170.681029070461,1,1,0,1
"PR_8March2017_FIA8_10","l0s6",2017-03-08,"2017_pre","FIA8_10","lXsY",133.90898520077,1,1,0,1
"PR_8March2017_FIA8_10","l0s7",2017-03-08,"2017_pre","FIA8_10","lXsY",126.036297442061,0.999999999999973,0.999999999999973,0,1
"PR_8March2017_FIA8_10","l0s8",2017-03-08,"2017_pre","FIA8_10","lXsY",128.673151588087,0.999999999999996,0.999999999999996,0,1
"PR_8March2017_FIA8_10","l0s9",2017-03-08,"2017_pre","FIA8_10","lXsY",107.670000560983,0.999999999999969,0.999999999999969,0,1
"PR_8March2017_FIA9","l0s0",2017-03-08,"2017_pre","FIA9","lXsY",68.2762043007404,0.999999999999988,0.999999999999988,0,1
"PR_8March2017_FIA9","l0s1",2017-03-08,"2017_pre","FIA9","lXsY",73.5341615148149,0.999999999999991,0.999999999999991,0,1
"PR_8March2017_FIA9","l0s2",2017-03-08,"2017_pre","FIA9","lXsY",76.1611383222334,0.999999999999998,0.999999999999998,0,1
"PR_8March2017_FIA9","l0s3",2017-03-08,"2017_pre","FIA9","lXsY",76.1665573364668,0.999999999999995,0.999999999999995,0,1
"PR_8March2017_FIA9","l0s4",2017-03-08,"2017_pre","FIA9","lXsY",76.1665882694401,0.999999999999976,0.999999999999976,0,1
"PR_8March2017_FIA9","l0s5",2017-03-08,"2017_pre","FIA9","lXsY",76.1661628248714,0.999999999999995,0.999999999999999,0,1
"PR_8March2017_FIA9","l0s6",2017-03-08,"2017_pre","FIA9","lXsY",73.542186983151,1,1,0,1
"PR_8March2017_FIA9","l0s7",2017-03-08,"2017_pre","FIA9","lXsY",70.9201070717141,0.999999999999962,0.999999999999997,0,1
"PR_8March2017_FIA9","l0s8",2017-03-08,"2017_pre","FIA9","lXsY",73.5417043827735,0.999999999999989,0.999999999999989,0,1
"PR_8March2017_FIA9","l0s9",2017-03-08,"2017_pre","FIA9","lXsY",70.9139500025049,1,1,0,1
"PR_9March2017_fort","l0s0",2017-03-09,"2017_pre","fort","lXsY",94.7241327623054,0.999999999999995,0,0,0
"PR_9March2017_fort","l0s1",2017-03-09,"2017_pre","fort","lXsY",89.4699325322002,0.999999999999994,0,0,0
"PR_9March2017_fort","l0s2",2017-03-09,"2017_pre","fort","lXsY",99.9897956161708,0.999999999999975,0,0,0
"PR_9March2017_fort","l0s3",2017-03-09,"2017_pre","fort","lXsY",107.886804842484,0.999999999999978,0,0,0
"PR_9March2017_fort","l0s4",2017-03-09,"2017_pre","fort","lXsY",92.0990604688153,1,0,0,0
"PR_9March2017_harbor","l0s0",2017-03-09,"2017_pre","harbor","lXsY",57.8880597962916,1,0,0,0
"PR_9March2017_harbor","l0s1",2017-03-09,"2017_pre","harbor","lXsY",31.5739568176366,1,0,0,0
"PR_9March2017_harbor","l0s2",2017-03-09,"2017_pre","harbor","lXsY",31.5794219575115,1,0,0,0
"PR_9March2017_harbor","l0s3",2017-03-09,"2017_pre","harbor","lXsY",31.5807828132033,1,0.374995203074717,0,0
"PR_9March2017_harbor","l0s4",2017-03-09,"2017_pre","harbor","lXsY",18.4247429274175,1,0.184029129809273,0,0
"PR_10March2017_109","l0s0",2017-03-10,"2017_pre","109","lXsY",144.737623221484,0.999999999999953,0,0,0
"PR_10March2017_109","l0s1",2017-03-10,"2017_pre","109","lXsY",155.275402687013,1,0.655787045363217,0,1
"PR_10March2017_109","l0s2",2017-03-10,"2017_pre","109","lXsY",165.80426296476,0.99999999999999,0.99999999999999,0,1
"PR_10March2017_109","l0s3",2017-03-10,"2017_pre","109","lXsY",163.167638140377,0.999999999999998,0.999999999999998,0,1
"PR_10March2017_109","l0s4",2017-03-10,"2017_pre","109","lXsY",163.156125715964,1,1,0,1
"PR_10March2017_109","l0s5",2017-03-10,"2017_pre","109","lXsY",160.525529531728,1,1,0,1
"PR_10March2017_109","l0s6",2017-03-10,"2017_pre","109","lXsY",163.147620939422,1,1,0,1
"PR_10March2017_109","l0s7",2017-03-10,"2017_pre","109","lXsY",163.145126555471,1,1,0,1
"PR_10March2017_109","l0s8",2017-03-10,"2017_pre","109","lXsY",139.479284150746,0.999999999999967,0.999999999999967,0,1
"PR_10March2017_109","l0s9",2017-03-10,"2017_pre","109","lXsY",44.7384801097587,1,1,0,1
"PR_10March2017_110","l0s0",2017-03-10,"2017_pre","110","lXsY",100.001887527893,1,1,0,1
"PR_10March2017_110","l0s1",2017-03-10,"2017_pre","110","lXsY",155.275815010658,0.999999999999998,0.999999999999998,0,1
"PR_10March2017_110","l0s10",2017-03-10,"2017_pre","110","lXsY",150.001701539032,0.99999999999999,0.99999999999999,0,1
"PR_10March2017_110","l0s11",2017-03-10,"2017_pre","110","lXsY",152.619636550288,0.999999999999993,1,0,1
"PR_10March2017_110","l0s12",2017-03-10,"2017_pre","110","lXsY",149.989704125987,0.999999999999997,7.13264171518589e-06,0,0
"PR_10March2017_110","l0s13",2017-03-10,"2017_pre","110","lXsY",155.24845174965,1,0,0,0
"PR_10March2017_110","l0s14",2017-03-10,"2017_pre","110","lXsY",105.258205586801,1,0.0203903406235646,0,0
"PR_10March2017_110","l0s2",2017-03-10,"2017_pre","110","lXsY",152.638712793258,1,1,0,1
"PR_10March2017_110","l0s3",2017-03-10,"2017_pre","110","lXsY",144.74898672774,0.999999999999999,1,0,1
"PR_10March2017_110","l0s4",2017-03-10,"2017_pre","110","lXsY",142.118089170466,1,1,0,1
"PR_10March2017_110","l0s5",2017-03-10,"2017_pre","110","lXsY",134.216771105255,1,1,0,1
"PR_10March2017_110","l0s6",2017-03-10,"2017_pre","110","lXsY",139.470677292146,1,1,0,1
"PR_10March2017_110","l0s7",2017-03-10,"2017_pre","110","lXsY",136.848359976967,0.999999999999998,0.999999999999995,0,1
"PR_10March2017_110","l0s8",2017-03-10,"2017_pre","110","lXsY",136.828868668266,1,1,0,1
"PR_10March2017_110","l0s9",2017-03-10,"2017_pre","110","lXsY",139.481684083836,0.99999999999999,0.99999999999999,0,1
"PR_10March2017_111","l0s0",2017-03-10,"2017_pre","111","lXsY",94.7339190074056,0.999999999999991,0.999999999999991,0,1
"PR_10March2017_111","l0s1",2017-03-10,"2017_pre","111","lXsY",134.216259151991,1,1,0,1
"PR_10March2017_111","l0s2",2017-03-10,"2017_pre","111","lXsY",139.470625900644,0.999999999999975,0.999999999999975,0,1
"PR_10March2017_111","l0s3",2017-03-10,"2017_pre","111","lXsY",131.591073466195,0.999999999999971,0.999999999999971,0,1
"PR_10March2017_111","l0s4",2017-03-10,"2017_pre","111","lXsY",139.481726151389,0.999999999999995,0.999999999999984,0,1
"PR_10March2017_111","l0s5",2017-03-10,"2017_pre","111","lXsY",134.222006599346,0.999999999999992,0.999999999999992,0,1
"PR_10March2017_111","l0s6",2017-03-10,"2017_pre","111","lXsY",110.534431492653,0.999999999999972,0.999999999999972,0,1
"PR_10March2017_111","l0s7",2017-03-10,"2017_pre","111","lXsY",42.1110751351356,1,1,0,1
"PR_10March2017_116","l0s0",2017-03-10,"2017_pre","116","lXsY",105.311215586397,0.999999999999998,0.999999999999998,0,1
"PR_10March2017_116","l0s1",2017-03-10,"2017_pre","116","lXsY",118.482924081552,1,1,0,1
"PR_10March2017_116","l0s2",2017-03-10,"2017_pre","116","lXsY",123.744863143027,1,1,0,1
"PR_10March2017_116","l0s3",2017-03-10,"2017_pre","116","lXsY",68.4516669925004,0.999999999999989,1.30128574256145e-05,0,0
"PR_10March2017_117","l0s0",2017-03-10,"2017_pre","117","lXsY",123.643962266687,0.999999999999995,0,0,0
"PR_10March2017_117","l0s1",2017-03-10,"2017_pre","117","lXsY",155.229657382059,0.999999999999994,0.999999999999994,0,1
"PR_10March2017_117","l0s2",2017-03-10,"2017_pre","117","lXsY",152.609317662925,1,1,0,1
"PR_10March2017_117","l0s3",2017-03-10,"2017_pre","117","lXsY",155.232335618851,1,1,0,1
"PR_10March2017_117","l0s4",2017-03-10,"2017_pre","117","lXsY",99.979094894968,1,1,0,1
"PR_10March2017_118","l0s0",2017-03-10,"2017_pre","118","lXsY",73.6809725157574,0.999999999999997,0.999999999999997,0,1
"PR_10March2017_118","l0s1",2017-03-10,"2017_pre","118","lXsY",78.9487712487117,1,1,0,1
"PR_10March2017_118","l0s2",2017-03-10,"2017_pre","118","lXsY",81.5782002601445,1,1,0,1
"PR_10March2017_118","l0s3",2017-03-10,"2017_pre","118","lXsY",78.9546988063022,1,1,0,1
"PR_10March2017_118","l0s4",2017-03-10,"2017_pre","118","lXsY",73.6863272400886,0.999999999999908,0.999999999999989,0,1
"PR_10March2017_118","l0s5",2017-03-10,"2017_pre","118","lXsY",76.3171628974348,1,1,0,1
"PR_10March2017_118","l0s6",2017-03-10,"2017_pre","118","lXsY",86.8491741374612,0.999999999999969,0.999999999999969,0,1
"PR_10March2017_118","l0s7",2017-03-10,"2017_pre","118","lXsY",47.3726673708573,0.999999999999995,0.999999999999995,0,1
"PR_10March2017_59","l0s0",2017-03-10,"2017_pre","59","lXsY",42.1017516180016,0.999999999999976,0.999999999999976,0,1
"PR_10March2017_59","l0s1",2017-03-10,"2017_pre","59","lXsY",44.7428616811864,0.999999999999997,1,0,1
"PR_10March2017_59","l0s2",2017-03-10,"2017_pre","59","lXsY",50.0109648419611,0.999999999999991,0.999999999999976,0,1
"PR_10March2017_59","l0s3",2017-03-10,"2017_pre","59","lXsY",50.0025756832391,1,1,0,1
"PR_10March2017_59","l0s4",2017-03-10,"2017_pre","59","lXsY",50.0049639310934,0.999999999999987,0.999999999999987,0,1
"PR_10March2017_59","l0s5",2017-03-10,"2017_pre","59","lXsY",42.1167767115653,1,1,0,1
"PR_10March2017_59","l0s6",2017-03-10,"2017_pre","59","lXsY",42.1167417650841,0.999999999999981,0.999999999999981,0,1
"PR_10March2017_59","l0s7",2017-03-10,"2017_pre","59","lXsY",44.7444682505593,0.999999999999979,0.999999999999979,0,1
"PR_10March2017_59","l0s8",2017-03-10,"2017_pre","59","lXsY",44.7410316847339,1,1,0,1
"PR_10March2017_59","l0s9",2017-03-10,"2017_pre","59","lXsY",42.1163895526037,0.999999999999988,0.999999999999952,0,1
"PR_10March2017_FIA31","l0s0",2017-03-10,"2017_pre","FIA31","lXsY",81.5648853158116,1,1,0,1
"PR_10March2017_FIA31","l0s1",2017-03-10,"2017_pre","FIA31","lXsY",113.132444147755,1,1,0,1
"PR_10March2017_FIA31","l0s10",2017-03-10,"2017_pre","FIA31","lXsY",110.519287183404,0.999999999999995,0.999999999999995,0,1
"PR_10March2017_FIA31","l0s11",2017-03-10,"2017_pre","FIA31","lXsY",97.3713631828159,0.999999999999984,0.999999999999984,0,1
"PR_10March2017_FIA31","l0s12",2017-03-10,"2017_pre","FIA31","lXsY",107.897445986196,1,1,0,1
"PR_10March2017_FIA31","l0s13",2017-03-10,"2017_pre","FIA31","lXsY",94.7378392098621,1,1,0,1
"PR_10March2017_FIA31","l0s14",2017-03-10,"2017_pre","FIA31","lXsY",99.9977148122787,0.99999999999998,0.99999999999998,0,1
"PR_10March2017_FIA31","l0s15",2017-03-10,"2017_pre","FIA31","lXsY",105.274526726632,0.999999999999994,1,0,1
"PR_10March2017_FIA31","l0s16",2017-03-10,"2017_pre","FIA31","lXsY",92.1088849365443,0.999999999999978,0,0,0
"PR_10March2017_FIA31","l0s17",2017-03-10,"2017_pre","FIA31","lXsY",131.593416712475,0.999999999999986,0,0,0
"PR_10March2017_FIA31","l0s18",2017-03-10,"2017_pre","FIA31","lXsY",123.703417239636,0.999999999999995,0,0,0
"PR_10March2017_FIA31","l0s19",2017-03-10,"2017_pre","FIA31","lXsY",60.5325806204364,0.999999999999988,0,0,0
"PR_10March2017_FIA31","l0s2",2017-03-10,"2017_pre","FIA31","lXsY",131.565264018828,0.999999999999993,0.999999999999993,0,1
"PR_10March2017_FIA31","l0s3",2017-03-10,"2017_pre","FIA31","lXsY",121.030277712303,0.999999999999999,0.999999999999999,0,1
"PR_10March2017_FIA31","l0s4",2017-03-10,"2017_pre","FIA31","lXsY",118.4017086211,1,1,0,1
"PR_10March2017_FIA31","l0s5",2017-03-10,"2017_pre","FIA31","lXsY",107.873650507145,0.999999999999987,0.999999999999987,0,1
"PR_10March2017_FIA31","l0s6",2017-03-10,"2017_pre","FIA31","lXsY",102.632413593428,1,1,0,1
"PR_10March2017_FIA31","l0s7",2017-03-10,"2017_pre","FIA31","lXsY",107.886845103084,0.999999999999989,0.999999999999989,0,1
"PR_10March2017_FIA31","l0s8",2017-03-10,"2017_pre","FIA31","lXsY",99.99238600315,1,1,0,1
"PR_10March2017_FIA31","l0s9",2017-03-10,"2017_pre","FIA31","lXsY",113.153692883953,1,1,0,1
"PR_10March2017_RioGrande","l0s0",2017-03-10,"2017_pre","RioGrande","lXsY",86.8792378497973,1,0.306465185217721,0,0
"PR_10March2017_RioGrande","l0s1",2017-03-10,"2017_pre","RioGrande","lXsY",57.9226339087516,1,0.153634133018217,0,0
"PR_10March2017_RioGrande","l0s2",2017-03-10,"2017_pre","RioGrande","lXsY",50.0259140935063,1,0,0,0
"PR_11March2017_BG0_am1","l0s0",2017-03-11,"2017_pre","BG0_am1","lXsY",73.6893726948813,1,1,0,1
"PR_11March2017_BG0_am1","l0s1",2017-03-11,"2017_pre","BG0_am1","lXsY",63.1554419144079,1,1,0,1
"PR_11March2017_BG0_am1","l0s2",2017-03-11,"2017_pre","BG0_am1","lXsY",65.7947069238424,0.99999999999997,0.99999999999997,0,1
"PR_11March2017_BG0_am1","l0s3",2017-03-11,"2017_pre","BG0_am1","lXsY",60.5291856384814,0.999999999999973,0.999999999999973,0,1
"PR_11March2017_BG0_am1","l0s4",2017-03-11,"2017_pre","BG0_am1","lXsY",63.1618546839327,0.999999999999987,0.999999999999987,0,1
"PR_11March2017_BG0_am1","l0s5",2017-03-11,"2017_pre","BG0_am1","lXsY",47.3716557935625,0.999999999999999,0.999999999999999,0,1
"PR_11March2017_BG0_am2","l0s0",2017-03-11,"2017_pre","BG0_am2","lXsY",73.6893726948813,1,1,0,1
"PR_11March2017_BG0_am2","l0s1",2017-03-11,"2017_pre","BG0_am2","lXsY",63.1554419144079,1,1,0,1
"PR_11March2017_BG0_am2","l0s2",2017-03-11,"2017_pre","BG0_am2","lXsY",65.7947069238424,0.99999999999997,0.99999999999997,0,1
"PR_11March2017_BG0_am2","l0s3",2017-03-11,"2017_pre","BG0_am2","lXsY",60.5291856384814,0.999999999999973,0.999999999999973,0,1
"PR_11March2017_BG0_am2","l0s4",2017-03-11,"2017_pre","BG0_am2","lXsY",63.1618546839327,0.999999999999987,0.999999999999987,0,1
"PR_11March2017_BG0_am2","l0s5",2017-03-11,"2017_pre","BG0_am2","lXsY",47.3716557935625,0.999999999999999,0.999999999999999,0,1
"PR_11March2017_BG0_am3","l0s0",2017-03-11,"2017_pre","BG0_am3","lXsY",73.6893726948813,1,1,0,1
"PR_11March2017_BG0_am3","l0s1",2017-03-11,"2017_pre","BG0_am3","lXsY",63.1554419144079,1,1,0,1
"PR_11March2017_BG0_am3","l0s2",2017-03-11,"2017_pre","BG0_am3","lXsY",65.7947069238424,0.99999999999997,0.99999999999997,0,1
"PR_11March2017_BG0_am3","l0s3",2017-03-11,"2017_pre","BG0_am3","lXsY",60.5291856384814,0.999999999999973,0.999999999999973,0,1
"PR_11March2017_BG0_am3","l0s4",2017-03-11,"2017_pre","BG0_am3","lXsY",63.1618546839327,0.999999999999987,0.999999999999987,0,1
"PR_11March2017_BG0_am3","l0s5",2017-03-11,"2017_pre","BG0_am3","lXsY",47.3716557935625,0.999999999999999,0.999999999999999,0,1
"PR_11March2017_BG0_am4","l0s0",2017-03-11,"2017_pre","BG0_am4","lXsY",73.6893726948813,1,1,0,1
"PR_11March2017_BG0_am4","l0s1",2017-03-11,"2017_pre","BG0_am4","lXsY",63.1554419144079,1,1,0,1
"PR_11March2017_BG0_am4","l0s2",2017-03-11,"2017_pre","BG0_am4","lXsY",65.7947069238424,0.99999999999997,0.99999999999997,0,1
"PR_11March2017_BG0_am4","l0s3",2017-03-11,"2017_pre","BG0_am4","lXsY",60.5291856384814,0.999999999999973,0.999999999999973,0,1
"PR_11March2017_BG0_am4","l0s4",2017-03-11,"2017_pre","BG0_am4","lXsY",63.1618546839327,0.999999999999987,0.999999999999987,0,1
"PR_11March2017_BG0_am4","l0s5",2017-03-11,"2017_pre","BG0_am4","lXsY",47.3716557935625,0.999999999999999,0.999999999999999,0,1
"PR_11March2017_BG0_noon1","l0s0",2017-03-11,"2017_pre","BG0_noon1","lXsY",73.6893726948813,1,1,0,1
"PR_11March2017_BG0_noon1","l0s1",2017-03-11,"2017_pre","BG0_noon1","lXsY",63.1554419144079,1,1,0,1
"PR_11March2017_BG0_noon1","l0s2",2017-03-11,"2017_pre","BG0_noon1","lXsY",65.7947069238424,0.99999999999997,0.99999999999997,0,1
"PR_11March2017_BG0_noon1","l0s3",2017-03-11,"2017_pre","BG0_noon1","lXsY",60.5291856384814,0.999999999999973,0.999999999999973,0,1
"PR_11March2017_BG0_noon1","l0s4",2017-03-11,"2017_pre","BG0_noon1","lXsY",63.1618546839327,0.999999999999987,0.999999999999987,0,1
"PR_11March2017_BG0_noon1","l0s5",2017-03-11,"2017_pre","BG0_noon1","lXsY",47.3716557935625,0.999999999999999,0.999999999999999,0,1
"PR_11March2017_BG0_noon2","l0s0",2017-03-11,"2017_pre","BG0_noon2","lXsY",73.6893726948813,1,1,0,1
"PR_11March2017_BG0_noon2","l0s1",2017-03-11,"2017_pre","BG0_noon2","lXsY",63.1554419144079,1,1,0,1
"PR_11March2017_BG0_noon2","l0s2",2017-03-11,"2017_pre","BG0_noon2","lXsY",65.7947069238424,0.99999999999997,0.99999999999997,0,1
"PR_11March2017_BG0_noon2","l0s3",2017-03-11,"2017_pre","BG0_noon2","lXsY",60.5291856384814,0.999999999999973,0.999999999999973,0,1
"PR_11March2017_BG0_noon2","l0s4",2017-03-11,"2017_pre","BG0_noon2","lXsY",63.1618546839327,0.999999999999987,0.999999999999987,0,1
"PR_11March2017_BG0_noon2","l0s5",2017-03-11,"2017_pre","BG0_noon2","lXsY",47.3716557935625,0.999999999999999,0.999999999999999,0,1
"PR_11March2017_FIA12","l0s0",2017-03-11,"2017_pre","FIA12","lXsY",105.128835776989,0.999999999999993,0.999999999999993,0,1
"PR_11March2017_FIA12","l0s1",2017-03-11,"2017_pre","FIA12","lXsY",105.12974058823,0.999999999999977,1,4.69235802226594e-07,1
"PR_11March2017_FIA12","l0s10",2017-03-11,"2017_pre","FIA12","lXsY",176.130623166719,1,1,1,2
"PR_11March2017_FIA12","l0s11",2017-03-11,"2017_pre","FIA12","lXsY",134.061054117353,1,1,1,2
"PR_11March2017_FIA12","l0s12",2017-03-11,"2017_pre","FIA12","lXsY",113.04528242458,1,1,1,2
"PR_11March2017_FIA12","l0s13",2017-03-11,"2017_pre","FIA12","lXsY",105.159115790403,1,0.999999999999977,1,2
"PR_11March2017_FIA12","l0s14",2017-03-11,"2017_pre","FIA12","lXsY",86.7577465127409,1,1,1,2
"PR_11March2017_FIA12","l0s15",2017-03-11,"2017_pre","FIA12","lXsY",97.2780088212892,1,1,1,2
"PR_11March2017_FIA12","l0s16",2017-03-11,"2017_pre","FIA12","lXsY",97.2782088551164,1,1,1,2
"PR_11March2017_FIA12","l0s17",2017-03-11,"2017_pre","FIA12","lXsY",105.175357570904,0.999999999999994,0.999999999999994,0.999999999999994,2
"PR_11March2017_FIA12","l0s18",2017-03-11,"2017_pre","FIA12","lXsY",99.9069884484142,0.999999999999957,0.999999999999957,0.999999999999957,2
"PR_11March2017_FIA12","l0s19",2017-03-11,"2017_pre","FIA12","lXsY",102.534544049564,0.999999999999997,0.999999999999997,0.999999999999997,2
"PR_11March2017_FIA12","l0s2",2017-03-11,"2017_pre","FIA12","lXsY",123.524531698841,0.999999999999976,0.999999999999981,0.999999999999981,2
"PR_11March2017_FIA12","l0s20",2017-03-11,"2017_pre","FIA12","lXsY",86.767375304845,0.999999999999979,0.999999999999979,0.999999999999979,2
"PR_11March2017_FIA12","l0s21",2017-03-11,"2017_pre","FIA12","lXsY",84.1383023367018,1,1,1,2
"PR_11March2017_FIA12","l0s22",2017-03-11,"2017_pre","FIA12","lXsY",92.0243947109833,0.999999999999984,0.999999999999984,1,2
"PR_11March2017_FIA12","l0s3",2017-03-11,"2017_pre","FIA12","lXsY",128.782981680131,0.999999999999995,0.999999999999995,0.999999999999995,2
"PR_11March2017_FIA12","l0s4",2017-03-11,"2017_pre","FIA12","lXsY",141.932412264033,0.999999999999977,0.999999999999977,0.999999999999977,2
"PR_11March2017_FIA12","l0s5",2017-03-11,"2017_pre","FIA12","lXsY",131.421195575826,0.999999999999981,1,0.999999999999981,2
"PR_11March2017_FIA12","l0s6",2017-03-11,"2017_pre","FIA12","lXsY",120.909713691455,0.99999999999999,1,0.99999999999999,2
"PR_11March2017_FIA12","l0s7",2017-03-11,"2017_pre","FIA12","lXsY",115.654146893358,1,1,1,2
"PR_11March2017_FIA12","l0s8",2017-03-11,"2017_pre","FIA12","lXsY",99.8787331905186,0.99999999999999,0.99999999999999,0.99999999999999,2
"PR_11March2017_FIA12","l0s9",2017-03-11,"2017_pre","FIA12","lXsY",136.686044516082,1,1,1,2
"PR_11March2017_FIA19","l0s0",2017-03-11,"2017_pre","FIA19","lXsY",128.811613950694,0.999999999999998,0,0,0
"PR_11March2017_FIA19","l0s1",2017-03-11,"2017_pre","FIA19","lXsY",141.967784760658,1,1,0,1
"PR_11March2017_FIA19","l0s10",2017-03-11,"2017_pre","FIA19","lXsY",168.275090059894,0.999999999999995,0.999999999999995,0,1
"PR_11March2017_FIA19","l0s11",2017-03-11,"2017_pre","FIA19","lXsY",178.781304256114,0.999999999999986,0.999999999999986,0,1
"PR_11March2017_FIA19","l0s12",2017-03-11,"2017_pre","FIA19","lXsY",186.684082619336,0.999999999999999,0.999999999999999,0.107109143514963,1
"PR_11March2017_FIA19","l0s13",2017-03-11,"2017_pre","FIA19","lXsY",123.580993717417,1,0,0,0
"PR_11March2017_FIA19","l0s14",2017-03-11,"2017_pre","FIA19","lXsY",57.8446243828326,0.999999999999986,0,0,0
"PR_11March2017_FIA19","l0s2",2017-03-11,"2017_pre","FIA19","lXsY",147.222890247397,0.999999999999987,0.999999999999987,0,1
"PR_11March2017_FIA19","l0s3",2017-03-11,"2017_pre","FIA19","lXsY",136.706972602403,0.999999999999994,0.999999999999994,0,1
"PR_11March2017_FIA19","l0s4",2017-03-11,"2017_pre","FIA19","lXsY",163.004311973383,1,1,0,1
"PR_11March2017_FIA19","l0s5",2017-03-11,"2017_pre","FIA19","lXsY",165.630850216432,1,1,0,1
"PR_11March2017_FIA19","l0s6",2017-03-11,"2017_pre","FIA19","lXsY",141.978506377742,1,1,0,1
"PR_11March2017_FIA19","l0s7",2017-03-11,"2017_pre","FIA19","lXsY",141.978811675859,1,1,0,1
"PR_11March2017_FIA19","l0s8",2017-03-11,"2017_pre","FIA19","lXsY",139.34512489838,0.999999999999976,0.999999999999976,0,1
"PR_11March2017_FIA19","l0s9",2017-03-11,"2017_pre","FIA19","lXsY",123.574417569585,0.999999999999999,0.999999999999999,0,1
"PR_11March2017_FIA23","l0s0",2017-03-11,"2017_pre","FIA23","lXsY",97.2971886702821,0.99999999999999,0.99999999999999,0,1
"PR_11March2017_FIA23","l0s1",2017-03-11,"2017_pre","FIA23","lXsY",141.999190458664,1,1,0,1
"PR_11March2017_FIA23","l0s10",2017-03-11,"2017_pre","FIA23","lXsY",128.868384498592,0.999999999999998,0.999999999999998,0,1
"PR_11March2017_FIA23","l0s11",2017-03-11,"2017_pre","FIA23","lXsY",113.09160492516,0.99999999999998,0.99999999999998,0,1
"PR_11March2017_FIA23","l0s12",2017-03-11,"2017_pre","FIA23","lXsY",128.881859033552,1,1,0,1
"PR_11March2017_FIA23","l0s13",2017-03-11,"2017_pre","FIA23","lXsY",118.351661791126,0.999999999999985,0.999999999999985,0,1
"PR_11March2017_FIA23","l0s14",2017-03-11,"2017_pre","FIA23","lXsY",131.518671924661,0.999999999999989,0.999999999999989,0,1
"PR_11March2017_FIA23","l0s15",2017-03-11,"2017_pre","FIA23","lXsY",134.139530913588,0.999999999999962,0.999999999999962,0,1
"PR_11March2017_FIA23","l0s16",2017-03-11,"2017_pre","FIA23","lXsY",120.996894207008,1,1,0,1
"PR_11March2017_FIA23","l0s17",2017-03-11,"2017_pre","FIA23","lXsY",131.517228880262,0.999999999999993,0.999999999999993,0,1
"PR_11March2017_FIA23","l0s18",2017-03-11,"2017_pre","FIA23","lXsY",120.993182807936,0.999999999999981,0.999999999999995,0,1
"PR_11March2017_FIA23","l0s19",2017-03-11,"2017_pre","FIA23","lXsY",134.160952892438,0.999999999999978,1,0,1
"PR_11March2017_FIA23","l0s2",2017-03-11,"2017_pre","FIA23","lXsY",123.581400610077,1,1,0,1
"PR_11March2017_FIA23","l0s20",2017-03-11,"2017_pre","FIA23","lXsY",121.005495432368,0.999999999999968,0.999999999999968,0,1
"PR_11March2017_FIA23","l0s21",2017-03-11,"2017_pre","FIA23","lXsY",126.273384946978,1,1,0,1
"PR_11March2017_FIA23","l0s22",2017-03-11,"2017_pre","FIA23","lXsY",134.158546750689,1,1,0,1
"PR_11March2017_FIA23","l0s23",2017-03-11,"2017_pre","FIA23","lXsY",118.374818431853,1,1,0,1
"PR_11March2017_FIA23","l0s24",2017-03-11,"2017_pre","FIA23","lXsY",134.172296235737,0.999999999999969,0.999999999999969,0,1
"PR_11March2017_FIA23","l0s25",2017-03-11,"2017_pre","FIA23","lXsY",131.533666066504,0.999999999999966,0.999999999999966,0,1
"PR_11March2017_FIA23","l0s26",2017-03-11,"2017_pre","FIA23","lXsY",136.802643119118,1,1,0,1
"PR_11March2017_FIA23","l0s27",2017-03-11,"2017_pre","FIA23","lXsY",115.770612901789,0.999999999999992,0.999999999999992,0,1
"PR_11March2017_FIA23","l0s3",2017-03-11,"2017_pre","FIA23","lXsY",131.490435153715,0.999999999999974,0.999999999999974,0,1
"PR_11March2017_FIA23","l0s4",2017-03-11,"2017_pre","FIA23","lXsY",115.708691451901,0.99999999999999,0.99999999999999,0,1
"PR_11March2017_FIA23","l0s5",2017-03-11,"2017_pre","FIA23","lXsY",126.221277288148,0.999999999999972,0.999999999999972,0,1
"PR_11March2017_FIA23","l0s6",2017-03-11,"2017_pre","FIA23","lXsY",126.237316038828,0.999999999999993,0.999999999999993,0,1
"PR_11March2017_FIA23","l0s7",2017-03-11,"2017_pre","FIA23","lXsY",115.712395689908,0.99999999999998,0.99999999999998,0,1
"PR_11March2017_FIA23","l0s8",2017-03-11,"2017_pre","FIA23","lXsY",120.980507440393,0.999999999999997,0.999999999999997,0,1
"PR_11March2017_FIA23","l0s9",2017-03-11,"2017_pre","FIA23","lXsY",120.972392809109,1,1,0,1
"PR_11March2017_FIA25","l0s0",2017-03-11,"2017_pre","FIA25","lXsY",57.8826095879287,1,9.22287550222779e-06,0,0
"PR_11March2017_FIA25","l0s1",2017-03-11,"2017_pre","FIA25","lXsY",84.189221587564,1,1,0,1
"PR_11March2017_FIA25","l0s10",2017-03-11,"2017_pre","FIA25","lXsY",94.7225957106739,0.999999999999988,0.999999999999988,0,1
"PR_11March2017_FIA25","l0s11",2017-03-11,"2017_pre","FIA25","lXsY",81.5784366416871,0.999999999999935,0.999999999999935,0,1
"PR_11March2017_FIA25","l0s12",2017-03-11,"2017_pre","FIA25","lXsY",84.2024207010046,1,1,0,1
"PR_11March2017_FIA25","l0s13",2017-03-11,"2017_pre","FIA25","lXsY",97.3573602975011,0.999999999999992,0.999999999999992,0,1
"PR_11March2017_FIA25","l0s14",2017-03-11,"2017_pre","FIA25","lXsY",94.7380413342878,1,1,0,1
"PR_11March2017_FIA25","l0s15",2017-03-11,"2017_pre","FIA25","lXsY",84.2078984742388,0.999999999999992,0.999999999999992,0,1
"PR_11March2017_FIA25","l0s16",2017-03-11,"2017_pre","FIA25","lXsY",84.2082688943043,1,1,0,1
"PR_11March2017_FIA25","l0s17",2017-03-11,"2017_pre","FIA25","lXsY",89.4778695943698,0.999999999999983,0.999999999999983,0,1
"PR_11March2017_FIA25","l0s18",2017-03-11,"2017_pre","FIA25","lXsY",86.8479571095794,1,1,0,1
"PR_11March2017_FIA25","l0s19",2017-03-11,"2017_pre","FIA25","lXsY",86.8482256204024,0.999999999999997,0.999999999999997,0,1
"PR_11March2017_FIA25","l0s2",2017-03-11,"2017_pre","FIA25","lXsY",89.4595430214718,0.99999999999999,0.99999999999999,0,1
"PR_11March2017_FIA25","l0s20",2017-03-11,"2017_pre","FIA25","lXsY",89.4732435529485,1,1,0,1
"PR_11March2017_FIA25","l0s21",2017-03-11,"2017_pre","FIA25","lXsY",81.5821105089679,1,1,0,1
"PR_11March2017_FIA25","l0s22",2017-03-11,"2017_pre","FIA25","lXsY",81.5872887405753,0.999999999999971,0.999999999999971,0,1
"PR_11March2017_FIA25","l0s23",2017-03-11,"2017_pre","FIA25","lXsY",84.2156679312989,1,1,0,1
"PR_11March2017_FIA25","l0s24",2017-03-11,"2017_pre","FIA25","lXsY",86.8519124143735,1,1,0,1
"PR_11March2017_FIA25","l0s25",2017-03-11,"2017_pre","FIA25","lXsY",84.2304964477166,0.999999999999996,0.999999999999996,0,1
"PR_11March2017_FIA25","l0s26",2017-03-11,"2017_pre","FIA25","lXsY",89.4856231569395,0.99999999999998,0.99999999999998,0,1
"PR_11March2017_FIA25","l0s27",2017-03-11,"2017_pre","FIA25","lXsY",86.8498954865918,0.999999999999994,0.999999999999994,0,1
"PR_11March2017_FIA25","l0s28",2017-03-11,"2017_pre","FIA25","lXsY",86.8596835711166,1,1,0,1
"PR_11March2017_FIA25","l0s29",2017-03-11,"2017_pre","FIA25","lXsY",86.8493087442547,0.999999999999974,0.999999999999974,0,1
"PR_11March2017_FIA25","l0s3",2017-03-11,"2017_pre","FIA25","lXsY",94.7182399724975,1,1,0,1
"PR_11March2017_FIA25","l0s30",2017-03-11,"2017_pre","FIA25","lXsY",92.129279597117,1,1,0,1
"PR_11March2017_FIA25","l0s31",2017-03-11,"2017_pre","FIA25","lXsY",94.7597770427048,0.999999999999962,0.999999999999962,0,1
"PR_11March2017_FIA25","l0s32",2017-03-11,"2017_pre","FIA25","lXsY",92.1297087957546,0.999999999999996,0.999999999999996,0,1
"PR_11March2017_FIA25","l0s33",2017-03-11,"2017_pre","FIA25","lXsY",92.1343552553937,1,1,0,1
"PR_11March2017_FIA25","l0s34",2017-03-11,"2017_pre","FIA25","lXsY",52.6482384981975,0.999999999999993,0.999999999999993,0,1
"PR_11March2017_FIA25","l0s35",2017-03-11,"2017_pre","FIA25","lXsY",57.9141203324452,0.999999999999977,0.999999999999925,0,1
"PR_11March2017_FIA25","l0s36",2017-03-11,"2017_pre","FIA25","lXsY",60.5471553290799,0.999999999999948,1.2707338546873e-05,0,0
"PR_11March2017_FIA25","l0s37",2017-03-11,"2017_pre","FIA25","lXsY",57.913603916046,1,0,0,0
"PR_11March2017_FIA25","l0s38",2017-03-11,"2017_pre","FIA25","lXsY",57.9190376989081,0.999999999999987,0,0,0
"PR_11March2017_FIA25","l0s39",2017-03-11,"2017_pre","FIA25","lXsY",68.4462019711971,0.999999999999989,0,0,0
"PR_11March2017_FIA25","l0s4",2017-03-11,"2017_pre","FIA25","lXsY",86.8285833902985,1,1,0,1
"PR_11March2017_FIA25","l0s5",2017-03-11,"2017_pre","FIA25","lXsY",81.5596250558048,1,1,0,1
"PR_11March2017_FIA25","l0s6",2017-03-11,"2017_pre","FIA25","lXsY",84.1932816474616,0.999999999999934,0.999999999999934,0,1
"PR_11March2017_FIA25","l0s7",2017-03-11,"2017_pre","FIA25","lXsY",84.1887189356595,0.999999999999985,0.999999999999985,0,1
"PR_11March2017_FIA25","l0s8",2017-03-11,"2017_pre","FIA25","lXsY",86.8237041748151,1,1,0,1
"PR_11March2017_FIA25","l0s9",2017-03-11,"2017_pre","FIA25","lXsY",94.7278933477521,1,1,0,1
"PR_11March2017_FIA30","l0s0",2017-03-11,"2017_pre","FIA30","lXsY",110.558952416247,1,0,0,0
"PR_11March2017_FIA30","l0s1",2017-03-11,"2017_pre","FIA30","lXsY",57.9162796347663,0.999999999999982,0,0,0
"PR_11March2017_FIA30","l0s10",2017-03-11,"2017_pre","FIA30","lXsY",136.898472041534,0.999999999999999,0.999999999999999,0,1
"PR_11March2017_FIA30","l0s11",2017-03-11,"2017_pre","FIA30","lXsY",192.177071932776,0.999999999999972,0.999999999999972,0,1
"PR_11March2017_FIA30","l0s12",2017-03-11,"2017_pre","FIA30","lXsY",200.073540125223,0.999999999999995,1,0,1
"PR_11March2017_FIA30","l0s13",2017-03-11,"2017_pre","FIA30","lXsY",197.449090799712,1,1,0.249190341473196,1
"PR_11March2017_FIA30","l0s14",2017-03-11,"2017_pre","FIA30","lXsY",279.057863832957,0.999999999999989,0.999999999999989,0.957414185530022,2
"PR_11March2017_FIA30","l0s15",2017-03-11,"2017_pre","FIA30","lXsY",200.08464370774,0.99999999999998,0.99999999999998,0.869931048606032,2
"PR_11March2017_FIA30","l0s16",2017-03-11,"2017_pre","FIA30","lXsY",50.0200074753761,1,1,0.426973316588542,1
"PR_11March2017_FIA30","l0s2",2017-03-11,"2017_pre","FIA30","lXsY",52.6479412623197,1,0,0,0
"PR_11March2017_FIA30","l0s3",2017-03-11,"2017_pre","FIA30","lXsY",68.4446866175696,1,0,0,0
"PR_11March2017_FIA30","l0s4",2017-03-11,"2017_pre","FIA30","lXsY",102.664453588521,1,0,0,0
"PR_11March2017_FIA30","l0s5",2017-03-11,"2017_pre","FIA30","lXsY",110.557173634565,1,0,0,0
"PR_11March2017_FIA30","l0s6",2017-03-11,"2017_pre","FIA30","lXsY",121.104317746709,0.999999999999949,2.44989796882879e-05,0,0
"PR_11March2017_FIA30","l0s7",2017-03-11,"2017_pre","FIA30","lXsY",131.625766608992,0.999999999999968,0.999999999999968,0,1
"PR_11March2017_FIA30","l0s8",2017-03-11,"2017_pre","FIA30","lXsY",131.624442393905,0.999999999999989,0.999999999999989,0,1
"PR_11March2017_FIA30","l0s9",2017-03-11,"2017_pre","FIA30","lXsY",155.325410577892,0.999999999999989,0.999999999999989,0,1
"PR_11March2017_mtn_transit","l0s0",2017-03-11,"2017_pre","mtn_transit","lXsY",60.5105913072765,0.99999999999998,0.769159015000796,0,1
"PR_11March2017_mtn_transit","l0s1",2017-03-11,"2017_pre","mtn_transit","lXsY",63.1425025304347,0.999999999999953,0,0,0
"PR_11March2017_mtn_transit","l0s10",2017-03-11,"2017_pre","mtn_transit","lXsY",57.8878762377709,1,0,0,0
"PR_11March2017_mtn_transit","l0s11",2017-03-11,"2017_pre","mtn_transit","lXsY",55.266389706637,0.99999999999996,0,0,0
"PR_11March2017_mtn_transit","l0s2",2017-03-11,"2017_pre","mtn_transit","lXsY",57.8805239942886,1,0,0,0
"PR_11March2017_mtn_transit","l0s3",2017-03-11,"2017_pre","mtn_transit","lXsY",60.5099611852564,0.999999999999973,0,0,0
"PR_11March2017_mtn_transit","l0s4",2017-03-11,"2017_pre","mtn_transit","lXsY",63.1449693266615,0.999999999999954,0,0,0
"PR_11March2017_mtn_transit","l0s5",2017-03-11,"2017_pre","mtn_transit","lXsY",57.8824648595788,1,0,0,0
"PR_11March2017_mtn_transit","l0s6",2017-03-11,"2017_pre","mtn_transit","lXsY",60.5181319964349,0.999999999999985,0,0,0
"PR_11March2017_mtn_transit","l0s7",2017-03-11,"2017_pre","mtn_transit","lXsY",55.2497903894879,0.999999999999995,0,0,0
"PR_11March2017_mtn_transit","l0s8",2017-03-11,"2017_pre","mtn_transit","lXsY",55.2555036159664,0.999999999999964,0,0,0
"PR_11March2017_mtn_transit","l0s9",2017-03-11,"2017_pre","mtn_transit","lXsY",60.5151460208565,0.999999999999974,0,0,0
"PR_12March2017_113","l0s0",2017-03-12,"2017_pre","113","lXsY",57.8774930883437,1,1,0,1
"PR_12March2017_113","l0s1",2017-03-12,"2017_pre","113","lXsY",57.8681573029265,0.999999999999989,0.999999999999989,0,1
"PR_12March2017_113","l0s2",2017-03-12,"2017_pre","113","lXsY",55.2497500403523,0.999999999999999,0.999999999999999,0,1
"PR_12March2017_113","l0s3",2017-03-12,"2017_pre","113","lXsY",47.3511236451343,0.999999999999999,0.999999999999999,0,1
"PR_12March2017_47","l0s0",2017-03-12,"2017_pre","47","lXsY",89.3972096196964,0.999999999999982,0.999999999999982,0,1
"PR_12March2017_47","l0s1",2017-03-12,"2017_pre","47","lXsY",118.304750531514,1,1,0,1
"PR_12March2017_47","l0s10",2017-03-12,"2017_pre","47","lXsY",57.8473381532036,1,1,0,1
"PR_12March2017_47","l0s11",2017-03-12,"2017_pre","47","lXsY",78.8942575319901,0.999999999999991,0.999999999999991,0,1
"PR_12March2017_47","l0s12",2017-03-12,"2017_pre","47","lXsY",86.7834492916793,0.999999999999967,0.999999999999967,0,1
"PR_12March2017_47","l0s13",2017-03-12,"2017_pre","47","lXsY",97.3001718307763,1,1,0,1
"PR_12March2017_47","l0s14",2017-03-12,"2017_pre","47","lXsY",97.3075192251578,1,1,0,1
"PR_12March2017_47","l0s15",2017-03-12,"2017_pre","47","lXsY",94.6804191716492,0.999999999999947,0.999999999999947,0,1
"PR_12March2017_47","l0s16",2017-03-12,"2017_pre","47","lXsY",115.714756785184,0.999999999999992,0.999999999999992,0,1
"PR_12March2017_47","l0s17",2017-03-12,"2017_pre","47","lXsY",110.453316872187,1,1,0,1
"PR_12March2017_47","l0s18",2017-03-12,"2017_pre","47","lXsY",57.8619375212982,1,0,0,0
"PR_12March2017_47","l0s2",2017-03-12,"2017_pre","47","lXsY",105.169631363234,1,1,0,1
"PR_12March2017_47","l0s3",2017-03-12,"2017_pre","47","lXsY",81.5078713272974,0.999999999999978,0.999999999999978,0,1
"PR_12March2017_47","l0s4",2017-03-12,"2017_pre","47","lXsY",70.9865488853671,1,1,0,1
"PR_12March2017_47","l0s5",2017-03-12,"2017_pre","47","lXsY",55.216364774821,1,1,0,1
"PR_12March2017_47","l0s6",2017-03-12,"2017_pre","47","lXsY",55.2158283770852,0.999999999999985,0.999999999999985,0,1
"PR_12March2017_47","l0s7",2017-03-12,"2017_pre","47","lXsY",55.2185572650477,0.999999999999973,0.999999999999973,0,1
"PR_12March2017_47","l0s8",2017-03-12,"2017_pre","47","lXsY",57.8472640792444,1,1,0,1
"PR_12March2017_47","l0s9",2017-03-12,"2017_pre","47","lXsY",57.8554489418656,1,1,0,1
"PR_12March2017_48","l0s0",2017-03-12,"2017_pre","48","lXsY",52.6231976292819,1,1,0,1
"PR_12March2017_48","l0s1",2017-03-12,"2017_pre","48","lXsY",44.7232949564479,0.999999999999961,0.999999999999961,0,1
"PR_12March2017_48","l0s10",2017-03-12,"2017_pre","48","lXsY",44.7311234754652,0.99999999999998,0.99999999999998,0,1
"PR_12March2017_48","l0s11",2017-03-12,"2017_pre","48","lXsY",49.9957738613509,1,1,0,1
"PR_12March2017_48","l0s12",2017-03-12,"2017_pre","48","lXsY",52.6282186370723,0.999999999999971,0.999999999999992,0,1
"PR_12March2017_48","l0s13",2017-03-12,"2017_pre","48","lXsY",68.4233639843136,0.999999999999982,0.999999999999982,0,1
"PR_12March2017_48","l0s14",2017-03-12,"2017_pre","48","lXsY",63.1586395551115,0.999999999999944,0.999999999999944,0,1
"PR_12March2017_48","l0s15",2017-03-12,"2017_pre","48","lXsY",55.2638858654305,0.99999999999998,5.5611125776261e-07,0,0
"PR_12March2017_48","l0s2",2017-03-12,"2017_pre","48","lXsY",47.3664368845172,0.999999999999959,0.999999999999959,0,1
"PR_12March2017_48","l0s3",2017-03-12,"2017_pre","48","lXsY",47.3583660225943,1,1,0,1
"PR_12March2017_48","l0s4",2017-03-12,"2017_pre","48","lXsY",47.358449892047,0.999999999999998,0.999999999999962,0,1
"PR_12March2017_48","l0s5",2017-03-12,"2017_pre","48","lXsY",55.2579228644125,0.999999999999967,0.999999999999987,0,1
"PR_12March2017_48","l0s6",2017-03-12,"2017_pre","48","lXsY",63.1548471269131,0.99999999999996,0.99999999999996,0,1
"PR_12March2017_48","l0s7",2017-03-12,"2017_pre","48","lXsY",63.1580005931333,0.999999999999955,0.999999999999955,0,1
"PR_12March2017_48","l0s8",2017-03-12,"2017_pre","48","lXsY",47.3636086214811,1,1,0,1
"PR_12March2017_48","l0s9",2017-03-12,"2017_pre","48","lXsY",44.73663053312,1,1,0,1
"PR_12March2017_49","l0s0",2017-03-12,"2017_pre","49","lXsY",44.7246725478411,1,1,0,1
"PR_12March2017_49","l0s1",2017-03-12,"2017_pre","49","lXsY",55.2533645765014,1,1,0,1
"PR_12March2017_49","l0s10",2017-03-12,"2017_pre","49","lXsY",63.1568523026243,0.999999999999958,1,0,1
"PR_12March2017_49","l0s11",2017-03-12,"2017_pre","49","lXsY",73.684031054981,0.999999999999992,0.999999999999992,0,1
"PR_12March2017_49","l0s12",2017-03-12,"2017_pre","49","lXsY",49.9932197274439,0.999999999999954,0.999999999999954,0,1
"PR_12March2017_49","l0s2",2017-03-12,"2017_pre","49","lXsY",60.5149533424184,0.999999999999951,0.999999999999951,0,1
"PR_12March2017_49","l0s3",2017-03-12,"2017_pre","49","lXsY",63.1405691604435,0.999999999999936,0.999999999999936,0,1
"PR_12March2017_49","l0s4",2017-03-12,"2017_pre","49","lXsY",63.1522407399386,1,1,0,1
"PR_12March2017_49","l0s5",2017-03-12,"2017_pre","49","lXsY",55.2484372111261,1,1,0,1
"PR_12March2017_49","l0s6",2017-03-12,"2017_pre","49","lXsY",63.147525189282,0.999999999999931,0.999999999999931,0,1
"PR_12March2017_49","l0s7",2017-03-12,"2017_pre","49","lXsY",60.5206405571401,1,1,0,1
"PR_12March2017_49","l0s8",2017-03-12,"2017_pre","49","lXsY",60.5199418404162,0.999999999999971,0.999999999999971,0,1
"PR_12March2017_49","l0s9",2017-03-12,"2017_pre","49","lXsY",57.8981750836566,0.99999999999997,1,0,1
"PR_12March2017_57","l0s0",2017-03-12,"2017_pre","57","lXsY",47.3318901560336,0.999999999999984,9.93406347005063e-06,0,0
"PR_12March2017_57","l0s1",2017-03-12,"2017_pre","57","lXsY",47.3397123769209,1,1,0,1
"PR_12March2017_57","l0s2",2017-03-12,"2017_pre","57","lXsY",44.7082121797793,0.999999999999987,0.999999999999987,0,1
"PR_12March2017_57","l0s3",2017-03-12,"2017_pre","57","lXsY",60.4936653115429,0.99999999999998,0.99999999999998,0,1
"PR_12March2017_58a","l0s0",2017-03-12,"2017_pre","58a","lXsY",71.0883723005176,0.999999999999975,0.306170773720544,0,0
"PR_12March2017_58a","l0s1",2017-03-12,"2017_pre","58a","lXsY",81.614033966738,0.999999999999982,0.38570997907926,0,0
"PR_12March2017_58a","l0s2",2017-03-12,"2017_pre","58a","lXsY",92.1495080757499,0.999999999999975,0.551584033802322,0,1
"PR_12March2017_58a","l0s3",2017-03-12,"2017_pre","58a","lXsY",55.2945490139291,0.999999999999952,0.297244922961679,0,0
"PR_12March2017_58b","l0s0",2017-03-12,"2017_pre","58b","lXsY",68.4481259020269,0.999999999999985,0.999990363967186,0,1
"PR_12March2017_58b","l0s1",2017-03-12,"2017_pre","58b","lXsY",63.1901876646042,1,0.999999999999948,0,1
"PR_12March2017_58b","l0s2",2017-03-12,"2017_pre","58b","lXsY",60.5590918823123,0.999999999999983,1,0,1
"PR_12March2017_58b","l0s3",2017-03-12,"2017_pre","58b","lXsY",84.2476924587801,0.999999999999999,0.999999999999946,0,1
"PR_12March2017_58b","l0s4",2017-03-12,"2017_pre","58b","lXsY",76.3540074375197,0.999999999999955,0.999999999999994,0,1
"PR_12March2017_66","l0s0",2017-03-12,"2017_pre","66","lXsY",55.2899507495776,0.999999999999925,0.999999999999925,7.66254815869738e-06,1
"PR_12March2017_66","l0s1",2017-03-12,"2017_pre","66","lXsY",63.1885573059097,0.999999999999997,0.999999999999997,0.999999999999997,2
"PR_12March2017_66","l0s2",2017-03-12,"2017_pre","66","lXsY",60.5577652477428,1,0.999999999999995,0.999999999999995,2
"PR_12March2017_66","l0s3",2017-03-12,"2017_pre","66","lXsY",63.193951044187,1,1,1,2
"PR_12March2017_66","l0s4",2017-03-12,"2017_pre","66","lXsY",57.9299262714311,0.999999999999957,0.999999999999957,0.999999999999957,2
"PR_12March2017_66","l0s5",2017-03-12,"2017_pre","66","lXsY",52.657099130106,1,1,1,2
"PR_12March2017_66","l0s6",2017-03-12,"2017_pre","66","lXsY",39.4981962683685,1,1,1,2
"PR_12March2017_67","l0s0",2017-03-12,"2017_pre","67","lXsY",76.3628413477764,0.999999999999976,0.999999999999976,9.34122256116358e-06,1
"PR_12March2017_67","l0s1",2017-03-12,"2017_pre","67","lXsY",76.3712301505595,0.99999999999996,0.99999999999996,0.99999999999999,2
"PR_12March2017_67","l0s2",2017-03-12,"2017_pre","67","lXsY",71.0940828020111,0.999999999999959,0.999999999999959,0.999999999999959,2
"PR_12March2017_67","l0s3",2017-03-12,"2017_pre","67","lXsY",68.472023660849,1,1,1,2
"PR_12March2017_67","l0s4",2017-03-12,"2017_pre","67","lXsY",71.0956034084827,1,1,1,2
"PR_12March2017_67","l0s5",2017-03-12,"2017_pre","67","lXsY",73.7346399850428,1,1,1,2
"PR_12March2017_67","l0s6",2017-03-12,"2017_pre","67","lXsY",52.6698123629481,0.999999999999971,0.999999999999971,0.999999999999971,2
"PR_12March2017_68","l0s0",2017-03-12,"2017_pre","68","lXsY",131.675224137673,1,8.16042759792292e-08,8.16042759792292e-08,0
"PR_12March2017_68","l0s1",2017-03-12,"2017_pre","68","lXsY",179.074567897967,1,1,1,2
"PR_12March2017_68","l0s2",2017-03-12,"2017_pre","68","lXsY",160.628288076615,0.999999999999928,0.999999999999928,0.999999999999928,2
"PR_12March2017_68","l0s3",2017-03-12,"2017_pre","68","lXsY",165.910031630725,0.999999999999995,0.999999999999995,0.999999999999995,2
"PR_12March2017_68","l0s4",2017-03-12,"2017_pre","68","lXsY",158.010647351158,0.999999999999996,0.999999999999996,0.999999999999996,2
"PR_12March2017_68","l0s5",2017-03-12,"2017_pre","68","lXsY",139.576570037672,0.999999999999983,1,0.999999999999983,2
"PR_12March2017_68","l0s6",2017-03-12,"2017_pre","68","lXsY",84.2788076015756,1,8.78026733434272e-06,1,1
"PR_12March2017_Arroyo","l0s0",2017-03-12,"2017_pre","Arroyo","lXsY",73.6832861418769,1,0,0,0
"PR_12March2017_Arroyo","l0s1",2017-03-12,"2017_pre","Arroyo","lXsY",47.3726691630207,0.999999999999995,0,0,0
"PR_12March2017_FIA18","l0s0",2017-03-12,"2017_pre","FIA18","lXsY",70.9577816783503,0.999999999999998,0,0,0
"PR_12March2017_FIA18","l0s1",2017-03-12,"2017_pre","FIA18","lXsY",86.7242761330739,1,1,0,1
"PR_12March2017_FIA18","l0s10",2017-03-12,"2017_pre","FIA18","lXsY",115.654570311359,1,1,0,1
"PR_12March2017_FIA18","l0s11",2017-03-12,"2017_pre","FIA18","lXsY",105.144578558341,1,1,0,1
"PR_12March2017_FIA18","l0s12",2017-03-12,"2017_pre","FIA18","lXsY",123.547959658593,1,1,0,1
"PR_12March2017_FIA18","l0s13",2017-03-12,"2017_pre","FIA18","lXsY",107.774940270936,1,1,0,1
"PR_12March2017_FIA18","l0s14",2017-03-12,"2017_pre","FIA18","lXsY",115.664401906252,1,1,0,1
"PR_12March2017_FIA18","l0s15",2017-03-12,"2017_pre","FIA18","lXsY",115.662694928721,1,1,0,1
"PR_12March2017_FIA18","l0s16",2017-03-12,"2017_pre","FIA18","lXsY",113.031808115612,1,1,0,1
"PR_12March2017_FIA18","l0s17",2017-03-12,"2017_pre","FIA18","lXsY",107.784198074077,0.999999999999987,0.999999999999987,0,1
"PR_12March2017_FIA18","l0s18",2017-03-12,"2017_pre","FIA18","lXsY",126.18781725789,0.999999999999991,0.999999999999991,0,1
"PR_12March2017_FIA18","l0s19",2017-03-12,"2017_pre","FIA18","lXsY",120.939788025516,0.999999999999959,0.999999999999959,0,1
"PR_12March2017_FIA18","l0s2",2017-03-12,"2017_pre","FIA18","lXsY",94.6133559943125,1,1,0,1
"PR_12March2017_FIA18","l0s20",2017-03-12,"2017_pre","FIA18","lXsY",120.938229879996,0.999999999999967,0.999999999999967,0,1
"PR_12March2017_FIA18","l0s21",2017-03-12,"2017_pre","FIA18","lXsY",131.45564408889,1,1,0,1
"PR_12March2017_FIA18","l0s22",2017-03-12,"2017_pre","FIA18","lXsY",134.076722820416,0.999999999999987,0.999999999999981,0,1
"PR_12March2017_FIA18","l0s23",2017-03-12,"2017_pre","FIA18","lXsY",134.091222661254,1,1,0,1
"PR_12March2017_FIA18","l0s24",2017-03-12,"2017_pre","FIA18","lXsY",134.09604173893,0.999999999999992,0.999999999999992,0,1
"PR_12March2017_FIA18","l0s25",2017-03-12,"2017_pre","FIA18","lXsY",131.459027785124,1,1,0,1
"PR_12March2017_FIA18","l0s26",2017-03-12,"2017_pre","FIA18","lXsY",136.726399993628,1,1,0,1
"PR_12March2017_FIA18","l0s27",2017-03-12,"2017_pre","FIA18","lXsY",139.357494942625,1,1,0,1
"PR_12March2017_FIA18","l0s28",2017-03-12,"2017_pre","FIA18","lXsY",139.355291343588,1,1,0,1
"PR_12March2017_FIA18","l0s29",2017-03-12,"2017_pre","FIA18","lXsY",147.251163303295,0.999999999999974,0.999999999999926,0,1
"PR_12March2017_FIA18","l0s3",2017-03-12,"2017_pre","FIA18","lXsY",113.009949234928,1,1,0,1
"PR_12March2017_FIA18","l0s30",2017-03-12,"2017_pre","FIA18","lXsY",139.374586715858,1,1,0,1
"PR_12March2017_FIA18","l0s31",2017-03-12,"2017_pre","FIA18","lXsY",126.226655785643,0.999999999999994,0.999999999999994,0,1
"PR_12March2017_FIA18","l0s32",2017-03-12,"2017_pre","FIA18","lXsY",168.303958249509,0.999999999999994,0.999999999999994,0,1
"PR_12March2017_FIA18","l0s33",2017-03-12,"2017_pre","FIA18","lXsY",170.93086372433,0.999999999999986,0.999999999999986,0,1
"PR_12March2017_FIA18","l0s34",2017-03-12,"2017_pre","FIA18","lXsY",99.9287208547294,1,1,0,1
"PR_12March2017_FIA18","l0s4",2017-03-12,"2017_pre","FIA18","lXsY",94.6160275822818,1,1,0,1
"PR_12March2017_FIA18","l0s5",2017-03-12,"2017_pre","FIA18","lXsY",76.2123649345152,0.999999999999971,0.999999999999971,0,1
"PR_12March2017_FIA18","l0s6",2017-03-12,"2017_pre","FIA18","lXsY",110.38903980381,0.99999999999998,0.99999999999998,0,1
"PR_12March2017_FIA18","l0s7",2017-03-12,"2017_pre","FIA18","lXsY",99.8798586855754,0.999999999999973,0.999999999999973,0,1
"PR_12March2017_FIA18","l0s8",2017-03-12,"2017_pre","FIA18","lXsY",141.942321820074,0.999999999999998,0.999999999999998,0,1
"PR_12March2017_FIA18","l0s9",2017-03-12,"2017_pre","FIA18","lXsY",134.04897775825,1,1,0,1
"PR_12March2017_FIA20","l0s0",2017-03-12,"2017_pre","FIA20","lXsY",57.8192192589939,0.999999999999987,0.999999999999987,0,1
"PR_12March2017_FIA20","l0s1",2017-03-12,"2017_pre","FIA20","lXsY",81.4772247172631,1,1,0,1
"PR_12March2017_FIA20","l0s10",2017-03-12,"2017_pre","FIA20","lXsY",39.4326800972126,0.999999999999972,0,0,0
"PR_12March2017_FIA20","l0s2",2017-03-12,"2017_pre","FIA20","lXsY",97.2362422104314,1,1,0,1
"PR_12March2017_FIA20","l0s3",2017-03-12,"2017_pre","FIA20","lXsY",97.2460858656764,1,1,0,1
"PR_12March2017_FIA20","l0s4",2017-03-12,"2017_pre","FIA20","lXsY",102.496818768026,0.999999999999969,0.999999999999969,0,1
"PR_12March2017_FIA20","l0s5",2017-03-12,"2017_pre","FIA20","lXsY",94.622158898142,0.999999999999997,0.999999999999997,0,1
"PR_12March2017_FIA20","l0s6",2017-03-12,"2017_pre","FIA20","lXsY",99.878679535307,1,1,0,1
"PR_12March2017_FIA20","l0s7",2017-03-12,"2017_pre","FIA20","lXsY",55.1966372434162,0.999999999999982,5.07391353914223e-06,0,0
"PR_12March2017_FIA20","l0s8",2017-03-12,"2017_pre","FIA20","lXsY",57.8246672593296,1,0,0,0
"PR_12March2017_FIA20","l0s9",2017-03-12,"2017_pre","FIA20","lXsY",63.086225885921,0.999999999999994,0,0,0
"PR_12March2017_FIA21","l0s0",2017-03-12,"2017_pre","FIA21","lXsY",97.2773281021655,1,0,0,0
"PR_12March2017_FIA21","l0s1",2017-03-12,"2017_pre","FIA21","lXsY",105.166576469338,0.999999999999981,4.13914576833896e-06,0,0
"PR_12March2017_FIA21","l0s10",2017-03-12,"2017_pre","FIA21","lXsY",134.069189508459,1,1,0,1
"PR_12March2017_FIA21","l0s11",2017-03-12,"2017_pre","FIA21","lXsY",147.202370197594,1,1,0,1
"PR_12March2017_FIA21","l0s12",2017-03-12,"2017_pre","FIA21","lXsY",155.092416414568,0.999999999999997,0.999999999999997,0,1
"PR_12March2017_FIA21","l0s13",2017-03-12,"2017_pre","FIA21","lXsY",168.232806840216,0.999999999999991,0.999999999999991,0,1
"PR_12March2017_FIA21","l0s14",2017-03-12,"2017_pre","FIA21","lXsY",170.855659168452,0.999999999999997,0.999999999999997,0,1
"PR_12March2017_FIA21","l0s15",2017-03-12,"2017_pre","FIA21","lXsY",120.915981871366,1,0.999999999999999,0,1
"PR_12March2017_FIA21","l0s16",2017-03-12,"2017_pre","FIA21","lXsY",131.435648203264,0.99999999999999,0.0328659094145177,0,0
"PR_12March2017_FIA21","l0s17",2017-03-12,"2017_pre","FIA21","lXsY",92.0027822194859,1,0.987615502066789,0,1
"PR_12March2017_FIA21","l0s2",2017-03-12,"2017_pre","FIA21","lXsY",99.9002497345477,1,1,0,1
"PR_12March2017_FIA21","l0s3",2017-03-12,"2017_pre","FIA21","lXsY",139.335781816877,0.999999999999998,0.999999999999998,0,1
"PR_12March2017_FIA21","l0s4",2017-03-12,"2017_pre","FIA21","lXsY",136.706820270959,1,1,0,1
"PR_12March2017_FIA21","l0s5",2017-03-12,"2017_pre","FIA21","lXsY",126.190706042005,1,1,0,1
"PR_12March2017_FIA21","l0s6",2017-03-12,"2017_pre","FIA21","lXsY",139.341480298306,0.999999999999975,0.999999999999975,0,1
"PR_12March2017_FIA21","l0s7",2017-03-12,"2017_pre","FIA21","lXsY",128.82107144945,0.999999999999987,0.999999999999987,0,1
"PR_12March2017_FIA21","l0s8",2017-03-12,"2017_pre","FIA21","lXsY",139.338421311507,1,1,0,1
"PR_12March2017_FIA21","l0s9",2017-03-12,"2017_pre","FIA21","lXsY",123.558718729088,0.999999999999994,0.999999999999994,0,1
"PR_12March2017_FIA27","l0s0",2017-03-12,"2017_pre","FIA27","lXsY",86.8870534562439,0.999999999999986,0.578677788656416,0.578677788656416,2
"PR_12March2017_FIA27","l0s1",2017-03-12,"2017_pre","FIA27","lXsY",97.4168119952142,0.999999999999973,0,0,0
"PR_12March2017_FIA27","l0s10",2017-03-12,"2017_pre","FIA27","lXsY",157.98375131813,1,1,1,2
"PR_12March2017_FIA27","l0s11",2017-03-12,"2017_pre","FIA27","lXsY",150.083051384866,1,1,1,2
"PR_12March2017_FIA27","l0s12",2017-03-12,"2017_pre","FIA27","lXsY",136.922101834139,0.999999999999945,0.999999999999945,0.999999999999945,2
"PR_12March2017_FIA27","l0s13",2017-03-12,"2017_pre","FIA27","lXsY",107.963809994048,0.999999999999935,0.999999999999935,0.999999999999935,2
"PR_12March2017_FIA27","l0s14",2017-03-12,"2017_pre","FIA27","lXsY",123.749280164975,1,1,1,2
"PR_12March2017_FIA27","l0s15",2017-03-12,"2017_pre","FIA27","lXsY",118.501120085141,0.999999999999971,0.999999999999971,0.999999999999971,2
"PR_12March2017_FIA27","l0s16",2017-03-12,"2017_pre","FIA27","lXsY",121.118570512065,0.999999999999988,0.999999999999958,0.999999999999944,2
"PR_12March2017_FIA27","l0s17",2017-03-12,"2017_pre","FIA27","lXsY",129.028940696237,1,0.999999999999982,0,1
"PR_12March2017_FIA27","l0s18",2017-03-12,"2017_pre","FIA27","lXsY",113.227178576195,1,0.495728472343226,0,0
"PR_12March2017_FIA27","l0s19",2017-03-12,"2017_pre","FIA27","lXsY",79.0021407558143,1,0,0,0
"PR_12March2017_FIA27","l0s2",2017-03-12,"2017_pre","FIA27","lXsY",134.274247012833,0.999999999999938,1.512514470195e-05,0,0
"PR_12March2017_FIA27","l0s20",2017-03-12,"2017_pre","FIA27","lXsY",50.0339366573662,0.999999999999993,0,0,0
"PR_12March2017_FIA27","l0s3",2017-03-12,"2017_pre","FIA27","lXsY",184.302577996781,0.999999999999977,0.999999999999977,1.56225787419282e-05,1
"PR_12March2017_FIA27","l0s4",2017-03-12,"2017_pre","FIA27","lXsY",192.203479717755,0.999999999999993,0.999999999999993,0.999999999999993,2
"PR_12March2017_FIA27","l0s5",2017-03-12,"2017_pre","FIA27","lXsY",186.940822984943,0.999999999999986,0.999999999999986,0.999999999999986,2
"PR_12March2017_FIA27","l0s6",2017-03-12,"2017_pre","FIA27","lXsY",179.032013957995,0.999999999999997,0.999999999999997,0.999999999999997,2
"PR_12March2017_FIA27","l0s7",2017-03-12,"2017_pre","FIA27","lXsY",165.881042539373,0.999999999999948,0.999999999999948,0.999999999999948,2
"PR_12March2017_FIA27","l0s8",2017-03-12,"2017_pre","FIA27","lXsY",163.242938792524,1,1,1,2
"PR_12March2017_FIA27","l0s9",2017-03-12,"2017_pre","FIA27","lXsY",160.626389672932,0.999999999999972,0.999999999999972,0.999999999999972,2
"PR_12March2017_FIA29","l0s0",2017-03-12,"2017_pre","FIA29","lXsY",131.616043235096,0.999999999999998,0.999999999999998,0,1
"PR_12March2017_FIA29","l0s1",2017-03-12,"2017_pre","FIA29","lXsY",226.380091258408,1,1,0,1
"PR_12March2017_FIA29","l0s2",2017-03-12,"2017_pre","FIA29","lXsY",184.266734000488,1,1,0,1
"PR_12March2017_FIA29","l0s3",2017-03-12,"2017_pre","FIA29","lXsY",194.797945739329,1,1,0,1
"PR_12March2017_FIA29","l0s4",2017-03-12,"2017_pre","FIA29","lXsY",184.273352436458,0.999999999999979,0.999999999999979,0,1
"PR_12March2017_FIA29","l0s5",2017-03-12,"2017_pre","FIA29","lXsY",194.798675280851,0.999999999999991,0.999999999999991,0,1
"PR_12March2017_FIA29","l0s6",2017-03-12,"2017_pre","FIA29","lXsY",205.338999739045,0.999999999999979,0.999999999999979,0,1
"PR_12March2017_FIA29","l0s7",2017-03-12,"2017_pre","FIA29","lXsY",131.615724117789,0.999999999999999,0.999999999999999,0,1
"PR_12March2017_Guayama","l0s0",2017-03-12,"2017_pre","Guayama","lXsY",100.000832876371,1,0.58553062474147,0,1
"PR_12March2017_Guayama","l0s1",2017-03-12,"2017_pre","Guayama","lXsY",47.3658192421794,0.99999999999998,0,0,0
"PR_13March2017_BG0_long_am","l0s0",2017-03-13,"2017_pre","BG0_long_am","lXsY",47.3567279433914,0.999999999999987,0,0,0
"PR_13March2017_BG0_long_am","l0s1",2017-03-13,"2017_pre","BG0_long_am","lXsY",63.1520355840012,0.999999999999962,0,0,0
"PR_13March2017_BG0_long_am","l0s10",2017-03-13,"2017_pre","BG0_long_am","lXsY",57.8928028648213,1,1,0,1
"PR_13March2017_BG0_long_am","l0s11",2017-03-13,"2017_pre","BG0_long_am","lXsY",55.2686127194583,0.999999999999947,0.999999999999947,0,1
"PR_13March2017_BG0_long_am","l0s12",2017-03-13,"2017_pre","BG0_long_am","lXsY",55.2636226821214,1,1,0,1
"PR_13March2017_BG0_long_am","l0s13",2017-03-13,"2017_pre","BG0_long_am","lXsY",57.8993600943819,0.999999999999989,0.999999999999989,0,1
"PR_13March2017_BG0_long_am","l0s14",2017-03-13,"2017_pre","BG0_long_am","lXsY",63.1621241746291,0.999999999999965,0.999999999999965,0,1
"PR_13March2017_BG0_long_am","l0s15",2017-03-13,"2017_pre","BG0_long_am","lXsY",63.1657708771929,0.999999999999938,0.999999999999938,0,1
"PR_13March2017_BG0_long_am","l0s16",2017-03-13,"2017_pre","BG0_long_am","lXsY",57.90594813741,1,0.216975933896013,0,0
"PR_13March2017_BG0_long_am","l0s17",2017-03-13,"2017_pre","BG0_long_am","lXsY",63.171583453171,1,0,0,0
"PR_13March2017_BG0_long_am","l0s18",2017-03-13,"2017_pre","BG0_long_am","lXsY",57.9061001724511,0.999999999999986,0,0,0
"PR_13March2017_BG0_long_am","l0s19",2017-03-13,"2017_pre","BG0_long_am","lXsY",60.5363210130185,0.999999999999943,0,0,0
"PR_13March2017_BG0_long_am","l0s2",2017-03-13,"2017_pre","BG0_long_am","lXsY",60.5256940559357,1,0,0,0
"PR_13March2017_BG0_long_am","l0s20",2017-03-13,"2017_pre","BG0_long_am","lXsY",55.2734458509698,1,0,0,0
"PR_13March2017_BG0_long_am","l0s21",2017-03-13,"2017_pre","BG0_long_am","lXsY",47.3858984504178,1,0,0,0
"PR_13March2017_BG0_long_am","l0s22",2017-03-13,"2017_pre","BG0_long_am","lXsY",44.7500880586281,1,0,0,0
"PR_13March2017_BG0_long_am","l0s23",2017-03-13,"2017_pre","BG0_long_am","lXsY",44.738606996052,1,0,0,0
"PR_13March2017_BG0_long_am","l0s24",2017-03-13,"2017_pre","BG0_long_am","lXsY",42.1184992299303,1,0,0,0
"PR_13March2017_BG0_long_am","l0s25",2017-03-13,"2017_pre","BG0_long_am","lXsY",39.483956860625,1,0,0,0
"PR_13March2017_BG0_long_am","l0s26",2017-03-13,"2017_pre","BG0_long_am","lXsY",42.1183380059384,1,0,0,0
"PR_13March2017_BG0_long_am","l0s27",2017-03-13,"2017_pre","BG0_long_am","lXsY",47.3875654182985,0.999999999999981,0,0,0
"PR_13March2017_BG0_long_am","l0s28",2017-03-13,"2017_pre","BG0_long_am","lXsY",44.7460243696913,0.999999999999977,0,0,0
"PR_13March2017_BG0_long_am","l0s29",2017-03-13,"2017_pre","BG0_long_am","lXsY",39.4933464502789,0.999999999999991,0,0,0
"PR_13March2017_BG0_long_am","l0s3",2017-03-13,"2017_pre","BG0_long_am","lXsY",65.7823963017002,0.999999999999987,0,0,0
"PR_13March2017_BG0_long_am","l0s30",2017-03-13,"2017_pre","BG0_long_am","lXsY",42.1177933185712,0.999999999999987,0,0,0
"PR_13March2017_BG0_long_am","l0s31",2017-03-13,"2017_pre","BG0_long_am","lXsY",42.1197983882539,1,0,0,0
"PR_13March2017_BG0_long_am","l0s32",2017-03-13,"2017_pre","BG0_long_am","lXsY",39.4873214681603,0.999999999999952,0,0,0
"PR_13March2017_BG0_long_am","l0s33",2017-03-13,"2017_pre","BG0_long_am","lXsY",42.1288155853264,0.999999999999982,0,0,0
"PR_13March2017_BG0_long_am","l0s34",2017-03-13,"2017_pre","BG0_long_am","lXsY",42.127475212913,0.999999999999977,0,0,0
"PR_13March2017_BG0_long_am","l0s35",2017-03-13,"2017_pre","BG0_long_am","lXsY",39.483752508682,0.999999999999982,0,0,0
"PR_13March2017_BG0_long_am","l0s36",2017-03-13,"2017_pre","BG0_long_am","lXsY",39.489398111143,1,0,0,0
"PR_13March2017_BG0_long_am","l0s37",2017-03-13,"2017_pre","BG0_long_am","lXsY",36.8569944749169,1,0,0,0
"PR_13March2017_BG0_long_am","l0s38",2017-03-13,"2017_pre","BG0_long_am","lXsY",42.1253068531819,0.999999999999967,0,0,0
"PR_13March2017_BG0_long_am","l0s39",2017-03-13,"2017_pre","BG0_long_am","lXsY",47.3915640494138,1,0,0,0
"PR_13March2017_BG0_long_am","l0s4",2017-03-13,"2017_pre","BG0_long_am","lXsY",63.1587605609894,0.999999999999965,0,0,0
"PR_13March2017_BG0_long_am","l0s40",2017-03-13,"2017_pre","BG0_long_am","lXsY",50.0296947529085,1,0,0,0
"PR_13March2017_BG0_long_am","l0s5",2017-03-13,"2017_pre","BG0_long_am","lXsY",52.631469125855,0.99999999999999,0.1370565081717,0,0
"PR_13March2017_BG0_long_am","l0s6",2017-03-13,"2017_pre","BG0_long_am","lXsY",57.8915829205096,1,1,0,1
"PR_13March2017_BG0_long_am","l0s7",2017-03-13,"2017_pre","BG0_long_am","lXsY",63.1572350728959,0.999999999999925,0.196221294693782,0,0
"PR_13March2017_BG0_long_am","l0s8",2017-03-13,"2017_pre","BG0_long_am","lXsY",55.2594921214126,1,0,0,0
"PR_13March2017_BG0_long_am","l0s9",2017-03-13,"2017_pre","BG0_long_am","lXsY",55.2624943553418,0.999999999999976,0.783009760416848,0,1
"PR_13March2017_BG0_long_noon_east","l0s10",2017-03-13,"2017_pre","BG0_long_noon_east","lXsY",57.8928028648213,1,1,0,1
"PR_13March2017_BG0_long_noon_east","l0s11",2017-03-13,"2017_pre","BG0_long_noon_east","lXsY",55.2686127194583,0.999999999999947,0.999999999999947,0,1
"PR_13March2017_BG0_long_noon_east","l0s12",2017-03-13,"2017_pre","BG0_long_noon_east","lXsY",55.2636226821214,1,1,0,1
"PR_13March2017_BG0_long_noon_east","l0s13",2017-03-13,"2017_pre","BG0_long_noon_east","lXsY",57.8993600943819,0.999999999999989,0.999999999999989,0,1
"PR_13March2017_BG0_long_noon_east","l0s14",2017-03-13,"2017_pre","BG0_long_noon_east","lXsY",63.1621241746291,0.999999999999965,0.999999999999965,0,1
"PR_13March2017_BG0_long_noon_east","l0s15",2017-03-13,"2017_pre","BG0_long_noon_east","lXsY",63.1657708771929,0.999999999999938,0.999999999999938,0,1
"PR_13March2017_BG0_long_noon_east","l0s16",2017-03-13,"2017_pre","BG0_long_noon_east","lXsY",57.90594813741,1,0.216975933896013,0,0
"PR_13March2017_BG0_long_noon_east","l0s17",2017-03-13,"2017_pre","BG0_long_noon_east","lXsY",63.171583453171,1,0,0,0
"PR_13March2017_BG0_long_noon_east","l0s9",2017-03-13,"2017_pre","BG0_long_noon_east","lXsY",55.2624943553418,0.999999999999976,0.783009760416848,0,1
"PR_13March2017_BG0_long_noon_west","l0s0",2017-03-13,"2017_pre","BG0_long_noon_west","lXsY",47.3567279433914,0.999999999999987,0,0,0
"PR_13March2017_BG0_long_noon_west","l0s1",2017-03-13,"2017_pre","BG0_long_noon_west","lXsY",63.1520355840012,0.999999999999962,0,0,0
"PR_13March2017_BG0_long_noon_west","l0s2",2017-03-13,"2017_pre","BG0_long_noon_west","lXsY",60.5256940559357,1,0,0,0
"PR_13March2017_BG0_long_noon_west","l0s3",2017-03-13,"2017_pre","BG0_long_noon_west","lXsY",65.7823963017002,0.999999999999987,0,0,0
"PR_13March2017_BG0_long_noon_west","l0s4",2017-03-13,"2017_pre","BG0_long_noon_west","lXsY",63.1587605609894,0.999999999999965,0,0,0
"PR_13March2017_BG0_long_noon_west","l0s5",2017-03-13,"2017_pre","BG0_long_noon_west","lXsY",52.631469125855,0.99999999999999,0.1370565081717,0,0
"PR_13March2017_BG0_long_noon_west","l0s6",2017-03-13,"2017_pre","BG0_long_noon_west","lXsY",57.8915829205096,1,1,0,1
"PR_13March2017_BG0_long_noon_west","l0s7",2017-03-13,"2017_pre","BG0_long_noon_west","lXsY",63.1572350728959,0.999999999999925,0.196221294693782,0,0
"PR_13March2017_FIA26","l0s0",2017-03-13,"2017_pre","FIA26","lXsY",134.15102191703,0.999999999999969,0.999999999999969,0,1
"PR_13March2017_FIA26","l0s1",2017-03-13,"2017_pre","FIA26","lXsY",228.846983858976,1,1,0,1
"PR_13March2017_FIA26","l0s10",2017-03-13,"2017_pre","FIA26","lXsY",231.509324022353,0.999999999999996,0.999999999999996,0,1
"PR_13March2017_FIA26","l0s11",2017-03-13,"2017_pre","FIA26","lXsY",226.259839295408,0.999999999999977,0.999999999999977,0,1
"PR_13March2017_FIA26","l0s12",2017-03-13,"2017_pre","FIA26","lXsY",234.152536470425,1,1,0,1
"PR_13March2017_FIA26","l0s13",2017-03-13,"2017_pre","FIA26","lXsY",234.150534782988,0.99999999999995,0.99999999999995,0,1
"PR_13March2017_FIA26","l0s14",2017-03-13,"2017_pre","FIA26","lXsY",234.167758831912,1,1,0,1
"PR_13March2017_FIA26","l0s15",2017-03-13,"2017_pre","FIA26","lXsY",236.787831295124,1,1,0,1
"PR_13March2017_FIA26","l0s16",2017-03-13,"2017_pre","FIA26","lXsY",186.809139061427,0.999999999999979,0.999999999999979,0,1
"PR_13March2017_FIA26","l0s17",2017-03-13,"2017_pre","FIA26","lXsY",128.930063115937,1,1,0,1
"PR_13March2017_FIA26","l0s18",2017-03-13,"2017_pre","FIA26","lXsY",149.985856238616,1,1,0,1
"PR_13March2017_FIA26","l0s19",2017-03-13,"2017_pre","FIA26","lXsY",136.826973642787,1,1,0,1
"PR_13March2017_FIA26","l0s2",2017-03-13,"2017_pre","FIA26","lXsY",213.063378786868,0.999999999999985,0.999999999999985,0,1
"PR_13March2017_FIA26","l0s20",2017-03-13,"2017_pre","FIA26","lXsY",165.781679871237,1,1,0,1
"PR_13March2017_FIA26","l0s21",2017-03-13,"2017_pre","FIA26","lXsY",139.468601719424,0.999999999999973,0.999999999999973,0,1
"PR_13March2017_FIA26","l0s22",2017-03-13,"2017_pre","FIA26","lXsY",128.945932978079,0.999999999999992,0.999999999999992,0,1
"PR_13March2017_FIA26","l0s23",2017-03-13,"2017_pre","FIA26","lXsY",107.886064164977,1,1,0,1
"PR_13March2017_FIA26","l0s24",2017-03-13,"2017_pre","FIA26","lXsY",160.5309952582,1,1,0,1
"PR_13March2017_FIA26","l0s25",2017-03-13,"2017_pre","FIA26","lXsY",131.573835327587,1,1,0,1
"PR_13March2017_FIA26","l0s26",2017-03-13,"2017_pre","FIA26","lXsY",128.940760353908,0.99999999999991,0.999999999999968,0,1
"PR_13March2017_FIA26","l0s27",2017-03-13,"2017_pre","FIA26","lXsY",107.897808067821,0.999999999999988,0.999999999999972,0,1
"PR_13March2017_FIA26","l0s28",2017-03-13,"2017_pre","FIA26","lXsY",94.7440694954425,0.999999999999962,0.999999999999997,0,1
"PR_13March2017_FIA26","l0s29",2017-03-13,"2017_pre","FIA26","lXsY",94.7401581099197,0.999999999999997,1.9136004415088e-05,0,0
"PR_13March2017_FIA26","l0s3",2017-03-13,"2017_pre","FIA26","lXsY",239.366941026628,0.999999999999992,0.999999999999992,0,1
"PR_13March2017_FIA26","l0s30",2017-03-13,"2017_pre","FIA26","lXsY",60.525425302431,0.999999999999995,0,0,0
"PR_13March2017_FIA26","l0s4",2017-03-13,"2017_pre","FIA26","lXsY",252.529768821755,0.999999999999999,0.999999999999999,0,1
"PR_13March2017_FIA26","l0s5",2017-03-13,"2017_pre","FIA26","lXsY",242.012098422077,1,1,0,1
"PR_13March2017_FIA26","l0s6",2017-03-13,"2017_pre","FIA26","lXsY",255.187033299166,1,1,0,1
"PR_13March2017_FIA26","l0s7",2017-03-13,"2017_pre","FIA26","lXsY",215.722184002173,0.999999999999984,0.999999999999984,0,1
"PR_13March2017_FIA26","l0s8",2017-03-13,"2017_pre","FIA26","lXsY",199.936949080566,0.999999999999979,0.999999999999979,0,1
"PR_13March2017_FIA26","l0s9",2017-03-13,"2017_pre","FIA26","lXsY",228.864481306437,1,1,0,1
"PR_13March2017_FIA27","l0s1",2017-03-13,"2017_pre","FIA27","lXsY",97.4168119952142,0.999999999999973,0,0,0
"PR_13March2017_FIA27","l0s10",2017-03-13,"2017_pre","FIA27","lXsY",157.98375131813,1,1,1,2
"PR_13March2017_FIA27","l0s11",2017-03-13,"2017_pre","FIA27","lXsY",150.083051384866,1,1,1,2
"PR_13March2017_FIA27","l0s12",2017-03-13,"2017_pre","FIA27","lXsY",136.922101834139,0.999999999999945,0.999999999999945,0.999999999999945,2
"PR_13March2017_FIA27","l0s13",2017-03-13,"2017_pre","FIA27","lXsY",107.963809994048,0.999999999999935,0.999999999999935,0.999999999999935,2
"PR_13March2017_FIA27","l0s14",2017-03-13,"2017_pre","FIA27","lXsY",123.749280164975,1,1,1,2
"PR_13March2017_FIA27","l0s15",2017-03-13,"2017_pre","FIA27","lXsY",118.501120085141,0.999999999999971,0.999999999999971,0.999999999999971,2
"PR_13March2017_FIA27","l0s16",2017-03-13,"2017_pre","FIA27","lXsY",121.118570512065,0.999999999999988,0.999999999999958,0.999999999999944,2
"PR_13March2017_FIA27","l0s17",2017-03-13,"2017_pre","FIA27","lXsY",129.028940696237,1,0.999999999999982,0,1
"PR_13March2017_FIA27","l0s18",2017-03-13,"2017_pre","FIA27","lXsY",113.227178576195,1,0.495728472343226,0,0
"PR_13March2017_FIA27","l0s2",2017-03-13,"2017_pre","FIA27","lXsY",134.274247012833,0.999999999999938,1.512514470195e-05,0,0
"PR_13March2017_FIA27","l0s3",2017-03-13,"2017_pre","FIA27","lXsY",184.302577996781,0.999999999999977,0.999999999999977,1.56225787419282e-05,1
"PR_13March2017_FIA27","l0s4",2017-03-13,"2017_pre","FIA27","lXsY",192.203479717755,0.999999999999993,0.999999999999993,0.999999999999993,2
"PR_13March2017_FIA27","l0s5",2017-03-13,"2017_pre","FIA27","lXsY",186.940822984943,0.999999999999986,0.999999999999986,0.999999999999986,2
"PR_13March2017_FIA27","l0s6",2017-03-13,"2017_pre","FIA27","lXsY",179.032013957995,0.999999999999997,0.999999999999997,0.999999999999997,2
"PR_13March2017_FIA27","l0s7",2017-03-13,"2017_pre","FIA27","lXsY",165.881042539373,0.999999999999948,0.999999999999948,0.999999999999948,2
"PR_13March2017_FIA27","l0s8",2017-03-13,"2017_pre","FIA27","lXsY",163.242938792524,1,1,1,2
"PR_13March2017_FIA27","l0s9",2017-03-13,"2017_pre","FIA27","lXsY",160.626389672932,0.999999999999972,0.999999999999972,0.999999999999972,2
"PR_13March2017_FIA33","l0s0",2017-03-13,"2017_pre","FIA33","lXsY",123.710953761429,0.999999999999985,2.62896522721887e-06,0,0
"PR_13March2017_FIA33","l0s1",2017-03-13,"2017_pre","FIA33","lXsY",176.36133581273,1,1,0,1
"PR_13March2017_FIA33","l0s10",2017-03-13,"2017_pre","FIA33","lXsY",160.550674249464,1,0.999999999999996,0,1
"PR_13March2017_FIA33","l0s11",2017-03-13,"2017_pre","FIA33","lXsY",144.744490709548,1,1,0,1
"PR_13March2017_FIA33","l0s12",2017-03-13,"2017_pre","FIA33","lXsY",131.594235827412,1,1,0,1
"PR_13March2017_FIA33","l0s13",2017-03-13,"2017_pre","FIA33","lXsY",131.592955324419,0.999999999999991,0.999999999999991,0,1
"PR_13March2017_FIA33","l0s14",2017-03-13,"2017_pre","FIA33","lXsY",134.217482881823,1,1,0,1
"PR_13March2017_FIA33","l0s15",2017-03-13,"2017_pre","FIA33","lXsY",92.1121208491653,0.999999999999991,0.999999999999988,0,1
"PR_13March2017_FIA33","l0s16",2017-03-13,"2017_pre","FIA33","lXsY",102.632889697118,0.999999999999997,1.41760894523745e-07,0,0
"PR_13March2017_FIA33","l0s17",2017-03-13,"2017_pre","FIA33","lXsY",94.7460586885512,1,0,0,0
"PR_13March2017_FIA33","l0s2",2017-03-13,"2017_pre","FIA33","lXsY",181.61664640419,0.999999999999986,0.999999999999986,0,1
"PR_13March2017_FIA33","l0s3",2017-03-13,"2017_pre","FIA33","lXsY",165.826253532696,1,1,0,1
"PR_13March2017_FIA33","l0s4",2017-03-13,"2017_pre","FIA33","lXsY",178.985782550968,0.999999999999997,0.999999999999997,0,1
"PR_13March2017_FIA33","l0s5",2017-03-13,"2017_pre","FIA33","lXsY",160.553426730993,0.999999999999996,0.999999999999996,0,1
"PR_13March2017_FIA33","l0s6",2017-03-13,"2017_pre","FIA33","lXsY",176.354803966907,0.999999999999981,0.999999999999981,0,1
"PR_13March2017_FIA33","l0s7",2017-03-13,"2017_pre","FIA33","lXsY",173.722573663878,0.999999999999993,0.999999999999993,0,1
"PR_13March2017_FIA33","l0s8",2017-03-13,"2017_pre","FIA33","lXsY",181.611295839046,0.999999999999976,0.999999999999976,0,1
"PR_13March2017_FIA33","l0s9",2017-03-13,"2017_pre","FIA33","lXsY",165.810149771103,0.999999999999985,0.999999999999995,0,1
"PR_13March2017_FIA34","l0s0",2017-03-13,"2017_pre","FIA34","lXsY",60.5231935024992,0.999999999999975,0.395535559562167,0,0
"PR_13March2017_FIA34","l0s1",2017-03-13,"2017_pre","FIA34","lXsY",50.006669494231,0.999999999999952,0.651853741125232,0,1
"PR_13March2017_FIA34","l0s10",2017-03-13,"2017_pre","FIA34","lXsY",81.5894920486108,1,1,0,1
"PR_13March2017_FIA34","l0s11",2017-03-13,"2017_pre","FIA34","lXsY",86.8648315440044,1,1,0,1
"PR_13March2017_FIA34","l0s12",2017-03-13,"2017_pre","FIA34","lXsY",86.8542228790984,0.999999999999939,0.999999999999939,0,1
"PR_13March2017_FIA34","l0s13",2017-03-13,"2017_pre","FIA34","lXsY",84.2283089752391,1,1,0,1
"PR_13March2017_FIA34","l0s14",2017-03-13,"2017_pre","FIA34","lXsY",86.8680124419019,0.999999999999984,0.999999999999984,0,1
"PR_13March2017_FIA34","l0s15",2017-03-13,"2017_pre","FIA34","lXsY",81.6030446026415,0.999999999999966,0.999999999999966,0,1
"PR_13March2017_FIA34","l0s16",2017-03-13,"2017_pre","FIA34","lXsY",86.8672374817073,1,1,0,1
"PR_13March2017_FIA34","l0s17",2017-03-13,"2017_pre","FIA34","lXsY",86.8667854099929,0.999999999999987,0.999999999999987,0,1
"PR_13March2017_FIA34","l0s18",2017-03-13,"2017_pre","FIA34","lXsY",86.8667143586948,1,1,0,1
"PR_13March2017_FIA34","l0s19",2017-03-13,"2017_pre","FIA34","lXsY",50.0226531644687,0.999999999999962,1.83061515362966e-05,0,0
"PR_13March2017_FIA34","l0s2",2017-03-13,"2017_pre","FIA34","lXsY",71.0567402787253,1,0.34936729920485,0,0
"PR_13March2017_FIA34","l0s20",2017-03-13,"2017_pre","FIA34","lXsY",50.0085707306303,0.999999999999967,0,0,0
"PR_13March2017_FIA34","l0s21",2017-03-13,"2017_pre","FIA34","lXsY",52.6495692666538,1,0,0,0
"PR_13March2017_FIA34","l0s3",2017-03-13,"2017_pre","FIA34","lXsY",81.5818158062354,1,1,0,1
"PR_13March2017_FIA34","l0s4",2017-03-13,"2017_pre","FIA34","lXsY",84.2171453618258,1,1,0,1
"PR_13March2017_FIA34","l0s5",2017-03-13,"2017_pre","FIA34","lXsY",73.6916468671143,0.999999999999979,0.999999999999979,0,1
"PR_13March2017_FIA34","l0s6",2017-03-13,"2017_pre","FIA34","lXsY",76.3251973963723,0.999999999999994,0.999999999999994,0,1
"PR_13March2017_FIA34","l0s7",2017-03-13,"2017_pre","FIA34","lXsY",76.3152831043661,1,1,0,1
"PR_13March2017_FIA34","l0s8",2017-03-13,"2017_pre","FIA34","lXsY",92.1209972683832,0.999999999999972,0.999999999999972,0,1
"PR_13March2017_FIA34","l0s9",2017-03-13,"2017_pre","FIA34","lXsY",92.1209196823776,0.999999999999991,0.999999999999991,0,1
"PR_13March2017_FIA35","l0s0",2017-03-13,"2017_pre","FIA35","lXsY",134.156473428783,1,1.70737755701171e-06,0,0
"PR_13March2017_FIA35","l0s1",2017-03-13,"2017_pre","FIA35","lXsY",181.518818742922,0.999999999999985,0.999999999999994,0,1
"PR_13March2017_FIA35","l0s10",2017-03-13,"2017_pre","FIA35","lXsY",213.111170160773,0.999999999999983,0.999999999999983,0,1
"PR_13March2017_FIA35","l0s11",2017-03-13,"2017_pre","FIA35","lXsY",181.54558302083,0.999999999999959,0.999999999999959,0,1
"PR_13March2017_FIA35","l0s12",2017-03-13,"2017_pre","FIA35","lXsY",168.398274319562,1,1,0,1
"PR_13March2017_FIA35","l0s13",2017-03-13,"2017_pre","FIA35","lXsY",194.712490172902,1,1,0,1
"PR_13March2017_FIA35","l0s14",2017-03-13,"2017_pre","FIA35","lXsY",176.285772819361,1,1,0,1
"PR_13March2017_FIA35","l0s15",2017-03-13,"2017_pre","FIA35","lXsY",184.197599837989,1,1,0,1
"PR_13March2017_FIA35","l0s16",2017-03-13,"2017_pre","FIA35","lXsY",189.462762284762,0.99999999999998,0.99999999999998,0,1
"PR_13March2017_FIA35","l0s17",2017-03-13,"2017_pre","FIA35","lXsY",160.516618306443,0.99999999999995,0.299131052952731,0,0
"PR_13March2017_FIA35","l0s18",2017-03-13,"2017_pre","FIA35","lXsY",173.672501198119,1,0.297292278863986,0,0
"PR_13March2017_FIA35","l0s19",2017-03-13,"2017_pre","FIA35","lXsY",89.4664171345443,0.999999999999969,0,0,0
"PR_13March2017_FIA35","l0s2",2017-03-13,"2017_pre","FIA35","lXsY",176.249616172054,0.999999999999957,0.999999999999957,0,1
"PR_13March2017_FIA35","l0s3",2017-03-13,"2017_pre","FIA35","lXsY",178.890659826499,1,1,0,1
"PR_13March2017_FIA35","l0s4",2017-03-13,"2017_pre","FIA35","lXsY",199.94021281586,0.999999999999992,0.999999999999992,0,1
"PR_13March2017_FIA35","l0s5",2017-03-13,"2017_pre","FIA35","lXsY",202.581092199814,1,1,0,1
"PR_13March2017_FIA35","l0s6",2017-03-13,"2017_pre","FIA35","lXsY",205.207425373578,1,1,0,1
"PR_13March2017_FIA35","l0s7",2017-03-13,"2017_pre","FIA35","lXsY",181.536840430039,0.999999999999987,0.999999999999987,0,1
"PR_13March2017_FIA35","l0s8",2017-03-13,"2017_pre","FIA35","lXsY",215.750213018206,0.999999999999955,0.999999999999955,0,1
"PR_13March2017_FIA35","l0s9",2017-03-13,"2017_pre","FIA35","lXsY",160.488494946375,1,1,0,1
"PR_13March2017_FIA36","l0s0",2017-03-13,"2017_pre","FIA36","lXsY",55.2676963132195,1,0.80279547295026,0,1
"PR_13March2017_FIA36","l0s1",2017-03-13,"2017_pre","FIA36","lXsY",68.4341460768849,0.999999999999969,0.745528664009269,0,1
"PR_13March2017_FIA36","l0s10",2017-03-13,"2017_pre","FIA36","lXsY",110.555576728159,1,1,0,1
"PR_13March2017_FIA36","l0s11",2017-03-13,"2017_pre","FIA36","lXsY",105.291218358615,1,1,0,1
"PR_13March2017_FIA36","l0s12",2017-03-13,"2017_pre","FIA36","lXsY",123.725181815764,1,1,0,1
"PR_13March2017_FIA36","l0s13",2017-03-13,"2017_pre","FIA36","lXsY",115.830306987712,0.99999999999996,0.99999999999996,0,1
"PR_13March2017_FIA36","l0s14",2017-03-13,"2017_pre","FIA36","lXsY",94.7732998055577,1,1,0,1
"PR_13March2017_FIA36","l0s15",2017-03-13,"2017_pre","FIA36","lXsY",123.734450091147,1,1,0,1
"PR_13March2017_FIA36","l0s16",2017-03-13,"2017_pre","FIA36","lXsY",110.578237547711,1,1,0,1
"PR_13March2017_FIA36","l0s17",2017-03-13,"2017_pre","FIA36","lXsY",102.666213513643,0.999999999999944,0.999999999999973,0,1
"PR_13March2017_FIA36","l0s18",2017-03-13,"2017_pre","FIA36","lXsY",89.5145723898754,1,3.7166392065618e-05,0,0
"PR_13March2017_FIA36","l0s2",2017-03-13,"2017_pre","FIA36","lXsY",71.0608660050884,0.999999999999942,0,0,0
"PR_13March2017_FIA36","l0s3",2017-03-13,"2017_pre","FIA36","lXsY",107.913252247334,1,1,0,1
"PR_13March2017_FIA36","l0s4",2017-03-13,"2017_pre","FIA36","lXsY",105.289827968557,1,1,0,1
"PR_13March2017_FIA36","l0s5",2017-03-13,"2017_pre","FIA36","lXsY",123.700076714462,1,1,0,1
"PR_13March2017_FIA36","l0s6",2017-03-13,"2017_pre","FIA36","lXsY",107.921722031043,1,1,0,1
"PR_13March2017_FIA36","l0s7",2017-03-13,"2017_pre","FIA36","lXsY",102.657311637923,0.999999999999987,0.999999999999987,0,1
"PR_13March2017_FIA36","l0s8",2017-03-13,"2017_pre","FIA36","lXsY",100.027737758499,1,1,0,1
"PR_13March2017_FIA36","l0s9",2017-03-13,"2017_pre","FIA36","lXsY",113.190461305532,0.999999999999944,0.999999999999944,0,1
"PR_13March2017_FIA39","l0s0",2017-03-13,"2017_pre","FIA39","lXsY",73.669820376125,0.999999999999962,0.188947655836579,0,0
"PR_13March2017_FIA39","l0s1",2017-03-13,"2017_pre","FIA39","lXsY",71.0427856292248,0.999999999999972,0.999999999999972,0,1
"PR_13March2017_FIA39","l0s10",2017-03-13,"2017_pre","FIA39","lXsY",115.77154377993,1,1,0,1
"PR_13March2017_FIA39","l0s11",2017-03-13,"2017_pre","FIA39","lXsY",89.4553582914546,0.999999999999981,0.999999999999989,0,1
"PR_13March2017_FIA39","l0s12",2017-03-13,"2017_pre","FIA39","lXsY",65.7799737714231,1,7.34392084472947e-08,0,0
"PR_13March2017_FIA39","l0s2",2017-03-13,"2017_pre","FIA39","lXsY",81.569058867611,1,1,0,1
"PR_13March2017_FIA39","l0s3",2017-03-13,"2017_pre","FIA39","lXsY",115.77098808863,1,1,0,1
"PR_13March2017_FIA39","l0s4",2017-03-13,"2017_pre","FIA39","lXsY",105.252309221022,0.999999999999974,0.999999999999974,0,1
"PR_13March2017_FIA39","l0s5",2017-03-13,"2017_pre","FIA39","lXsY",126.297945670204,0.999999999999998,0.999999999999998,0,1
"PR_13March2017_FIA39","l0s6",2017-03-13,"2017_pre","FIA39","lXsY",118.407559887244,0.99999999999999,0.99999999999999,0,1
"PR_13March2017_FIA39","l0s7",2017-03-13,"2017_pre","FIA39","lXsY",123.662481221338,0.999999999999974,0.999999999999974,0,1
"PR_13March2017_FIA39","l0s8",2017-03-13,"2017_pre","FIA39","lXsY",121.03889115198,0.999999999999986,0.999999999999986,0,1
"PR_13March2017_FIA39","l0s9",2017-03-13,"2017_pre","FIA39","lXsY",107.87898929321,1,1,0,1
"PR_14March2017_50","l0s0",2017-03-14,"2017_pre","50","lXsY",110.520621778899,0.999999999999995,0,0,0
"PR_14March2017_50","l0s1",2017-03-14,"2017_pre","50","lXsY",155.258118736245,0.999999999999989,0,0,0
"PR_14March2017_50","l0s2",2017-03-14,"2017_pre","50","lXsY",136.829936433345,1,0.288739914390367,0,0
"PR_14March2017_50","l0s3",2017-03-14,"2017_pre","50","lXsY",121.047924267185,0.999999999999981,0.999999999999981,0,1
"PR_14March2017_50","l0s4",2017-03-14,"2017_pre","50","lXsY",107.890754975186,0.999999999999985,0.999999999999971,0,1
"PR_14March2017_50","l0s5",2017-03-14,"2017_pre","50","lXsY",115.791045456631,1,1,0,1
"PR_14March2017_50","l0s6",2017-03-14,"2017_pre","50","lXsY",152.626670851785,0.999999999999999,0.999999999999987,0,1
"PR_14March2017_50","l0s7",2017-03-14,"2017_pre","50","lXsY",226.317702645946,0.999999999999995,1,0,1
"PR_14March2017_50","l0s8",2017-03-14,"2017_pre","50","lXsY",73.6869438275173,1,1,0,1
"PR_14March2017_51","l0s0",2017-03-14,"2017_pre","51","lXsY",105.267159028851,0.999999999999968,0.999999999999978,0,1
"PR_14March2017_51","l0s1",2017-03-14,"2017_pre","51","lXsY",110.517416243938,0.999999999999981,0.999999999999981,0,1
"PR_14March2017_51","l0s2",2017-03-14,"2017_pre","51","lXsY",71.0559818930179,1,1,0,1
"PR_14March2017_51","l0s3",2017-03-14,"2017_pre","51","lXsY",47.3700472472191,0.99999999999996,0.99999999999996,0,1
"PR_14March2017_51","l0s4",2017-03-14,"2017_pre","51","lXsY",60.5272100794449,0.999999999999989,0.999999999999947,0,1
"PR_14March2017_51","l0s5",2017-03-14,"2017_pre","51","lXsY",63.1569177567527,1,0.626623106480021,0,1
"PR_14March2017_52","l0s0",2017-03-14,"2017_pre","52","lXsY",78.9512826841936,1,0.200906519619074,0,0
"PR_14March2017_52","l0s1",2017-03-14,"2017_pre","52","lXsY",99.9993671150655,1,1,0,1
"PR_14March2017_52","l0s2",2017-03-14,"2017_pre","52","lXsY",81.57641645668,0.999999999999982,0.999999999999982,0,1
"PR_14March2017_52","l0s3",2017-03-14,"2017_pre","52","lXsY",107.894057911964,0.999999999999997,0.999999999999997,0,1
"PR_14March2017_52","l0s4",2017-03-14,"2017_pre","52","lXsY",31.5814799516976,0.999999999999907,0.999999999999907,0,1
"PR_14March2017_56","l0s0",2017-03-14,"2017_pre","56","lXsY",102.595695544639,1,0,0,0
"PR_14March2017_56","l0s1",2017-03-14,"2017_pre","56","lXsY",123.644787817331,1,0,0,0
"PR_14March2017_56","l0s10",2017-03-14,"2017_pre","56","lXsY",55.2548806308724,0.999999999999991,0,0,0
"PR_14March2017_56","l0s2",2017-03-14,"2017_pre","56","lXsY",131.52811045711,0.99999999999994,0,0,0
"PR_14March2017_56","l0s3",2017-03-14,"2017_pre","56","lXsY",118.386062801781,0.999999999999997,2.15422867968918e-06,0,0
"PR_14March2017_56","l0s4",2017-03-14,"2017_pre","56","lXsY",126.276326826826,0.999999999999946,0.999999999999946,0,1
"PR_14March2017_56","l0s5",2017-03-14,"2017_pre","56","lXsY",105.237974585272,0.999999999999991,0.999999999999991,0,1
"PR_14March2017_56","l0s6",2017-03-14,"2017_pre","56","lXsY",149.965923367107,1,1,0,1
"PR_14March2017_56","l0s7",2017-03-14,"2017_pre","56","lXsY",171.009777131999,0.999999999999982,0.999999999999982,0,1
"PR_14March2017_56","l0s8",2017-03-14,"2017_pre","56","lXsY",157.855652129346,0.999999999999979,0.999999999999979,0,1
"PR_14March2017_56","l0s9",2017-03-14,"2017_pre","56","lXsY",163.120574302664,1,0,0,0
"PR_14March2017_FIA11","l0s0",2017-03-14,"2017_pre","FIA11","lXsY",81.4368900779367,1,1,0,1
"PR_14March2017_FIA11","l0s1",2017-03-14,"2017_pre","FIA11","lXsY",89.3239178630136,1,1,0,1
"PR_14March2017_FIA11","l0s10",2017-03-14,"2017_pre","FIA11","lXsY",97.2317599101245,0.999999999999996,1,0,1
"PR_14March2017_FIA11","l0s11",2017-03-14,"2017_pre","FIA11","lXsY",94.5984003020227,1,0.999999999999979,0,1
"PR_14March2017_FIA11","l0s12",2017-03-14,"2017_pre","FIA11","lXsY",84.0906359435715,0.999999999999991,0.999999999999991,0,1
"PR_14March2017_FIA11","l0s13",2017-03-14,"2017_pre","FIA11","lXsY",91.9694933732718,1,1,0,1
"PR_14March2017_FIA11","l0s14",2017-03-14,"2017_pre","FIA11","lXsY",91.9802540345967,1,1,0,1
"PR_14March2017_FIA11","l0s15",2017-03-14,"2017_pre","FIA11","lXsY",86.7234472811177,0.99999999999997,0.99999999999997,0,1
"PR_14March2017_FIA11","l0s16",2017-03-14,"2017_pre","FIA11","lXsY",97.2412578360513,1,1,0,1
"PR_14March2017_FIA11","l0s17",2017-03-14,"2017_pre","FIA11","lXsY",102.492377531223,0.999999999999994,0.999999999999994,0,1
"PR_14March2017_FIA11","l0s18",2017-03-14,"2017_pre","FIA11","lXsY",99.8749042093873,1,1,0,1
"PR_14March2017_FIA11","l0s19",2017-03-14,"2017_pre","FIA11","lXsY",94.6176915708572,0.999999999999984,0.999999999999984,0,1
"PR_14March2017_FIA11","l0s2",2017-03-14,"2017_pre","FIA11","lXsY",97.2176408684179,1,1,0,1
"PR_14March2017_FIA11","l0s20",2017-03-14,"2017_pre","FIA11","lXsY",99.8793583715856,1,1,0,1
"PR_14March2017_FIA11","l0s21",2017-03-14,"2017_pre","FIA11","lXsY",97.2509843185842,0.999999999999984,0.999999999999984,0,1
"PR_14March2017_FIA11","l0s22",2017-03-14,"2017_pre","FIA11","lXsY",105.135772090614,0.999999999999992,0.999999999999992,0,1
"PR_14March2017_FIA11","l0s23",2017-03-14,"2017_pre","FIA11","lXsY",89.3605415722683,0.999999999999978,0.999999999999978,0,1
"PR_14March2017_FIA11","l0s24",2017-03-14,"2017_pre","FIA11","lXsY",86.7377350986794,1,1,0,1
"PR_14March2017_FIA11","l0s25",2017-03-14,"2017_pre","FIA11","lXsY",89.3705371701792,1,1,0,1
"PR_14March2017_FIA11","l0s26",2017-03-14,"2017_pre","FIA11","lXsY",92.0034922116026,0.999999999999967,0.999999999999967,0,1
"PR_14March2017_FIA11","l0s27",2017-03-14,"2017_pre","FIA11","lXsY",94.6323275599897,1,1,0,1
"PR_14March2017_FIA11","l0s28",2017-03-14,"2017_pre","FIA11","lXsY",94.6421166713491,1,1,0,1
"PR_14March2017_FIA11","l0s29",2017-03-14,"2017_pre","FIA11","lXsY",92.0025909794077,0.999999999999985,0.999999999999985,0,1
"PR_14March2017_FIA11","l0s3",2017-03-14,"2017_pre","FIA11","lXsY",97.2123409773767,0.999999999999995,0.999999999999995,0,1
"PR_14March2017_FIA11","l0s30",2017-03-14,"2017_pre","FIA11","lXsY",92.0079073047683,0.999999999999976,0.999999999999976,0,1
"PR_14March2017_FIA11","l0s31",2017-03-14,"2017_pre","FIA11","lXsY",92.0125130202562,1,1,0,1
"PR_14March2017_FIA11","l0s32",2017-03-14,"2017_pre","FIA11","lXsY",94.6353421777338,0.999999999999983,0.999999999999983,0,1
"PR_14March2017_FIA11","l0s33",2017-03-14,"2017_pre","FIA11","lXsY",60.4654125115089,1,1,0,1
"PR_14March2017_FIA11","l0s4",2017-03-14,"2017_pre","FIA11","lXsY",91.9566378316522,0.99999999999999,0.99999999999999,0,1
"PR_14March2017_FIA11","l0s5",2017-03-14,"2017_pre","FIA11","lXsY",97.2170247133717,0.999999999999991,0.999999999999991,0,1
"PR_14March2017_FIA11","l0s6",2017-03-14,"2017_pre","FIA11","lXsY",97.2216601790339,0.99999999999999,0.99999999999999,0,1
"PR_14March2017_FIA11","l0s7",2017-03-14,"2017_pre","FIA11","lXsY",99.8556405917972,0.999999999999998,0.999999999999998,0,1
"PR_14March2017_FIA11","l0s8",2017-03-14,"2017_pre","FIA11","lXsY",99.849973241125,1,1,0,1
"PR_14March2017_FIA11","l0s9",2017-03-14,"2017_pre","FIA11","lXsY",91.9764361269817,1,1,0,1
"PR_14March2017_FIA18","l0s0",2017-03-14,"2017_pre","FIA18","lXsY",70.9577816783503,0.999999999999998,0,0,0
"PR_14March2017_FIA18","l0s1",2017-03-14,"2017_pre","FIA18","lXsY",86.7242761330739,1,1,0,1
"PR_14March2017_FIA18","l0s10",2017-03-14,"2017_pre","FIA18","lXsY",115.654570311359,1,1,0,1
"PR_14March2017_FIA18","l0s11",2017-03-14,"2017_pre","FIA18","lXsY",105.144578558341,1,1,0,1
"PR_14March2017_FIA18","l0s12",2017-03-14,"2017_pre","FIA18","lXsY",123.547959658593,1,1,0,1
"PR_14March2017_FIA18","l0s13",2017-03-14,"2017_pre","FIA18","lXsY",107.774940270936,1,1,0,1
"PR_14March2017_FIA18","l0s14",2017-03-14,"2017_pre","FIA18","lXsY",115.664401906252,1,1,0,1
"PR_14March2017_FIA18","l0s15",2017-03-14,"2017_pre","FIA18","lXsY",115.662694928721,1,1,0,1
"PR_14March2017_FIA18","l0s16",2017-03-14,"2017_pre","FIA18","lXsY",113.031808115612,1,1,0,1
"PR_14March2017_FIA18","l0s17",2017-03-14,"2017_pre","FIA18","lXsY",107.784198074077,0.999999999999987,0.999999999999987,0,1
"PR_14March2017_FIA18","l0s18",2017-03-14,"2017_pre","FIA18","lXsY",126.18781725789,0.999999999999991,0.999999999999991,0,1
"PR_14March2017_FIA18","l0s19",2017-03-14,"2017_pre","FIA18","lXsY",120.939788025516,0.999999999999959,0.999999999999959,0,1
"PR_14March2017_FIA18","l0s2",2017-03-14,"2017_pre","FIA18","lXsY",94.6133559943125,1,1,0,1
"PR_14March2017_FIA18","l0s20",2017-03-14,"2017_pre","FIA18","lXsY",120.938229879996,0.999999999999967,0.999999999999967,0,1
"PR_14March2017_FIA18","l0s21",2017-03-14,"2017_pre","FIA18","lXsY",131.45564408889,1,1,0,1
"PR_14March2017_FIA18","l0s22",2017-03-14,"2017_pre","FIA18","lXsY",134.076722820416,0.999999999999987,0.999999999999981,0,1
"PR_14March2017_FIA18","l0s23",2017-03-14,"2017_pre","FIA18","lXsY",134.091222661254,1,1,0,1
"PR_14March2017_FIA18","l0s24",2017-03-14,"2017_pre","FIA18","lXsY",134.09604173893,0.999999999999992,0.999999999999992,0,1
"PR_14March2017_FIA18","l0s25",2017-03-14,"2017_pre","FIA18","lXsY",131.459027785124,1,1,0,1
"PR_14March2017_FIA18","l0s26",2017-03-14,"2017_pre","FIA18","lXsY",136.726399993628,1,1,0,1
"PR_14March2017_FIA18","l0s27",2017-03-14,"2017_pre","FIA18","lXsY",139.357494942625,1,1,0,1
"PR_14March2017_FIA18","l0s3",2017-03-14,"2017_pre","FIA18","lXsY",113.009949234928,1,1,0,1
"PR_14March2017_FIA18","l0s4",2017-03-14,"2017_pre","FIA18","lXsY",94.6160275822818,1,1,0,1
"PR_14March2017_FIA18","l0s5",2017-03-14,"2017_pre","FIA18","lXsY",76.2123649345152,0.999999999999971,0.999999999999971,0,1
"PR_14March2017_FIA18","l0s6",2017-03-14,"2017_pre","FIA18","lXsY",110.38903980381,0.99999999999998,0.99999999999998,0,1
"PR_14March2017_FIA18","l0s7",2017-03-14,"2017_pre","FIA18","lXsY",99.8798586855754,0.999999999999973,0.999999999999973,0,1
"PR_14March2017_FIA18","l0s8",2017-03-14,"2017_pre","FIA18","lXsY",141.942321820074,0.999999999999998,0.999999999999998,0,1
"PR_14March2017_FIA18","l0s9",2017-03-14,"2017_pre","FIA18","lXsY",134.04897775825,1,1,0,1
"PR_14March2017_FIA2","l0s0",2017-03-14,"2017_pre","FIA2","lXsY",107.704201808378,0.999999999999998,8.3161286552415e-06,0,0
"PR_14March2017_FIA2","l0s1",2017-03-14,"2017_pre","FIA2","lXsY",107.692406031576,0.999999999999988,1,0,1
"PR_14March2017_FIA2","l0s10",2017-03-14,"2017_pre","FIA2","lXsY",160.216714041033,1,1,0,1
"PR_14March2017_FIA2","l0s11",2017-03-14,"2017_pre","FIA2","lXsY",173.348525636693,1,1,0,1
"PR_14March2017_FIA2","l0s12",2017-03-14,"2017_pre","FIA2","lXsY",157.588677778613,0.999999999999988,0.999999999999988,0,1
"PR_14March2017_FIA2","l0s13",2017-03-14,"2017_pre","FIA2","lXsY",162.838217156419,1,1,0,1
"PR_14March2017_FIA2","l0s14",2017-03-14,"2017_pre","FIA2","lXsY",165.455364896884,0.999999999999985,0.999999999999985,0,1
"PR_14March2017_FIA2","l0s15",2017-03-14,"2017_pre","FIA2","lXsY",160.206625013562,0.999999999999991,0.999999999999991,0,1
"PR_14March2017_FIA2","l0s16",2017-03-14,"2017_pre","FIA2","lXsY",162.827132512468,0.999999999999989,0.999999999999989,0,1
"PR_14March2017_FIA2","l0s17",2017-03-14,"2017_pre","FIA2","lXsY",162.829855804382,0.999999999999983,0.999999999999983,0,1
"PR_14March2017_FIA2","l0s18",2017-03-14,"2017_pre","FIA2","lXsY",178.580051972441,1,1,0,1
"PR_14March2017_FIA2","l0s19",2017-03-14,"2017_pre","FIA2","lXsY",183.832372411934,0.999999999999995,0.999999999999991,0,1
"PR_14March2017_FIA2","l0s2",2017-03-14,"2017_pre","FIA2","lXsY",152.349402796024,0.999999999999966,0.999999999999966,0,1
"PR_14March2017_FIA2","l0s20",2017-03-14,"2017_pre","FIA2","lXsY",118.189353767171,0.999999999999995,1.77333255616548e-06,0,0
"PR_14March2017_FIA2","l0s3",2017-03-14,"2017_pre","FIA2","lXsY",170.737534742375,1,1,0,1
"PR_14March2017_FIA2","l0s4",2017-03-14,"2017_pre","FIA2","lXsY",160.221274185193,1,1,0,1
"PR_14March2017_FIA2","l0s5",2017-03-14,"2017_pre","FIA2","lXsY",147.099314742883,0.999999999999978,0.999999999999978,0,1
"PR_14March2017_FIA2","l0s6",2017-03-14,"2017_pre","FIA2","lXsY",175.977971758854,0.99999999999999,0.99999999999999,0,1
"PR_14March2017_FIA2","l0s7",2017-03-14,"2017_pre","FIA2","lXsY",178.609680150551,1,1,0,1
"PR_14March2017_FIA2","l0s8",2017-03-14,"2017_pre","FIA2","lXsY",160.22165595337,0.999999999999978,0.999999999999978,0,1
"PR_14March2017_FIA2","l0s9",2017-03-14,"2017_pre","FIA2","lXsY",162.848701524267,0.999999999999981,0.999999999999981,0,1
"PR_14March2017_FIA24","l0s0",2017-03-14,"2017_pre","FIA24","lXsY",76.2529146482393,0.999999999999984,0,0,0
"PR_14March2017_FIA24","l0s1",2017-03-14,"2017_pre","FIA24","lXsY",92.0177384836271,1,0.00943976945233783,0,0
"PR_14March2017_FIA24","l0s10",2017-03-14,"2017_pre","FIA24","lXsY",205.126325195619,0.99999999999999,0.99999999999999,0,1
"PR_14March2017_FIA24","l0s11",2017-03-14,"2017_pre","FIA24","lXsY",239.31282803956,0.999999999999979,0.999999999999979,0,1
"PR_14March2017_FIA24","l0s12",2017-03-14,"2017_pre","FIA24","lXsY",223.536097976357,1,1,0,1
"PR_14March2017_FIA24","l0s13",2017-03-14,"2017_pre","FIA24","lXsY",189.345645337421,0.999999999999997,0.999999999999997,0,1
"PR_14March2017_FIA24","l0s14",2017-03-14,"2017_pre","FIA24","lXsY",202.503061098662,0.999999999999991,0.999999999999991,0,1
"PR_14March2017_FIA24","l0s15",2017-03-14,"2017_pre","FIA24","lXsY",184.094744713989,1,1,0,1
"PR_14March2017_FIA24","l0s16",2017-03-14,"2017_pre","FIA24","lXsY",176.20433910282,0.999999999999987,0.999999999999987,0,1
"PR_14March2017_FIA24","l0s17",2017-03-14,"2017_pre","FIA24","lXsY",126.243037463821,0.999999999999988,0.999999999999988,0,1
"PR_14March2017_FIA24","l0s2",2017-03-14,"2017_pre","FIA24","lXsY",68.3590311209805,0.999999999999995,0.491544874909496,0,0
"PR_14March2017_FIA24","l0s3",2017-03-14,"2017_pre","FIA24","lXsY",102.550662694573,0.999999999999959,0.973152824554372,0,1
"PR_14March2017_FIA24","l0s4",2017-03-14,"2017_pre","FIA24","lXsY",92.0268495305046,0.999999999999986,0.357134155314866,0,0
"PR_14March2017_FIA24","l0s5",2017-03-14,"2017_pre","FIA24","lXsY",86.7745032859281,1,1,0,1
"PR_14March2017_FIA24","l0s6",2017-03-14,"2017_pre","FIA24","lXsY",126.219330174305,1,1,0,1
"PR_14March2017_FIA24","l0s7",2017-03-14,"2017_pre","FIA24","lXsY",131.47901119542,0.999999999999997,1,0,1
"PR_14March2017_FIA24","l0s8",2017-03-14,"2017_pre","FIA24","lXsY",110.44914550676,1,1,0,1
"PR_14March2017_FIA24","l0s9",2017-03-14,"2017_pre","FIA24","lXsY",118.337314860429,1,1,0,1
"PR_14March2017_FIA6","l0s0",2017-03-14,"2017_pre","FIA6","lXsY",118.204924165666,1,1,0,1
"PR_14March2017_FIA6","l0s1",2017-03-14,"2017_pre","FIA6","lXsY",141.851198343517,1,1,0,1
"PR_14March2017_FIA6","l0s10",2017-03-14,"2017_pre","FIA6","lXsY",157.637102802177,1,1,0,1
"PR_14March2017_FIA6","l0s11",2017-03-14,"2017_pre","FIA6","lXsY",139.259257432392,0.999999999999988,0.999999999999991,0,1
"PR_14March2017_FIA6","l0s12",2017-03-14,"2017_pre","FIA6","lXsY",144.515442395672,1,1,0,1
"PR_14March2017_FIA6","l0s13",2017-03-14,"2017_pre","FIA6","lXsY",105.103824501844,0.99999999999999,0.99999999999999,0,1
"PR_14March2017_FIA6","l0s2",2017-03-14,"2017_pre","FIA6","lXsY",165.489870025805,1,1,0,1
"PR_14March2017_FIA6","l0s3",2017-03-14,"2017_pre","FIA6","lXsY",157.626051353469,0.99999999999999,0.99999999999999,0,1
"PR_14March2017_FIA6","l0s4",2017-03-14,"2017_pre","FIA6","lXsY",194.395412139827,0.999999999999958,0.999999999999958,0,1
"PR_14March2017_FIA6","l0s5",2017-03-14,"2017_pre","FIA6","lXsY",170.757040559112,0.999999999999996,0.999999999999996,0,1
"PR_14March2017_FIA6","l0s6",2017-03-14,"2017_pre","FIA6","lXsY",178.647285348476,0.999999999999989,0.999999999999997,0,1
"PR_14March2017_FIA6","l0s7",2017-03-14,"2017_pre","FIA6","lXsY",191.782998465565,1,1,0,1
"PR_14March2017_FIA6","l0s8",2017-03-14,"2017_pre","FIA6","lXsY",152.380815353803,0.999999999999984,0.999999999999996,0,1
"PR_14March2017_FIA6","l0s9",2017-03-14,"2017_pre","FIA6","lXsY",168.145391840087,0.99999999999998,0.99999999999998,0,1
"PR_14March2017_FIA7","l0s0",2017-03-14,"2017_pre","FIA7","lXsY",49.897155288567,0.999999999999985,4.21297189434607e-05,0,0
"PR_14March2017_FIA7","l0s1",2017-03-14,"2017_pre","FIA7","lXsY",60.4097422063507,0.999999999999984,0.999999999999988,0,1
"PR_14March2017_FIA7","l0s10",2017-03-14,"2017_pre","FIA7","lXsY",86.6879562669381,1,1,0,1
"PR_14March2017_FIA7","l0s11",2017-03-14,"2017_pre","FIA7","lXsY",94.5603995965488,0.999999999999986,0.999999999999986,0,1
"PR_14March2017_FIA7","l0s12",2017-03-14,"2017_pre","FIA7","lXsY",84.0612517928988,0.999999999999992,0.999999999999992,0,1
"PR_14March2017_FIA7","l0s13",2017-03-14,"2017_pre","FIA7","lXsY",86.6876785863273,0.999999999999992,0.999999999999992,0,1
"PR_14March2017_FIA7","l0s14",2017-03-14,"2017_pre","FIA7","lXsY",99.8157114877388,1,1,0,1
"PR_14March2017_FIA7","l0s15",2017-03-14,"2017_pre","FIA7","lXsY",99.8261839225203,0.999999999999979,0.999999999999979,0,1
"PR_14March2017_FIA7","l0s16",2017-03-14,"2017_pre","FIA7","lXsY",73.5546606231503,1,1,0,1
"PR_14March2017_FIA7","l0s17",2017-03-14,"2017_pre","FIA7","lXsY",78.8099690357767,0.999999999999972,0.345218518714819,0,0
"PR_14March2017_FIA7","l0s18",2017-03-14,"2017_pre","FIA7","lXsY",60.4215318614826,0.999999999999997,0.999956682243578,0,1
"PR_14March2017_FIA7","l0s19",2017-03-14,"2017_pre","FIA7","lXsY",60.4266056911714,1,0.798517322185624,0,1
"PR_14March2017_FIA7","l0s2",2017-03-14,"2017_pre","FIA7","lXsY",91.923110114599,0.999999999999982,0.999999999999982,0,1
"PR_14March2017_FIA7","l0s20",2017-03-14,"2017_pre","FIA7","lXsY",52.5436172415659,1,0.346237830883349,0,0
"PR_14March2017_FIA7","l0s21",2017-03-14,"2017_pre","FIA7","lXsY",49.920711068137,1,0,0,0
"PR_14March2017_FIA7","l0s22",2017-03-14,"2017_pre","FIA7","lXsY",49.923476517991,1,0,0,0
"PR_14March2017_FIA7","l0s3",2017-03-14,"2017_pre","FIA7","lXsY",89.2855313416459,1,1,0,1
"PR_14March2017_FIA7","l0s4",2017-03-14,"2017_pre","FIA7","lXsY",84.0460691872932,0.999999999999974,0.999999999999974,0,1
"PR_14March2017_FIA7","l0s5",2017-03-14,"2017_pre","FIA7","lXsY",84.0460700807139,1,1,0,1
"PR_14March2017_FIA7","l0s6",2017-03-14,"2017_pre","FIA7","lXsY",78.7910609250911,0.999999999999977,0.999999999999977,0,1
"PR_14March2017_FIA7","l0s7",2017-03-14,"2017_pre","FIA7","lXsY",94.5555404044293,0.999999999999982,0.999999999999982,0,1
"PR_14March2017_FIA7","l0s8",2017-03-14,"2017_pre","FIA7","lXsY",94.5550809039198,0.999999999999983,0.999999999999983,0,1
"PR_14March2017_FIA7","l0s9",2017-03-14,"2017_pre","FIA7","lXsY",91.9385922799222,0.999999999999978,0.999999999999978,0,1
"PR_15March2017_112_196","l0s0",2017-03-15,"2017_pre","112_196","lXsY",47.3740541158758,0.999999999999959,0.99999999999999,0,1
"PR_15March2017_112_196","l0s1",2017-03-15,"2017_pre","112_196","lXsY",44.7438799587153,0.999999999999973,0.999999999999975,0,1
"PR_15March2017_112_196","l0s2",2017-03-15,"2017_pre","112_196","lXsY",44.7460861517824,1,0.999999999999993,0,1
"PR_15March2017_112_196","l0s3",2017-03-15,"2017_pre","112_196","lXsY",52.6334601828396,1,1,0,1
"PR_15March2017_112_196","l0s4",2017-03-15,"2017_pre","112_196","lXsY",57.9046729853883,1,1,0,1
"PR_15March2017_112_196","l0s5",2017-03-15,"2017_pre","112_196","lXsY",65.8031675254181,0.999999999999982,0.999999999999982,0,1
"PR_15March2017_112_196","l0s6",2017-03-15,"2017_pre","112_196","lXsY",68.4326105204746,1,1,0,1
"PR_15March2017_112_196","l0s7",2017-03-15,"2017_pre","112_196","lXsY",63.1660710848391,1,1,0,1
"PR_15March2017_112_196","l0s8",2017-03-15,"2017_pre","112_196","lXsY",50.0152200840801,1,1,0,1
"PR_15March2017_53","l0s0",2017-03-15,"2017_pre","53","lXsY",89.5474596174359,0.999999999999989,0,0,0
"PR_15March2017_53","l0s1",2017-03-15,"2017_pre","53","lXsY",94.8026474016845,0.999999999999994,0.999999999999994,0,1
"PR_15March2017_53","l0s2",2017-03-15,"2017_pre","53","lXsY",76.374838763535,0.999999999999952,0.999999999999952,0,1
"PR_15March2017_53","l0s3",2017-03-15,"2017_pre","53","lXsY",47.4045294611424,0.999999999999946,0.999999999999946,0,1
"PR_15March2017_61","l0s0",2017-03-15,"2017_pre","61","lXsY",134.258123784667,0.999999999999996,0.952995188327377,0,1
"PR_15March2017_61","l0s1",2017-03-15,"2017_pre","61","lXsY",173.761210156742,1,0.999999999999992,0.15541495834502,1
"PR_15March2017_61","l0s2",2017-03-15,"2017_pre","61","lXsY",200.109069094923,0.999999999999991,0.999999999999991,0.279807636233834,1
"PR_15March2017_61","l0s3",2017-03-15,"2017_pre","61","lXsY",213.265290811574,0.999999999999969,0.999999999999997,0.623248292750434,2
"PR_15March2017_61","l0s4",2017-03-15,"2017_pre","61","lXsY",194.818516070366,0.999999999999992,0.999999999999992,0.999999999999992,2
"PR_15March2017_63_64_70","l0s0",2017-03-15,"2017_pre","63_64_70","lXsY",165.858059860745,0.999999999999985,0,0,0
"PR_15March2017_63_64_70","l0s1",2017-03-15,"2017_pre","63_64_70","lXsY",260.616253909361,1,0,0,0
"PR_15March2017_63_64_70","l0s10",2017-03-15,"2017_pre","63_64_70","lXsY",289.631820421767,1,0.999999999999996,0.0788094455983867,1
"PR_15March2017_63_64_70","l0s11",2017-03-15,"2017_pre","63_64_70","lXsY",252.773975344658,0.999999999999995,0.37738420019311,0.377356411807911,0
"PR_15March2017_63_64_70","l0s12",2017-03-15,"2017_pre","63_64_70","lXsY",68.4564826135665,0.999999999999968,0.999999999999968,0.999999999999968,2
"PR_15March2017_63_64_70","l0s2",2017-03-15,"2017_pre","63_64_70","lXsY",36.8563214068651,0.999999999999987,0,0,0
"PR_15March2017_63_64_70","l0s4",2017-03-15,"2017_pre","63_64_70","lXsY",76.348415438889,1,0.853979496443371,0,1
"PR_15March2017_63_64_70","l0s5",2017-03-15,"2017_pre","63_64_70","lXsY",157.958007798475,1,0.743733573926007,0.250811502924592,1
"PR_15March2017_63_64_70","l0s6",2017-03-15,"2017_pre","63_64_70","lXsY",210.621340141755,0.999999999999974,0.470759961772146,0.0221002644619157,0
"PR_15March2017_63_64_70","l0s7",2017-03-15,"2017_pre","63_64_70","lXsY",279.075561388797,0.99999999999998,0.696176096837237,0,1
"PR_15March2017_63_64_70","l0s8",2017-03-15,"2017_pre","63_64_70","lXsY",310.659660850781,0.999999999999977,0.999999999999996,0,1
"PR_15March2017_63_64_70","l0s9",2017-03-15,"2017_pre","63_64_70","lXsY",334.372765508199,0.999999999999992,0.999999999999995,0,1
"PR_15March2017_65","l0s0",2017-03-15,"2017_pre","65","lXsY",52.6592525326401,1,1,0,1
"PR_15March2017_65","l0s1",2017-03-15,"2017_pre","65","lXsY",68.4494064634174,0.999999999999984,0.999999999999984,0,1
"PR_15March2017_65","l0s2",2017-03-15,"2017_pre","65","lXsY",60.5527920540512,0.999999999999977,0.999999999999977,0,1
"PR_15March2017_65","l0s3",2017-03-15,"2017_pre","65","lXsY",68.4531048665017,1,0.99999999999996,0,1
"PR_15March2017_65","l0s4",2017-03-15,"2017_pre","65","lXsY",60.5573043010324,1,1,0,1
"PR_15March2017_65","l0s5",2017-03-15,"2017_pre","65","lXsY",55.2897440848708,0.999999999999879,1,0,1
"PR_15March2017_65","l0s6",2017-03-15,"2017_pre","65","lXsY",50.0180503720045,0.999999999999964,0.999999999999964,0,1
"PR_15March2017_65","l0s7",2017-03-15,"2017_pre","65","lXsY",113.203997433934,0.999999999999988,0.99999999999998,0,1
"PR_15March2017_65","l0s8",2017-03-15,"2017_pre","65","lXsY",55.2897924675137,1,1,0,1
"PR_15March2017_65","l0s9",2017-03-15,"2017_pre","65","lXsY",78.9808662548274,1,1,0.937864043449439,2
"PR_15March2017_69","l0s0",2017-03-15,"2017_pre","69","lXsY",65.8199521732211,1,0.449625378966652,0,0
"PR_15March2017_69","l0s1",2017-03-15,"2017_pre","69","lXsY",105.303798007712,0.999999999999977,0.73101591201541,0,1
"PR_15March2017_69","l0s2",2017-03-15,"2017_pre","69","lXsY",113.211908803001,0.999999999999978,0.999999999999952,0,1
"PR_15March2017_69","l0s3",2017-03-15,"2017_pre","69","lXsY",113.216763880032,0.999999999999956,0.999999999999956,0.3962892037387,1
"PR_15March2017_69","l0s4",2017-03-15,"2017_pre","69","lXsY",100.043238714778,1,1,0.447333771832838,1
"PR_15March2017_69","l0s5",2017-03-15,"2017_pre","69","lXsY",52.660083657378,0.99999999999997,0.99999999999997,0,1
"PR_15March2017_75","l0s0",2017-03-15,"2017_pre","75","lXsY",97.4229593576074,1,1,0,1
"PR_15March2017_75","l0s1",2017-03-15,"2017_pre","75","lXsY",97.4098571352318,1,0.999999999999978,0.806519903853336,2
"PR_15March2017_75","l0s10",2017-03-15,"2017_pre","75","lXsY",102.693486980078,0.999999999999987,0.999999999999992,0,1
"PR_15March2017_75","l0s11",2017-03-15,"2017_pre","75","lXsY",107.962922054812,1,1,0,1
"PR_15March2017_75","l0s12",2017-03-15,"2017_pre","75","lXsY",100.063000377876,1,1,0,1
"PR_15March2017_75","l0s13",2017-03-15,"2017_pre","75","lXsY",107.973868475369,0.999999999999968,0.999999999999968,0,1
"PR_15March2017_75","l0s14",2017-03-15,"2017_pre","75","lXsY",105.340595555848,1,1,0,1
"PR_15March2017_75","l0s15",2017-03-15,"2017_pre","75","lXsY",97.445238547352,1,1,0,1
"PR_15March2017_75","l0s16",2017-03-15,"2017_pre","75","lXsY",107.965242136756,0.999999999999937,0.999999999999937,0,1
"PR_15March2017_75","l0s17",2017-03-15,"2017_pre","75","lXsY",102.70648512474,1,1,0,1
"PR_15March2017_75","l0s18",2017-03-15,"2017_pre","75","lXsY",110.612625534251,0.999999999999949,0.999999999999949,0,1
"PR_15March2017_75","l0s19",2017-03-15,"2017_pre","75","lXsY",102.70080736652,0.999999999999962,0.999999999999962,0,1
"PR_15March2017_75","l0s2",2017-03-15,"2017_pre","75","lXsY",105.314174931154,0.999999999999999,0.999999999999999,0.449063186837255,1
"PR_15March2017_75","l0s20",2017-03-15,"2017_pre","75","lXsY",71.1116902842954,0.999999999999962,0,0,0
"PR_15March2017_75","l0s3",2017-03-15,"2017_pre","75","lXsY",107.947106134978,0.999999999999974,0.999999999999976,0,1
"PR_15March2017_75","l0s4",2017-03-15,"2017_pre","75","lXsY",118.489529122183,1,1,0,1
"PR_15March2017_75","l0s5",2017-03-15,"2017_pre","75","lXsY",110.588436465162,1,1,0,1
"PR_15March2017_75","l0s6",2017-03-15,"2017_pre","75","lXsY",105.319494853887,0.999999999999974,0.999999999999974,0.858304469945492,2
"PR_15March2017_75","l0s7",2017-03-15,"2017_pre","75","lXsY",107.952716997549,1,1,0.012013612147624,1
"PR_15March2017_75","l0s8",2017-03-15,"2017_pre","75","lXsY",102.693941002741,1,1,0,1
"PR_15March2017_75","l0s9",2017-03-15,"2017_pre","75","lXsY",97.4295005371362,0.999999999999984,1,0,1
"PR_15March2017_BG_north_noon","c0r0",2017-03-15,"2017_pre","BG_north_noon","cXrY",102.632569541757,1,1,0,1
"PR_15March2017_BG_north_noon","c1r0",2017-03-15,"2017_pre","BG_north_noon","cXrY",102.632300576088,1,1,0,1
"PR_15March2017_BG_north_noon","c2r0",2017-03-15,"2017_pre","BG_north_noon","cXrY",102.642798616399,1,1,0,1
"PR_15March2017_BG_north_noon","c3r0",2017-03-15,"2017_pre","BG_north_noon","cXrY",102.637269713242,1,1,0,1
"PR_15March2017_BG_north_noon","c4r0",2017-03-15,"2017_pre","BG_north_noon","cXrY",102.647886293888,1,1,0,1
"PR_15March2017_BG_north_noon","c5r0",2017-03-15,"2017_pre","BG_north_noon","cXrY",102.642171134625,0.999999999999961,0.999999999999961,0,1
"PR_15March2017_BG_north_noon","c6r0",2017-03-15,"2017_pre","BG_north_noon","cXrY",102.641906507371,0.999999999999997,0.999999999999997,0,1
"PR_15March2017_BG_north_noon","c5r1",2017-03-15,"2017_pre","BG_north_noon","cXrY",102.641960679141,0.999999999999997,0.999999999999997,0,1
"PR_15March2017_BG_north_noon","c6r1",2017-03-15,"2017_pre","BG_north_noon","cXrY",102.641873788622,1,1,0,1
"PR_15March2017_BG_south_noon","c0r1",2017-03-15,"2017_pre","BG_south_noon","cXrY",102.627095681411,0.999999999999999,0.999999999999999,0,1
"PR_15March2017_BG_south_noon","c1r1",2017-03-15,"2017_pre","BG_south_noon","cXrY",102.637780506742,0.999999999999982,0.999999999999982,0,1
"PR_15March2017_BG_south_noon","c2r1",2017-03-15,"2017_pre","BG_south_noon","cXrY",102.637254580913,0.99999999999998,0.99999999999998,0,1
"PR_15March2017_BG_south_noon","c3r1",2017-03-15,"2017_pre","BG_south_noon","cXrY",102.631466737218,1,1,0,1
"PR_15March2017_BG_south_noon","c4r1",2017-03-15,"2017_pre","BG_south_noon","cXrY",102.636712989508,0.99999999999998,0.99999999999998,0,1
"PR_15March2017_BG_south_noon","c0r2",2017-03-15,"2017_pre","BG_south_noon","cXrY",102.632396453892,0.999999999999995,0.999999999999995,0,1
"PR_15March2017_BG_south_noon","c1r2",2017-03-15,"2017_pre","BG_south_noon","cXrY",102.637570878443,1,1,0,1
"PR_15March2017_BG_south_noon","c2r2",2017-03-15,"2017_pre","BG_south_noon","cXrY",102.642745294282,0.999999999999995,0.999999999999995,0,1
"PR_15March2017_BG_south_noon","c3r2",2017-03-15,"2017_pre","BG_south_noon","cXrY",102.642290802792,1,1,0,1
"PR_15March2017_BG_south_noon","c4r2",2017-03-15,"2017_pre","BG_south_noon","cXrY",102.642017018262,0.999999999999956,0.999999999999956,0,1
"PR_15March2017_BG_south_noon","c5r2",2017-03-15,"2017_pre","BG_south_noon","cXrY",102.64193008803,1,1,0,1
"PR_15March2017_BG_south_noon","c6r2",2017-03-15,"2017_pre","BG_south_noon","cXrY",102.647178882588,0.999999999999995,0.999999999999995,0,1
"PR_15March2017_BG0_am1","l0s0",2017-03-15,"2017_pre","BG0_am1","lXsY",73.6893726948813,1,1,0,1
"PR_15March2017_BG0_am1","l0s1",2017-03-15,"2017_pre","BG0_am1","lXsY",63.1554419144079,1,1,0,1
"PR_15March2017_BG0_am1","l0s2",2017-03-15,"2017_pre","BG0_am1","lXsY",65.7947069238424,0.99999999999997,0.99999999999997,0,1
"PR_15March2017_BG0_am1","l0s3",2017-03-15,"2017_pre","BG0_am1","lXsY",60.5291856384814,0.999999999999973,0.999999999999973,0,1
"PR_15March2017_BG0_am1","l0s4",2017-03-15,"2017_pre","BG0_am1","lXsY",63.1618546839327,0.999999999999987,0.999999999999987,0,1
"PR_15March2017_BG0_am1","l0s5",2017-03-15,"2017_pre","BG0_am1","lXsY",47.3716557935625,0.999999999999999,0.999999999999999,0,1
"PR_15March2017_BG0_am2","l0s0",2017-03-15,"2017_pre","BG0_am2","lXsY",73.6893726948813,1,1,0,1
"PR_15March2017_BG0_am2","l0s1",2017-03-15,"2017_pre","BG0_am2","lXsY",63.1554419144079,1,1,0,1
"PR_15March2017_BG0_am2","l0s2",2017-03-15,"2017_pre","BG0_am2","lXsY",65.7947069238424,0.99999999999997,0.99999999999997,0,1
"PR_15March2017_BG0_am2","l0s3",2017-03-15,"2017_pre","BG0_am2","lXsY",60.5291856384814,0.999999999999973,0.999999999999973,0,1
"PR_15March2017_BG0_am2","l0s4",2017-03-15,"2017_pre","BG0_am2","lXsY",63.1618546839327,0.999999999999987,0.999999999999987,0,1
"PR_15March2017_BG0_am2","l0s5",2017-03-15,"2017_pre","BG0_am2","lXsY",47.3716557935625,0.999999999999999,0.999999999999999,0,1
"PR_15March2017_BG0_am3","l0s0",2017-03-15,"2017_pre","BG0_am3","lXsY",73.6893726948813,1,1,0,1
"PR_15March2017_BG0_am3","l0s1",2017-03-15,"2017_pre","BG0_am3","lXsY",63.1554419144079,1,1,0,1
"PR_15March2017_BG0_am3","l0s2",2017-03-15,"2017_pre","BG0_am3","lXsY",65.7947069238424,0.99999999999997,0.99999999999997,0,1
"PR_15March2017_BG0_am3","l0s3",2017-03-15,"2017_pre","BG0_am3","lXsY",60.5291856384814,0.999999999999973,0.999999999999973,0,1
"PR_15March2017_BG0_am3","l0s4",2017-03-15,"2017_pre","BG0_am3","lXsY",63.1618546839327,0.999999999999987,0.999999999999987,0,1
"PR_15March2017_BG0_am3","l0s5",2017-03-15,"2017_pre","BG0_am3","lXsY",47.3716557935625,0.999999999999999,0.999999999999999,0,1
"PR_15March2017_BG0_noon1","l0s0",2017-03-15,"2017_pre","BG0_noon1","lXsY",73.6893726948813,1,1,0,1
"PR_15March2017_BG0_noon1","l0s1",2017-03-15,"2017_pre","BG0_noon1","lXsY",63.1554419144079,1,1,0,1
"PR_15March2017_BG0_noon1","l0s2",2017-03-15,"2017_pre","BG0_noon1","lXsY",65.7947069238424,0.99999999999997,0.99999999999997,0,1
"PR_15March2017_BG0_noon1","l0s3",2017-03-15,"2017_pre","BG0_noon1","lXsY",60.5291856384814,0.999999999999973,0.999999999999973,0,1
"PR_15March2017_BG0_noon1","l0s4",2017-03-15,"2017_pre","BG0_noon1","lXsY",63.1618546839327,0.999999999999987,0.999999999999987,0,1
"PR_15March2017_BG0_noon1","l0s5",2017-03-15,"2017_pre","BG0_noon1","lXsY",47.3716557935625,0.999999999999999,0.999999999999999,0,1
"PR_15March2017_BG0_noon2","l0s0",2017-03-15,"2017_pre","BG0_noon2","lXsY",73.6893726948813,1,1,0,1
"PR_15March2017_BG0_noon2","l0s1",2017-03-15,"2017_pre","BG0_noon2","lXsY",63.1554419144079,1,1,0,1
"PR_15March2017_BG0_noon2","l0s2",2017-03-15,"2017_pre","BG0_noon2","lXsY",65.7947069238424,0.99999999999997,0.99999999999997,0,1
"PR_15March2017_BG0_noon2","l0s3",2017-03-15,"2017_pre","BG0_noon2","lXsY",60.5291856384814,0.999999999999973,0.999999999999973,0,1
"PR_15March2017_BG0_noon2","l0s4",2017-03-15,"2017_pre","BG0_noon2","lXsY",63.1618546839327,0.999999999999987,0.999999999999987,0,1
"PR_15March2017_BG0_noon2","l0s5",2017-03-15,"2017_pre","BG0_noon2","lXsY",47.3716557935625,0.999999999999999,0.999999999999999,0,1
"PR_15March2017_EV1","c0r0",2017-03-15,"2017_pre","EV1","cXrY",102.668559277172,0.999999999999993,0.0319003684914781,0,0
"PR_15March2017_EV1","c0r1",2017-03-15,"2017_pre","EV1","cXrY",102.668366498746,1,0,0,0
"PR_15March2017_EV1","c1r1",2017-03-15,"2017_pre","EV1","cXrY",102.673554944335,0.999999999999957,0.999999999999957,0,1
"PR_15March2017_EV1","c2r1",2017-03-15,"2017_pre","EV1","cXrY",102.673553551802,1,1,1,2
"PR_15March2017_EV1","c1r2",2017-03-15,"2017_pre","EV1","cXrY",102.673364470825,1,1,0,1
"PR_15March2017_EV1","c2r2",2017-03-15,"2017_pre","EV1","cXrY",102.667669283377,0.999999999999974,0.999999999999974,0,1
"PR_15March2017_EV1","c3r2",2017-03-15,"2017_pre","EV1","cXrY",102.678297359689,1,1,1,2
"PR_15March2017_EV1","c4r2",2017-03-15,"2017_pre","EV1","cXrY",102.672603921855,0.99999999999997,0.99999999999997,0.99999999999997,2
"PR_15March2017_EV1","c3r3",2017-03-15,"2017_pre","EV1","cXrY",102.672837944131,1,1,0,1
"PR_15March2017_EV1","c4r3",2017-03-15,"2017_pre","EV1","cXrY",102.672416555573,0.999999999999975,0.999999999999975,0.999999999999975,2
"PR_15March2017_EV1","c5r3",2017-03-15,"2017_pre","EV1","cXrY",102.672335382459,0.999999999999975,0.999999999999975,0.999999999999975,2
"PR_15March2017_EV1","c6r3",2017-03-15,"2017_pre","EV1","cXrY",102.683047739708,0.999999999999948,0.999999999999948,0.999999999999948,2
"PR_15March2017_EV1","c6r4",2017-03-15,"2017_pre","EV1","cXrY",102.682863222486,1,1,0,1
"PR_15March2017_EV1_topfill","l0s0",2017-03-15,"2017_pre","EV1_topfill","lXsY",118.479563125902,1,1,0.205119239055607,1
"PR_15March2017_EV1_topfill","l0s1",2017-03-15,"2017_pre","EV1_topfill","lXsY",192.196858047426,1,1,1,2
"PR_15March2017_EV1_topfill","l0s2",2017-03-15,"2017_pre","EV1_topfill","lXsY",129.006745770189,1,0.716837451940384,0.716837451940384,2
"PR_15March2017_EV2","c7r0",2017-03-15,"2017_pre","EV2","cXrY",102.691532176653,0.999999999999953,0.999999999999953,0.887455971113984,2
"PR_15March2017_EV2","c8r0",2017-03-15,"2017_pre","EV2","cXrY",102.680326772791,1,1,0,1
"PR_15March2017_EV2","c9r0",2017-03-15,"2017_pre","EV2","cXrY",102.696322214913,0.999999999999998,0.999999999999998,0,1
"PR_15March2017_EV2","c6r1",2017-03-15,"2017_pre","EV2","cXrY",102.680626406929,0.999999999999957,0.999999999999943,0,1
"PR_15March2017_EV2","c7r1",2017-03-15,"2017_pre","EV2","cXrY",102.691345373985,0.999999999999932,0.999999999999932,0.897383851793583,2
"PR_15March2017_EV2","c8r1",2017-03-15,"2017_pre","EV2","cXrY",102.696790235129,0.999999999999995,0.999999999999995,0,1
"PR_15March2017_EV2","c9r1",2017-03-15,"2017_pre","EV2","cXrY",102.691020333284,0.999999999999966,0.999999999999966,0.0445975979817256,1
"PR_15March2017_EV2","c5r2",2017-03-15,"2017_pre","EV2","cXrY",102.691810123545,0.999999999999996,0.999999999999937,0,1
"PR_15March2017_EV2","c6r2",2017-03-15,"2017_pre","EV2","cXrY",102.680602333504,0.999999999999968,0.999999999999968,0,1
"PR_15March2017_EV2","c7r2",2017-03-15,"2017_pre","EV2","cXrY",102.685629602638,1,1,0.889547759338223,2
"PR_15March2017_EV2","c8r2",2017-03-15,"2017_pre","EV2","cXrY",102.690826225787,0.999999999999927,0.999999999999927,0.010066849294448,1
"PR_15March2017_EV2","c4r3",2017-03-15,"2017_pre","EV2","cXrY",102.681156626341,1,1,0,1
"PR_15March2017_EV2","c5r3",2017-03-15,"2017_pre","EV2","cXrY",102.691626979259,0.999999999999994,0.999999999999994,0,1
"PR_15March2017_EV2","c6r3",2017-03-15,"2017_pre","EV2","cXrY",102.691633621028,1,1,0,1
"PR_15March2017_EV2","c7r3",2017-03-15,"2017_pre","EV2","cXrY",102.702098665324,1,1,0.801277361166709,2
"PR_15March2017_EV2","c3r4",2017-03-15,"2017_pre","EV2","cXrY",102.680969882697,0.999999999999996,0.999999999999996,0.987247678980803,2
"PR_15March2017_EV2","c4r4",2017-03-15,"2017_pre","EV2","cXrY",102.67545280169,0.999999999999947,0.999999999999947,0.11879866765863,1
"PR_15March2017_EV2","c5r4",2017-03-15,"2017_pre","EV2","cXrY",102.685915463409,1,1,0,1
"PR_15March2017_EV2","c1r5",2017-03-15,"2017_pre","EV2","cXrY",102.686721772462,0.99999999999996,0.99999999999996,0,1
"PR_15March2017_EV2","c2r5",2017-03-15,"2017_pre","EV2","cXrY",102.681032634738,1,1,0.879723458221022,2
"PR_15March2017_EV2","c3r5",2017-03-15,"2017_pre","EV2","cXrY",102.675515235096,0.999999999999998,0.999999999999998,0.999999999999998,2
"PR_15March2017_EV2","c4r5",2017-03-15,"2017_pre","EV2","cXrY",102.680710264298,1,1,0.120333031645356,1
"PR_15March2017_EV2","c1r6",2017-03-15,"2017_pre","EV2","cXrY",102.681269287151,1,0.999996539418696,0,1
"PR_15March2017_EV2","c2r6",2017-03-15,"2017_pre","EV2","cXrY",102.680854986978,1,1,0.0112705161878924,1
"PR_15March2017_EV2","c3r6",2017-03-15,"2017_pre","EV2","cXrY",102.680775097814,1,1,0.881248818673025,2
"PR_15March2017_EV2","c0r7",2017-03-15,"2017_pre","EV2","cXrY",102.681509865761,1,0.488521413762848,0,0
"PR_15March2017_EV2","c1r7",2017-03-15,"2017_pre","EV2","cXrY",102.675818335149,0.999999999999995,0.845261949628789,0,1
"PR_15March2017_EV2","c2r7",2017-03-15,"2017_pre","EV2","cXrY",102.680842093974,1,0.86243781462488,0,1
"PR_15March2017_EV2","c0r8",2017-03-15,"2017_pre","EV2","cXrY",102.68133530049,1,0.462859930180738,0,0
"PR_15March2017_EV2","c1r8",2017-03-15,"2017_pre","EV2","cXrY",102.675644031456,1,0.452211697947316,0,0
"PR_15March2017_FIA28","l0s0",2017-03-15,"2017_pre","FIA28","lXsY",71.0931229315609,1,0.0463629701507449,0.0464243527820356,0
"PR_15March2017_FIA28","l0s1",2017-03-15,"2017_pre","FIA28","lXsY",52.6633354568213,0.999999999999858,2.33207549160346e-05,0.999999999999985,1
"PR_15March2017_FIA28","l0s10",2017-03-15,"2017_pre","FIA28","lXsY",71.0959626716107,0.999999999999944,0,0,0
"PR_15March2017_FIA28","l0s11",2017-03-15,"2017_pre","FIA28","lXsY",50.0260143301427,0.999999999999788,0,0,0
"PR_15March2017_FIA28","l0s12",2017-03-15,"2017_pre","FIA28","lXsY",42.1283854358137,0.999999999999801,0,0,0
"PR_15March2017_FIA28","l0s2",2017-03-15,"2017_pre","FIA28","lXsY",86.8868095428556,0.999999999999915,0.999999999999915,0.999999999999958,2
"PR_15March2017_FIA28","l0s3",2017-03-15,"2017_pre","FIA28","lXsY",94.7942057996273,1,1,1,2
"PR_15March2017_FIA28","l0s4",2017-03-15,"2017_pre","FIA28","lXsY",92.1541954458207,0.999999999999918,0.999999999999918,0.999999999999958,2
"PR_15March2017_FIA28","l0s5",2017-03-15,"2017_pre","FIA28","lXsY",92.1546052677453,0.999999999999983,0.999999999999983,1,2
"PR_15March2017_FIA28","l0s6",2017-03-15,"2017_pre","FIA28","lXsY",97.4152584926039,0.999999999999943,0.999999999999943,0.999999999999943,2
"PR_15March2017_FIA28","l0s7",2017-03-15,"2017_pre","FIA28","lXsY",92.161337147671,0.999999999999984,0.99999999999996,0.99999999999996,2
"PR_15March2017_FIA28","l0s8",2017-03-15,"2017_pre","FIA28","lXsY",84.2522292755902,0.99999999999998,0.99999999999998,0.99999999999998,2
"PR_15March2017_FIA28","l0s9",2017-03-15,"2017_pre","FIA28","lXsY",71.0848008183599,1,1,1,2
"PR_15March2017_FIA32","l0s0",2017-03-15,"2017_pre","FIA32","lXsY",73.6815573584959,1,0.699249422756357,0,1
"PR_15March2017_FIA32","l0s1",2017-03-15,"2017_pre","FIA32","lXsY",107.886472410446,1,0.346926926439147,0,0
"PR_15March2017_FIA32","l0s10",2017-03-15,"2017_pre","FIA32","lXsY",228.955532755175,0.999999999999999,0.999999999999999,0,1
"PR_15March2017_FIA32","l0s11",2017-03-15,"2017_pre","FIA32","lXsY",128.955266932298,0.999999999999995,0.999999999999995,0,1
"PR_15March2017_FIA32","l0s12",2017-03-15,"2017_pre","FIA32","lXsY",123.68423959675,0.99999999999998,0.99999999999998,0,1
"PR_15March2017_FIA32","l0s13",2017-03-15,"2017_pre","FIA32","lXsY",71.0489102965504,1,1,0,1
"PR_15March2017_FIA32","l0s14",2017-03-15,"2017_pre","FIA32","lXsY",52.6261560025737,0.999999999999975,0,0,0
"PR_15March2017_FIA32","l0s2",2017-03-15,"2017_pre","FIA32","lXsY",110.525891250031,0.999999999999997,0.534203284522813,0,1
"PR_15March2017_FIA32","l0s3",2017-03-15,"2017_pre","FIA32","lXsY",97.3635923027739,0.99999999999997,0.999993762478844,0,1
"PR_15March2017_FIA32","l0s4",2017-03-15,"2017_pre","FIA32","lXsY",89.4746969521075,1,1,0,1
"PR_15March2017_FIA32","l0s5",2017-03-15,"2017_pre","FIA32","lXsY",78.9436695131078,1,1,0,1
"PR_15March2017_FIA32","l0s6",2017-03-15,"2017_pre","FIA32","lXsY",78.9494163674459,0.999999999999976,0.999999999999989,0,1
"PR_15March2017_FIA32","l0s7",2017-03-15,"2017_pre","FIA32","lXsY",100.003223715243,0.999999999999979,1,0,1
"PR_15March2017_FIA32","l0s8",2017-03-15,"2017_pre","FIA32","lXsY",186.833256428935,0.999999999999974,0.999999999999998,0,1
"PR_15March2017_FIA32","l0s9",2017-03-15,"2017_pre","FIA32","lXsY",234.216443536665,0.999999999999998,0.999999999999998,0,1
"PR_17March2017_197","l0s0",2017-03-17,"2017_pre","197","lXsY",110.532601113652,0.999999999999988,0,0,0
"PR_17March2017_197","l0s1",2017-03-17,"2017_pre","197","lXsY",165.806280093312,0.999999999999997,0,0,0
"PR_17March2017_197","l0s2",2017-03-17,"2017_pre","197","lXsY",165.817087357263,0.999999999999992,0.0685374117033145,0,0
"PR_17March2017_197","l0s3",2017-03-17,"2017_pre","197","lXsY",173.70999783884,0.999999999999998,0.435874625321221,0,0
"PR_17March2017_197","l0s4",2017-03-17,"2017_pre","197","lXsY",186.867012572503,1,0,0,0
"PR_17March2017_197","l0s5",2017-03-17,"2017_pre","197","lXsY",178.973975281806,0.999999999999979,0,0,0
"PR_17March2017_197","l0s6",2017-03-17,"2017_pre","197","lXsY",86.8548856521726,0.999999999999999,0,0,0
"PR_17March2017_198","l0s0",2017-03-17,"2017_pre","198","lXsY",84.216550865224,0.999999999999971,0.199505230663794,0,0
"PR_17March2017_198","l0s1",2017-03-17,"2017_pre","198","lXsY",76.3271045442343,0.999999999999993,0.00284995248719176,0,0
"PR_17March2017_198","l0s10",2017-03-17,"2017_pre","198","lXsY",47.3816738990195,0.999999999999968,0.992614392497579,0,1
"PR_17March2017_198","l0s2",2017-03-17,"2017_pre","198","lXsY",63.1695474874422,0.999999999999951,0,0,0
"PR_17March2017_198","l0s3",2017-03-17,"2017_pre","198","lXsY",65.8016792540342,0.99999999999999,0,0,0
"PR_17March2017_198","l0s4",2017-03-17,"2017_pre","198","lXsY",63.1654881923616,1,0,0,0
"PR_17March2017_198","l0s5",2017-03-17,"2017_pre","198","lXsY",76.3245467538774,0.999999999999982,0,0,0
"PR_17March2017_198","l0s6",2017-03-17,"2017_pre","198","lXsY",65.7997596846238,0.999999999999983,0,0,0
"PR_17March2017_198","l0s7",2017-03-17,"2017_pre","198","lXsY",68.4378726904258,0.99999999999999,0,0,0
"PR_17March2017_198","l0s8",2017-03-17,"2017_pre","198","lXsY",63.1747364666745,1,0,0,0
"PR_17March2017_198","l0s9",2017-03-17,"2017_pre","198","lXsY",63.1741078422904,0.999999999999979,0.621213540726944,0,1
"PR_17March2017_199","l0s0",2017-03-17,"2017_pre","199","lXsY",65.771380407542,1,0.88425596499505,0,1
"PR_17March2017_199","l0s1",2017-03-17,"2017_pre","199","lXsY",63.1454695956573,0.999999999999935,0.263921356794297,0,0
"PR_17March2017_199","l0s10",2017-03-17,"2017_pre","199","lXsY",60.5274125360951,0.999999999999999,0.999999999999999,0,1
"PR_17March2017_199","l0s11",2017-03-17,"2017_pre","199","lXsY",55.2678595370904,0.999999999999993,0.999999999999993,0,1
"PR_17March2017_199","l0s12",2017-03-17,"2017_pre","199","lXsY",52.6297604463011,0.999999999999966,0.999999999999966,0,1
"PR_17March2017_199","l0s13",2017-03-17,"2017_pre","199","lXsY",60.528368338123,1,1,0,1
"PR_17March2017_199","l0s14",2017-03-17,"2017_pre","199","lXsY",60.5285280970469,0.99999999999998,0.99999999999998,0,1
"PR_17March2017_199","l0s15",2017-03-17,"2017_pre","199","lXsY",65.7999506250963,0.99999999999998,0.99999999999998,0,1
"PR_17March2017_199","l0s16",2017-03-17,"2017_pre","199","lXsY",57.9017481606945,0.999999999999992,0.999999999999992,0,1
"PR_17March2017_199","l0s17",2017-03-17,"2017_pre","199","lXsY",52.6440074078575,1,1,0,1
"PR_17March2017_199","l0s18",2017-03-17,"2017_pre","199","lXsY",47.3727267337382,0.999999999999978,0.999999999999978,0,1
"PR_17March2017_199","l0s19",2017-03-17,"2017_pre","199","lXsY",47.3726864840172,1,1,0,1
"PR_17March2017_199","l0s2",2017-03-17,"2017_pre","199","lXsY",60.5135934712335,0.999999999999926,0,0,0
"PR_17March2017_199","l0s20",2017-03-17,"2017_pre","199","lXsY",55.2711784059279,1,1,0,1
"PR_17March2017_199","l0s3",2017-03-17,"2017_pre","199","lXsY",65.781220014666,1,0,0,0
"PR_17March2017_199","l0s4",2017-03-17,"2017_pre","199","lXsY",57.8899968877904,0.99999999999998,0,0,0
"PR_17March2017_199","l0s5",2017-03-17,"2017_pre","199","lXsY",63.1522268787891,0.999999999999965,0,0,0
"PR_17March2017_199","l0s6",2017-03-17,"2017_pre","199","lXsY",57.8845418488383,0.999999999999997,0,0,0
"PR_17March2017_199","l0s7",2017-03-17,"2017_pre","199","lXsY",57.8877924839787,1,1.39100520766227e-05,0,0
"PR_17March2017_199","l0s8",2017-03-17,"2017_pre","199","lXsY",55.2669975926161,1,0.999999999999986,0,1
"PR_17March2017_199","l0s9",2017-03-17,"2017_pre","199","lXsY",57.8914868361019,0.99999999999999,0.99999999999999,0,1
"PR_17March2017_60","l0s0",2017-03-17,"2017_pre","60","lXsY",47.3915635306589,1,1,0,1
"PR_17March2017_60","l0s1",2017-03-17,"2017_pre","60","lXsY",42.1249680752613,1,1,0.30433347527433,1
"PR_17March2017_60","l0s2",2017-03-17,"2017_pre","60","lXsY",47.3853043647423,1,0.999999999999988,0.703454322516675,2
"PR_17March2017_60","l0s3",2017-03-17,"2017_pre","60","lXsY",55.2900179329246,0.999999999999981,0.999999999999981,0.208844707154895,1
"PR_17March2017_60","l0s4",2017-03-17,"2017_pre","60","lXsY",121.117051579133,1,1,0.0623197993987521,1
"PR_17March2017_60","l0s5",2017-03-17,"2017_pre","60","lXsY",105.314884029686,0.999999999999976,0.811056541947427,0,1
"PR_17March2017_60","l0s6",2017-03-17,"2017_pre","60","lXsY",121.116012889332,1,0.954855267580771,0,1
"PR_17March2017_60","l0s7",2017-03-17,"2017_pre","60","lXsY",50.0270546263322,0.99999999999998,0.99999999999998,0.18144570329965,1
"PR_17March2017_61_62","l0s0",2017-03-17,"2017_pre","61_62","lXsY",134.258123784667,0.999999999999996,0.952995188327377,0,1
"PR_17March2017_61_62","l0s1",2017-03-17,"2017_pre","61_62","lXsY",173.761210156742,1,0.999999999999992,0.15541495834502,1
"PR_17March2017_61_62","l0s2",2017-03-17,"2017_pre","61_62","lXsY",200.109069094923,0.999999999999991,0.999999999999991,0.279807636233834,1
"PR_17March2017_61_62","l0s3",2017-03-17,"2017_pre","61_62","lXsY",213.265290811574,0.999999999999969,0.999999999999997,0.623248292750434,2
"PR_17March2017_61_62","l0s4",2017-03-17,"2017_pre","61_62","lXsY",194.818516070366,0.999999999999992,0.999999999999992,0.999999999999992,2
"PR_17March2017_61_62","l0s5",2017-03-17,"2017_pre","61_62","lXsY",189.570431187931,0.999999999999977,0.986417502511888,0.822396204909343,2
"PR_17March2017_61_62","l0s6",2017-03-17,"2017_pre","61_62","lXsY",121.119817574263,1,0.697190060412784,0.49661216911362,1
"PR_17March2017_BG_north_high_alt","l0s0",2017-03-17,"2017_pre","BG_north_high_alt","lXsY",134.221132210404,1,0.00838655987770151,0,0
"PR_17March2017_BG_north_high_alt","l0s1",2017-03-17,"2017_pre","BG_north_high_alt","lXsY",128.946988247058,0.999999999999989,0.547092405602252,0,1
"PR_17March2017_BG_north_high_alt","l0s2",2017-03-17,"2017_pre","BG_north_high_alt","lXsY",73.68513028512,1,1,0,1
"PR_17March2017_BG_north_high_alt","l0s3",2017-03-17,"2017_pre","BG_north_high_alt","lXsY",65.7864684282392,0.99999999999997,0.99999999999997,0,1
"PR_17March2017_BG_north_high_alt","l0s4",2017-03-17,"2017_pre","BG_north_high_alt","lXsY",65.7923875828624,0.999999999999961,0.999999999999961,0,1
"PR_17March2017_BG_north_high_alt","l0s5",2017-03-17,"2017_pre","BG_north_high_alt","lXsY",71.0582781266272,0.999999999999955,0.999999999999955,0,1
"PR_17March2017_BG_north_high_alt","l0s6",2017-03-17,"2017_pre","BG_north_high_alt","lXsY",71.0587376565367,1,1,0,1
"PR_17March2017_BG_north_high_alt","l0s7",2017-03-17,"2017_pre","BG_north_high_alt","lXsY",68.4232922990069,1,1,0,1
"PR_17March2017_BG_north_high_alt","l0s8",2017-03-17,"2017_pre","BG_north_high_alt","lXsY",71.0597399164796,0.999999999999992,0.791453030634992,0,1
"PR_17March2017_BG_north_low_alt","l0s0",2017-03-17,"2017_pre","BG_north_low_alt","lXsY",134.221132210404,1,0.00838655987770151,0,0
"PR_17March2017_BG_north_low_alt","l0s1",2017-03-17,"2017_pre","BG_north_low_alt","lXsY",128.946988247058,0.999999999999989,0.547092405602252,0,1
"PR_17March2017_BG_north_low_alt","l0s2",2017-03-17,"2017_pre","BG_north_low_alt","lXsY",73.68513028512,1,1,0,1
"PR_17March2017_BG_north_low_alt","l0s3",2017-03-17,"2017_pre","BG_north_low_alt","lXsY",65.7864684282392,0.99999999999997,0.99999999999997,0,1
"PR_17March2017_BG_north_low_alt","l0s4",2017-03-17,"2017_pre","BG_north_low_alt","lXsY",65.7923875828624,0.999999999999961,0.999999999999961,0,1
"PR_17March2017_BG_north_low_alt","l0s5",2017-03-17,"2017_pre","BG_north_low_alt","lXsY",71.0582781266272,0.999999999999955,0.999999999999955,0,1
"PR_17March2017_BG_north_low_alt","l0s6",2017-03-17,"2017_pre","BG_north_low_alt","lXsY",71.0587376565367,1,1,0,1
"PR_17March2017_BG_north_low_alt","l0s7",2017-03-17,"2017_pre","BG_north_low_alt","lXsY",68.4232922990069,1,1,0,1
"PR_17March2017_BG_north_low_alt","l0s8",2017-03-17,"2017_pre","BG_north_low_alt","lXsY",71.0597399164796,0.999999999999992,0.791453030634992,0,1
"PR_17March2017_BG_north_low_alt","l0s9",2017-03-17,"2017_pre","BG_north_low_alt","lXsY",50.0089271442942,1,0.467627607498479,0,0
"PR_17March2017_BG0_high_alt","l0s0",2017-03-17,"2017_pre","BG0_high_alt","lXsY",73.6893726948813,1,1,0,1
"PR_17March2017_BG0_high_alt","l0s1",2017-03-17,"2017_pre","BG0_high_alt","lXsY",63.1554419144079,1,1,0,1
"PR_17March2017_BG0_high_alt","l0s2",2017-03-17,"2017_pre","BG0_high_alt","lXsY",65.7947069238424,0.99999999999997,0.99999999999997,0,1
"PR_17March2017_BG0_high_alt","l0s3",2017-03-17,"2017_pre","BG0_high_alt","lXsY",60.5291856384814,0.999999999999973,0.999999999999973,0,1
"PR_17March2017_BG0_high_alt","l0s4",2017-03-17,"2017_pre","BG0_high_alt","lXsY",63.1618546839327,0.999999999999987,0.999999999999987,0,1
"PR_17March2017_BG0_high_alt","l0s5",2017-03-17,"2017_pre","BG0_high_alt","lXsY",47.3716557935625,0.999999999999999,0.999999999999999,0,1
"PR_17March2017_BG0_low_alt","l0s0",2017-03-17,"2017_pre","BG0_low_alt","lXsY",73.6893726948813,1,1,0,1
"PR_17March2017_BG0_low_alt","l0s1",2017-03-17,"2017_pre","BG0_low_alt","lXsY",63.1554419144079,1,1,0,1
"PR_17March2017_BG0_low_alt","l0s2",2017-03-17,"2017_pre","BG0_low_alt","lXsY",65.7947069238424,0.99999999999997,0.99999999999997,0,1
"PR_17March2017_BG0_low_alt","l0s3",2017-03-17,"2017_pre","BG0_low_alt","lXsY",60.5291856384814,0.999999999999973,0.999999999999973,0,1
"PR_17March2017_BG0_low_alt","l0s4",2017-03-17,"2017_pre","BG0_low_alt","lXsY",63.1618546839327,0.999999999999987,0.999999999999987,0,1
"PR_17March2017_BG0_low_alt","l0s5",2017-03-17,"2017_pre","BG0_low_alt","lXsY",47.3716557935625,0.999999999999999,0.999999999999999,0,1
"PR_17March2017_EV1_topfill","c12r0",2017-03-17,"2017_pre","EV1_topfill","cXrY",102.687637077892,0.999999999999993,0,0,0
"PR_17March2017_EV1_topfill","c13r0",2017-03-17,"2017_pre","EV1_topfill","cXrY",102.687232187831,0.999999999999986,0,0,0
"PR_17March2017_EV1_topfill","c11r1",2017-03-17,"2017_pre","EV1_topfill","cXrY",102.687933095559,1,0,0,0
"PR_17March2017_EV1_topfill","c12r1",2017-03-17,"2017_pre","EV1_topfill","cXrY",102.698651754609,1,0,0,0
"PR_17March2017_EV1_topfill","c10r2",2017-03-17,"2017_pre","EV1_topfill","cXrY",102.687884489322,0.999999999999992,0,0,0
"PR_17March2017_EV1_topfill","c11r2",2017-03-17,"2017_pre","EV1_topfill","cXrY",102.682203183007,0.99999999999992,0,0,0
"PR_17March2017_EV1_topfill","c9r3",2017-03-17,"2017_pre","EV1_topfill","cXrY",102.682493153402,0.999999999999978,0.168859293831311,0.168859293831311,0
"PR_17March2017_EV1_topfill","c10r3",2017-03-17,"2017_pre","EV1_topfill","cXrY",102.693210830671,0.999999999999999,0.0577747904034412,0.0577747904034412,0
"PR_17March2017_EV1_topfill","c11r3",2017-03-17,"2017_pre","EV1_topfill","cXrY",102.693221179929,1,0,0,0
"PR_17March2017_EV1_topfill","c8r4",2017-03-17,"2017_pre","EV1_topfill","cXrY",102.693504156873,0.999999999999996,0,0,0
"PR_17March2017_EV1_topfill","c9r4",2017-03-17,"2017_pre","EV1_topfill","cXrY",102.693512732407,0.999999999999935,0.540943630966325,0.540943630966325,2
"PR_17March2017_EV1_topfill","c10r4",2017-03-17,"2017_pre","EV1_topfill","cXrY",102.693016249868,0.999999999999988,0.193304835109036,0.193304835109036,0
"PR_17March2017_EV1_topfill","c7r5",2017-03-17,"2017_pre","EV1_topfill","cXrY",102.682756501955,1,0,0,0
"PR_17March2017_EV1_topfill","c8r5",2017-03-17,"2017_pre","EV1_topfill","cXrY",102.682506965166,1,0,0,0
"PR_17March2017_EV1_topfill","c9r5",2017-03-17,"2017_pre","EV1_topfill","cXrY",102.682266489685,0.999999999999963,0.592673746113657,0.592673746113657,2
"PR_17March2017_EV1_topfill","c6r6",2017-03-17,"2017_pre","EV1_topfill","cXrY",102.688499925831,1,0,0,0
"PR_17March2017_EV1_topfill","c7r6",2017-03-17,"2017_pre","EV1_topfill","cXrY",102.688000725874,0.999999999999994,0,0,0
"PR_17March2017_EV1_topfill","c8r6",2017-03-17,"2017_pre","EV1_topfill","cXrY",102.68231579116,1,0,0,0
"PR_17March2017_EV1_topfill","c4r7",2017-03-17,"2017_pre","EV1_topfill","cXrY",102.683111706135,1,0.0297414779074255,0.0297414779074255,0
"PR_17March2017_EV1_topfill","c5r7",2017-03-17,"2017_pre","EV1_topfill","cXrY",102.677424110153,1,0,0,0
"PR_17March2017_EV1_topfill","c6r7",2017-03-17,"2017_pre","EV1_topfill","cXrY",102.688224775136,1,0,0,0
"PR_17March2017_EV1_topfill","c7r7",2017-03-17,"2017_pre","EV1_topfill","cXrY",102.688060126793,0.999999999999974,0,0,0
"PR_17March2017_EV1_topfill","c3r8",2017-03-17,"2017_pre","EV1_topfill","cXrY",102.678067355868,1,1,1,2
"PR_17March2017_EV1_topfill","c4r8",2017-03-17,"2017_pre","EV1_topfill","cXrY",102.68308748942,1,0.573334663673874,0.502941894544559,2
"PR_17March2017_EV1_topfill","c5r8",2017-03-17,"2017_pre","EV1_topfill","cXrY",102.677398985448,1,0.228805220242032,0,0
"PR_17March2017_EV1_topfill","c6r8",2017-03-17,"2017_pre","EV1_topfill","cXrY",102.693559596682,0.999999999999978,0.158423349067463,0,0
"PR_17March2017_EV1_topfill","c2r9",2017-03-17,"2017_pre","EV1_topfill","cXrY",102.683399473637,1,1,0.940783952118049,2
"PR_17March2017_EV1_topfill","c3r9",2017-03-17,"2017_pre","EV1_topfill","cXrY",102.677880607963,0.999999999999994,0.999999999999994,0.970213127127925,2
"PR_17March2017_EV1_topfill","c4r9",2017-03-17,"2017_pre","EV1_topfill","cXrY",102.682901551399,1,0.810641566488395,0.502968142901356,2
"PR_17March2017_EV1_topfill","c5r9",2017-03-17,"2017_pre","EV1_topfill","cXrY",102.67721331023,0.999999999999996,0.999999999999996,0,1
"PR_17March2017_EV1_topfill","c2r10",2017-03-17,"2017_pre","EV1_topfill","cXrY",102.67794186137,1,0.997922936311628,0,1
"PR_17March2017_EV1_topfill","c3r10",2017-03-17,"2017_pre","EV1_topfill","cXrY",102.683134171996,1,0.999852833471923,0.467585971185968,1
"PR_17March2017_EV1_topfill","c4r10",2017-03-17,"2017_pre","EV1_topfill","cXrY",102.677443858522,0.999999999999989,0.922793369164137,0.543592493855352,2
"PR_17March2017_EV1_topfill","c1r11",2017-03-17,"2017_pre","EV1_topfill","cXrY",102.672484690668,0.999999999999971,0.00976023134789381,0,0
"PR_17March2017_EV1_topfill","c2r11",2017-03-17,"2017_pre","EV1_topfill","cXrY",102.672230539885,1,0.747319683317443,0,1
"PR_17March2017_EV1_topfill","c3r11",2017-03-17,"2017_pre","EV1_topfill","cXrY",102.677678331298,1,1,0,1
"PR_17March2017_EV1_topfill","c1r12",2017-03-17,"2017_pre","EV1_topfill","cXrY",102.672303691943,1,0,0,0
"PR_17March2017_EV1_topfill","c2r12",2017-03-17,"2017_pre","EV1_topfill","cXrY",102.677323854566,0.999999999999962,0.00258727339147414,0,0
"PR_17March2017_EV1_topfill","c0r13",2017-03-17,"2017_pre","EV1_topfill","cXrY",102.678065459464,1,0,0,0
"PR_17March2017_EV1_topfill","c1r13",2017-03-17,"2017_pre","EV1_topfill","cXrY",102.677810916163,1,0,0,0
"PR_17March2017_EV1_topfill","c0r14",2017-03-17,"2017_pre","EV1_topfill","cXrY",102.672360767587,0.999999999999997,0,0,0
"PR_17March2017_EV2","c8r0",2017-03-17,"2017_pre","EV2","cXrY",102.680326772791,1,1,0,1
"PR_17March2017_EV2","c9r0",2017-03-17,"2017_pre","EV2","cXrY",102.696322214913,0.999999999999998,0.999999999999998,0,1
"PR_17March2017_EV2","c7r1",2017-03-17,"2017_pre","EV2","cXrY",102.691345373985,0.999999999999932,0.999999999999932,0.897383851793583,2
"PR_17March2017_EV2","c8r1",2017-03-17,"2017_pre","EV2","cXrY",102.696790235129,0.999999999999995,0.999999999999995,0,1
"PR_17March2017_EV2","c9r1",2017-03-17,"2017_pre","EV2","cXrY",102.691020333284,0.999999999999966,0.999999999999966,0.0445975979817256,1
"PR_17March2017_EV2","c6r2",2017-03-17,"2017_pre","EV2","cXrY",102.680602333504,0.999999999999968,0.999999999999968,0,1
"PR_17March2017_EV2","c7r2",2017-03-17,"2017_pre","EV2","cXrY",102.685629602638,1,1,0.889547759338223,2
"PR_17March2017_EV2","c8r2",2017-03-17,"2017_pre","EV2","cXrY",102.690826225787,0.999999999999927,0.999999999999927,0.010066849294448,1
"PR_17March2017_EV2","c5r3",2017-03-17,"2017_pre","EV2","cXrY",102.691626979259,0.999999999999994,0.999999999999994,0,1
"PR_17March2017_EV2","c6r3",2017-03-17,"2017_pre","EV2","cXrY",102.691633621028,1,1,0,1
"PR_17March2017_EV2","c7r3",2017-03-17,"2017_pre","EV2","cXrY",102.702098665324,1,1,0.801277361166709,2
"PR_17March2017_EV2","c4r4",2017-03-17,"2017_pre","EV2","cXrY",102.67545280169,0.999999999999947,0.999999999999947,0.11879866765863,1
"PR_17March2017_EV2","c5r4",2017-03-17,"2017_pre","EV2","cXrY",102.685915463409,1,1,0,1
"PR_17March2017_EV2","c3r5",2017-03-17,"2017_pre","EV2","cXrY",102.675515235096,0.999999999999998,0.999999999999998,0.999999999999998,2
"PR_17March2017_EV2","c4r5",2017-03-17,"2017_pre","EV2","cXrY",102.680710264298,1,1,0.120333031645356,1
"PR_17March2017_EV2","c1r6",2017-03-17,"2017_pre","EV2","cXrY",102.681269287151,1,0.999996539418696,0,1
"PR_17March2017_EV2","c2r6",2017-03-17,"2017_pre","EV2","cXrY",102.680854986978,1,1,0.0112705161878924,1
"PR_17March2017_EV2","c3r6",2017-03-17,"2017_pre","EV2","cXrY",102.680775097814,1,1,0.881248818673025,2
"PR_17March2017_EV2","c1r7",2017-03-17,"2017_pre","EV2","cXrY",102.675818335149,0.999999999999995,0.845261949628789,0,1
"PR_17March2017_EV2","c2r7",2017-03-17,"2017_pre","EV2","cXrY",102.680842093974,1,0.86243781462488,0,1
"PR_17March2017_EV2","c1r8",2017-03-17,"2017_pre","EV2","cXrY",102.675644031456,1,0.452211697947316,0,0
"PR_17March2017_EV3","c0r0",2017-03-17,"2017_pre","EV3","cXrY",102.681644453961,0.99999999999996,0.99999999999996,0,1
"PR_17March2017_EV3","c0r1",2017-03-17,"2017_pre","EV3","cXrY",102.681460026801,1,0.999999999999996,0,1
"PR_17March2017_EV3","c1r1",2017-03-17,"2017_pre","EV3","cXrY",102.681209118477,0.999999999999949,0.999999999999949,0,1
"PR_17March2017_EV3","c0r2",2017-03-17,"2017_pre","EV3","cXrY",102.686715533361,1,1,1,2
"PR_17March2017_EV3","c1r2",2017-03-17,"2017_pre","EV3","cXrY",102.681027305222,1,1,1,2
"PR_17March2017_EV3","c0r3",2017-03-17,"2017_pre","EV3","cXrY",102.681261227208,0.999999999999988,0.999999999999988,0.999999999999988,2
"PR_17March2017_EV3","c1r3",2017-03-17,"2017_pre","EV3","cXrY",102.68084756557,1,1,1,2
"PR_17March2017_EV3","c2r3",2017-03-17,"2017_pre","EV3","cXrY",102.680598314178,1,1,0,1
"PR_17March2017_EV3","c1r4",2017-03-17,"2017_pre","EV3","cXrY",102.692047319272,1,1,1,2
"PR_17March2017_EV3","c2r4",2017-03-17,"2017_pre","EV3","cXrY",102.691550931636,0.999999999999989,0.999999999999989,0.999999999999989,2
"PR_17March2017_EV3","c1r5",2017-03-17,"2017_pre","EV3","cXrY",102.675382137159,1,1,1,2
"PR_17March2017_EV3","c2r5",2017-03-17,"2017_pre","EV3","cXrY",102.691376161993,0.999999999999949,0.999999999999949,0.999999999999949,2
"PR_17March2017_EV3","c3r5",2017-03-17,"2017_pre","EV3","cXrY",102.691381507495,1,1,0,1
"PR_17March2017_EV3","c2r6",2017-03-17,"2017_pre","EV3","cXrY",102.680396772036,0.999999999999994,0.999999999999994,0.999999999999994,2
"PR_17March2017_EV3","c3r6",2017-03-17,"2017_pre","EV3","cXrY",102.680155868769,0.999999999999982,0.999999999999982,0.999999999999982,2
"PR_17March2017_EV3","c2r7",2017-03-17,"2017_pre","EV3","cXrY",102.680064357266,0.999999999999989,0.999999999999989,0.999999999999989,2
"PR_17March2017_EV3","c3r7",2017-03-17,"2017_pre","EV3","cXrY",102.679984937215,1,1,1,2
"PR_17March2017_EV3_bottomfill","c3r4",2017-03-17,"2017_pre","EV3_bottomfill","cXrY",102.680341875321,0.999999999999999,0,0,0
"PR_17March2017_EV3_bottomfill","c2r5",2017-03-17,"2017_pre","EV3_bottomfill","cXrY",102.691376161993,0.999999999999949,0.999999999999949,0.999999999999949,2
"PR_17March2017_EV3_bottomfill","c3r5",2017-03-17,"2017_pre","EV3_bottomfill","cXrY",102.691381507495,1,1,0,1
"PR_17March2017_EV3_bottomfill","c1r6",2017-03-17,"2017_pre","EV3_bottomfill","cXrY",102.680646741971,0.999999999999989,0.612425351966354,0,1
"PR_17March2017_EV3_bottomfill","c2r6",2017-03-17,"2017_pre","EV3_bottomfill","cXrY",102.680396772036,0.999999999999994,0.999999999999994,0.999999999999994,2
"PR_17March2017_EV3_bottomfill","c0r7",2017-03-17,"2017_pre","EV3_bottomfill","cXrY",102.680718008134,0.99999999999998,0.589306424533553,0,1
"PR_17March2017_EV3_bottomfill","c1r7",2017-03-17,"2017_pre","EV3_bottomfill","cXrY",102.680475313193,0.999999999999995,0.612443113762684,0,1
"PR_17March2017_green_algae","l0s0",2017-03-17,"2017_pre","green_algae","lXsY",110.536289974043,1,0.551868153790105,0,1
"PR_17March2017_green_algae","l0s1",2017-03-17,"2017_pre","green_algae","lXsY",118.434026812866,0.999999999999937,0.774824126904147,0,1
"PR_17March2017_green_algae","l0s2",2017-03-17,"2017_pre","green_algae","lXsY",121.066454388905,0.999999999999981,0.255133109247476,0,0
"PR_17March2017_green_algae","l0s3",2017-03-17,"2017_pre","green_algae","lXsY",110.537131570524,0.999999999999987,0,0,0
"PR_17March2017_green_algae","l0s4",2017-03-17,"2017_pre","green_algae","lXsY",92.1184059627414,0.999999999999995,0,0,0
"PR_17March2017_green_algae","l0s5",2017-03-17,"2017_pre","green_algae","lXsY",73.6920428239286,1,0,0,0
"PR_17March2017_green_algae","l0s6",2017-03-17,"2017_pre","green_algae","lXsY",73.6988609291852,1,0,0,0
"PR_17March2017_green_algae","l0s7",2017-03-17,"2017_pre","green_algae","lXsY",57.9065113108262,1,0,0,0
"PR_22April2018_FIA1","l0s0",2018-04-22,"2018_post","FIA1","lXsY",86.6623839573614,0.999999999999987,0.999999999999987,0.999999999999987,2
"PR_22April2018_FIA1","l0s1",2018-04-22,"2018_post","FIA1","lXsY",107.668060501651,0.999999999999996,0.999999999999996,0.999999999999996,2
"PR_22April2018_FIA1","l0s10",2018-04-22,"2018_post","FIA1","lXsY",126.062497820177,0.999999999999991,0.999999999999991,0.999999999999991,2
"PR_22April2018_FIA1","l0s11",2018-04-22,"2018_post","FIA1","lXsY",120.804725177695,1,1,1,2
"PR_22April2018_FIA1","l0s12",2018-04-22,"2018_post","FIA1","lXsY",120.809233767682,0.999999999999992,0.999999999999992,0.999999999999992,2
"PR_22April2018_FIA1","l0s13",2018-04-22,"2018_post","FIA1","lXsY",112.932349583977,0.999999999999984,0.999999999999984,0.999999999999997,2
"PR_22April2018_FIA1","l0s14",2018-04-22,"2018_post","FIA1","lXsY",86.6787578073397,0.999999999999993,0.999999999999976,4.19519611906045e-06,1
"PR_22April2018_FIA1","l0s2",2018-04-22,"2018_post","FIA1","lXsY",120.802122496529,1,1,1,2
"PR_22April2018_FIA1","l0s3",2018-04-22,"2018_post","FIA1","lXsY",110.294429159331,1,1,1,2
"PR_22April2018_FIA1","l0s4",2018-04-22,"2018_post","FIA1","lXsY",126.058852721515,0.999999999999991,0.999999999999991,0.999999999999991,2
"PR_22April2018_FIA1","l0s5",2018-04-22,"2018_post","FIA1","lXsY",115.551944287349,0.999999999999996,0.999999999999996,0.999999999999996,2
"PR_22April2018_FIA1","l0s6",2018-04-22,"2018_post","FIA1","lXsY",128.682900972046,0.99999999999999,0.99999999999999,0.99999999999999,2
"PR_22April2018_FIA1","l0s7",2018-04-22,"2018_post","FIA1","lXsY",118.177235291234,1,1,1,2
"PR_22April2018_FIA1","l0s8",2018-04-22,"2018_post","FIA1","lXsY",136.558035402529,0.999999999999998,0.999999999999998,0.999999999999998,2
"PR_22April2018_FIA1","l0s9",2018-04-22,"2018_post","FIA1","lXsY",99.7942785565279,0.999999999999999,0.999999999999999,0.999999999999999,2
"PR_22April2018_FIA14","l0s0",2018-04-22,"2018_post","FIA14","lXsY",126.140586898716,0.46464421918571,0.999999999999999,0.999999999999999,1
"PR_22April2018_FIA14","l0s1",2018-04-22,"2018_post","FIA14","lXsY",165.540581329057,0.819671025110688,1,1,2
"PR_22April2018_FIA14","l0s2",2018-04-22,"2018_post","FIA14","lXsY",178.693946601427,0.846600363340452,1,1,2
"PR_22April2018_FIA14","l0s3",2018-04-22,"2018_post","FIA14","lXsY",168.18104043546,0.790107322214191,0.999999999999981,0.999999999999981,2
"PR_22April2018_FIA14","l0s4",2018-04-22,"2018_post","FIA14","lXsY",176.072411971995,0.818879753172093,1,1,2
"PR_22April2018_FIA14","l0s5",2018-04-22,"2018_post","FIA14","lXsY",173.449385051334,0.835687633581922,1,1,2
"PR_22April2018_FIA14","l0s6",2018-04-22,"2018_post","FIA14","lXsY",168.19575502806,0.846194440165408,0.999999999999989,0.999999999999989,2
"PR_22April2018_FIA14","l0s7",2018-04-22,"2018_post","FIA14","lXsY",123.530082432735,0.826745754651097,0.999999999999978,0.999999999999978,2
"PR_22April2018_FIA15","l0s0",2018-04-22,"2018_post","FIA15","lXsY",173.54598351516,1,1,1,2
"PR_22April2018_FIA15","l0s1",2018-04-22,"2018_post","FIA15","lXsY",265.560446829718,0.999999999999988,0.999999999999988,0.999999999999988,2
"PR_22April2018_FIA15","l0s10",2018-04-22,"2018_post","FIA15","lXsY",157.73767464132,0.999999999999968,0.999999999999968,0.999999999999968,2
"PR_22April2018_FIA15","l0s11",2018-04-22,"2018_post","FIA15","lXsY",147.228988696074,1,1,1,2
"PR_22April2018_FIA15","l0s12",2018-04-22,"2018_post","FIA15","lXsY",123.566420704895,0.99999999999996,0.99999999999996,0.99999999999996,2
"PR_22April2018_FIA15","l0s13",2018-04-22,"2018_post","FIA15","lXsY",113.04516906427,0.999999999999985,0.999999999999985,0.999999999999985,2
"PR_22April2018_FIA15","l0s14",2018-04-22,"2018_post","FIA15","lXsY",89.387278601113,0.999999999999973,0.999999999999973,0.999999999999973,2
"PR_22April2018_FIA15","l0s2",2018-04-22,"2018_post","FIA15","lXsY",262.954815859355,1,1,1,2
"PR_22April2018_FIA15","l0s3",2018-04-22,"2018_post","FIA15","lXsY",270.837302717914,1,1,1,2
"PR_22April2018_FIA15","l0s4",2018-04-22,"2018_post","FIA15","lXsY",283.951344879864,0.999999999999998,0.999999999999998,0.999999999999998,2
"PR_22April2018_FIA15","l0s5",2018-04-22,"2018_post","FIA15","lXsY",268.191695979446,0.999999999999996,0.999999999999996,0.999999999999996,2
"PR_22April2018_FIA15","l0s6",2018-04-22,"2018_post","FIA15","lXsY",228.74320986966,1,1,1,2
"PR_22April2018_FIA15","l0s7",2018-04-22,"2018_post","FIA15","lXsY",205.075669041733,0.999999999999968,0.999999999999968,0.999999999999968,2
"PR_22April2018_FIA15","l0s8",2018-04-22,"2018_post","FIA15","lXsY",199.806976332177,1,1,1,2
"PR_22April2018_FIA15","l0s9",2018-04-22,"2018_post","FIA15","lXsY",215.593876283853,0.999999999999985,0.999999999999985,0.999999999999985,2
"PR_22April2018_FIA17","l0s0",2018-04-22,"2018_post","FIA17","lXsY",165.67638877472,1,1,1,2
"PR_22April2018_FIA17","l0s1",2018-04-22,"2018_post","FIA17","lXsY",260.361967721345,0.999999999999998,0.999999999999998,0.999999999999998,2
"PR_22April2018_FIA17","l0s10",2018-04-22,"2018_post","FIA17","lXsY",178.861202879965,1,1,1,2
"PR_22April2018_FIA17","l0s11",2018-04-22,"2018_post","FIA17","lXsY",184.12224889902,1,1,1,2
"PR_22April2018_FIA17","l0s12",2018-04-22,"2018_post","FIA17","lXsY",92.0564224085242,1,1,1,2
"PR_22April2018_FIA17","l0s2",2018-04-22,"2018_post","FIA17","lXsY",231.440968002902,1,1,1,2
"PR_22April2018_FIA17","l0s3",2018-04-22,"2018_post","FIA17","lXsY",194.601542449,0.99999999999999,0.99999999999999,0.99999999999999,2
"PR_22April2018_FIA17","l0s4",2018-04-22,"2018_post","FIA17","lXsY",199.868612380056,0.999999999999995,0.999999999999995,0.999999999999995,2
"PR_22April2018_FIA17","l0s5",2018-04-22,"2018_post","FIA17","lXsY",252.481159521987,1,0.999999999999983,0.999999999999995,2
"PR_22April2018_FIA17","l0s6",2018-04-22,"2018_post","FIA17","lXsY",223.556644839689,0.999999999999989,0.999999999999993,0.999999999999993,2
"PR_22April2018_FIA17","l0s7",2018-04-22,"2018_post","FIA17","lXsY",210.417839065002,1,1,1,2
"PR_22April2018_FIA17","l0s8",2018-04-22,"2018_post","FIA17","lXsY",234.087620314941,1,1,1,2
"PR_22April2018_FIA17","l0s9",2018-04-22,"2018_post","FIA17","lXsY",199.901459394772,0.999999999999999,0.999999999999999,0.999999999999999,2
"PR_22April2018_FIA2","l0s1",2018-04-22,"2018_post","FIA2","lXsY",107.692406031576,0.999999999999988,1,0,1
"PR_22April2018_FIA2","l0s10",2018-04-22,"2018_post","FIA2","lXsY",160.216714041033,1,1,0,1
"PR_22April2018_FIA2","l0s11",2018-04-22,"2018_post","FIA2","lXsY",173.348525636693,1,1,0,1
"PR_22April2018_FIA2","l0s12",2018-04-22,"2018_post","FIA2","lXsY",157.588677778613,0.999999999999988,0.999999999999988,0,1
"PR_22April2018_FIA2","l0s13",2018-04-22,"2018_post","FIA2","lXsY",162.838217156419,1,1,0,1
"PR_22April2018_FIA2","l0s14",2018-04-22,"2018_post","FIA2","lXsY",165.455364896884,0.999999999999985,0.999999999999985,0,1
"PR_22April2018_FIA2","l0s15",2018-04-22,"2018_post","FIA2","lXsY",160.206625013562,0.999999999999991,0.999999999999991,0,1
"PR_22April2018_FIA2","l0s16",2018-04-22,"2018_post","FIA2","lXsY",162.827132512468,0.999999999999989,0.999999999999989,0,1
"PR_22April2018_FIA2","l0s17",2018-04-22,"2018_post","FIA2","lXsY",162.829855804382,0.999999999999983,0.999999999999983,0,1
"PR_22April2018_FIA2","l0s18",2018-04-22,"2018_post","FIA2","lXsY",178.580051972441,1,1,0,1
"PR_22April2018_FIA2","l0s19",2018-04-22,"2018_post","FIA2","lXsY",183.832372411934,0.999999999999995,0.999999999999991,0,1
"PR_22April2018_FIA2","l0s2",2018-04-22,"2018_post","FIA2","lXsY",152.349402796024,0.999999999999966,0.999999999999966,0,1
"PR_22April2018_FIA2","l0s3",2018-04-22,"2018_post","FIA2","lXsY",170.737534742375,1,1,0,1
"PR_22April2018_FIA2","l0s4",2018-04-22,"2018_post","FIA2","lXsY",160.221274185193,1,1,0,1
"PR_22April2018_FIA2","l0s5",2018-04-22,"2018_post","FIA2","lXsY",147.099314742883,0.999999999999978,0.999999999999978,0,1
"PR_22April2018_FIA2","l0s6",2018-04-22,"2018_post","FIA2","lXsY",175.977971758854,0.99999999999999,0.99999999999999,0,1
"PR_22April2018_FIA2","l0s7",2018-04-22,"2018_post","FIA2","lXsY",178.609680150551,1,1,0,1
"PR_22April2018_FIA2","l0s8",2018-04-22,"2018_post","FIA2","lXsY",160.22165595337,0.999999999999978,0.999999999999978,0,1
"PR_22April2018_FIA2","l0s9",2018-04-22,"2018_post","FIA2","lXsY",162.848701524267,0.999999999999981,0.999999999999981,0,1
"PR_22April2018_FIA201","l0s0",2018-04-22,"2018_post","FIA201","lXsY",89.3014655289978,0,0.999999999999972,0,0
"PR_22April2018_FIA201","l0s1",2018-04-22,"2018_post","FIA201","lXsY",81.4186911032215,0,0.999999999999947,0,0
"PR_22April2018_FIA201","l0s10",2018-04-22,"2018_post","FIA201","lXsY",136.59364860305,0,0.999999999999971,0.999999999999971,1
"PR_22April2018_FIA201","l0s11",2018-04-22,"2018_post","FIA201","lXsY",133.96703757024,0,0.999999999999985,0.999999999999985,1
"PR_22April2018_FIA201","l0s12",2018-04-22,"2018_post","FIA201","lXsY",105.070239405826,0,1,1,1
"PR_22April2018_FIA201","l0s2",2018-04-22,"2018_post","FIA201","lXsY",105.059981240553,0,0.999999999999996,0.999999999999996,1
"PR_22April2018_FIA201","l0s3",2018-04-22,"2018_post","FIA201","lXsY",136.589743444254,0,1,1,1
"PR_22April2018_FIA201","l0s4",2018-04-22,"2018_post","FIA201","lXsY",141.839752246194,0,0.999999999999981,0.999999999999981,1
"PR_22April2018_FIA201","l0s5",2018-04-22,"2018_post","FIA201","lXsY",131.329114968455,0,1,1,1
"PR_22April2018_FIA201","l0s6",2018-04-22,"2018_post","FIA201","lXsY",141.841083006711,0,0.999999999999996,0.999999999999996,1
"PR_22April2018_FIA201","l0s7",2018-04-22,"2018_post","FIA201","lXsY",141.850013729751,0,0.999999999999986,0.999999999999986,1
"PR_22April2018_FIA201","l0s8",2018-04-22,"2018_post","FIA201","lXsY",136.591754781835,0,0.999999999999989,0.999999999999989,1
"PR_22April2018_FIA201","l0s9",2018-04-22,"2018_post","FIA201","lXsY",139.220780356349,0,0.999999999999963,0.999999999999963,1
"PR_22April2018_FIA203","l0s0",2018-04-22,"2018_post","FIA203","lXsY",91.9840564408884,0,0.999999999999967,1,1
"PR_22April2018_FIA203","l0s1",2018-04-22,"2018_post","FIA203","lXsY",86.7357673649713,0,1,1,1
"PR_22April2018_FIA203","l0s2",2018-04-22,"2018_post","FIA203","lXsY",86.7313485148951,0,1,1,1
"PR_22April2018_FIA203","l0s3",2018-04-22,"2018_post","FIA203","lXsY",86.7269246373966,0,0.999999999999991,0.999999999999991,1
"PR_22April2018_FIA203","l0s4",2018-04-22,"2018_post","FIA203","lXsY",91.9869252348617,0,0.999999999999994,0.999999999999994,1
"PR_22April2018_FIA203","l0s5",2018-04-22,"2018_post","FIA203","lXsY",94.6197690111905,0,0.999999999999993,0.999999999999993,1
"PR_22April2018_FIA203","l0s6",2018-04-22,"2018_post","FIA203","lXsY",86.7453606747314,0,1,1,1
"PR_22April2018_FIA203","l0s7",2018-04-22,"2018_post","FIA203","lXsY",94.6208310397103,0,1,1,1
"PR_22April2018_FIA203","l0s8",2018-04-22,"2018_post","FIA203","lXsY",89.3683566264465,0,0.999999999999969,0.999999999999969,1
"PR_22April2018_FIA211","l0s0",2018-04-22,"2018_post","FIA211","lXsY",120.949681767501,0,0.999999999999999,0.999999999999999,1
"PR_22April2018_FIA211","l0s1",2018-04-22,"2018_post","FIA211","lXsY",126.204291730838,0,0.999999999999975,0.999999999999975,1
"PR_22April2018_FIA211","l0s10",2018-04-22,"2018_post","FIA211","lXsY",134.107052053836,0,0.999999999999992,0.999999999999992,1
"PR_22April2018_FIA211","l0s11",2018-04-22,"2018_post","FIA211","lXsY",131.47189717049,0,0.999999999999987,0.999999999999987,1
"PR_22April2018_FIA211","l0s12",2018-04-22,"2018_post","FIA211","lXsY",134.11674039385,0,0.999999999999993,0.999999999999993,1
"PR_22April2018_FIA211","l0s13",2018-04-22,"2018_post","FIA211","lXsY",115.709365296139,0,0.999999999999996,0.999999999999996,1
"PR_22April2018_FIA211","l0s2",2018-04-22,"2018_post","FIA211","lXsY",128.835812407458,0,0.999999999999996,0.999999999999996,1
"PR_22April2018_FIA211","l0s3",2018-04-22,"2018_post","FIA211","lXsY",131.469138797162,0.0375479396520584,0.999999999999952,0.999999999999952,1
"PR_22April2018_FIA211","l0s4",2018-04-22,"2018_post","FIA211","lXsY",131.473093414828,0.915780679342585,0.999999999999989,0.999999999999989,2
"PR_22April2018_FIA211","l0s5",2018-04-22,"2018_post","FIA211","lXsY",134.097139552446,0.587127771340523,0.999999999999982,0.999999999999981,2
"PR_22April2018_FIA211","l0s6",2018-04-22,"2018_post","FIA211","lXsY",131.473712507124,0.0226797265044963,0.999999999999954,0.999999999999954,1
"PR_22April2018_FIA211","l0s7",2018-04-22,"2018_post","FIA211","lXsY",131.472195509912,0,0.99999999999999,0.99999999999999,1
"PR_22April2018_FIA211","l0s8",2018-04-22,"2018_post","FIA211","lXsY",134.10486895657,0,1,1,1
"PR_22April2018_FIA211","l0s9",2018-04-22,"2018_post","FIA211","lXsY",141.981291598365,0,1,1,1
"PR_22April2018_FIA212","l0s0",2018-04-22,"2018_post","FIA212","lXsY",139.40186935192,0,0.999999999999988,0.999999999999988,1
"PR_22April2018_FIA212","l0s1",2018-04-22,"2018_post","FIA212","lXsY",173.574393159419,0.0599599485188735,0.999999999999993,0.999999999999993,1
"PR_22April2018_FIA212","l0s10",2018-04-22,"2018_post","FIA212","lXsY",165.67659414884,0,1,1,1
"PR_22April2018_FIA212","l0s11",2018-04-22,"2018_post","FIA212","lXsY",168.320680217777,0,0.999999999999968,0.999999999999968,1
"PR_22April2018_FIA212","l0s12",2018-04-22,"2018_post","FIA212","lXsY",126.236639931153,0,1,1,1
"PR_22April2018_FIA212","l0s2",2018-04-22,"2018_post","FIA212","lXsY",165.691394560002,0.669285106938615,0.999999999999971,0.999999999999971,2
"PR_22April2018_FIA212","l0s3",2018-04-22,"2018_post","FIA212","lXsY",170.945612969176,0.736573194694536,0.999999999999999,0.999999999999999,2
"PR_22April2018_FIA212","l0s4",2018-04-22,"2018_post","FIA212","lXsY",165.691449260372,0,1,1,1
"PR_22April2018_FIA212","l0s5",2018-04-22,"2018_post","FIA212","lXsY",168.307009636682,0,0.999999999999997,0.999999999999997,1
"PR_22April2018_FIA212","l0s6",2018-04-22,"2018_post","FIA212","lXsY",168.314750806142,0,0.999999999999983,0.999999999999983,1
"PR_22April2018_FIA212","l0s7",2018-04-22,"2018_post","FIA212","lXsY",165.688584240304,0,0.999999999999976,0.999999999999976,1
"PR_22April2018_FIA212","l0s8",2018-04-22,"2018_post","FIA212","lXsY",165.696678819612,0,1,1,1
"PR_22April2018_FIA212","l0s9",2018-04-22,"2018_post","FIA212","lXsY",173.580366478983,0,0.999999999999997,0.999999999999997,1
"PR_22April2018_FIA3","l0s18",2018-04-22,"2018_post","FIA3","lXsY",86.6926515142262,1,1,1,2
"PR_22April2018_FIA3","l0s19",2018-04-22,"2018_post","FIA3","lXsY",81.4352133215174,1,1,1,2
"PR_22April2018_FIA3","l0s20",2018-04-22,"2018_post","FIA3","lXsY",78.8103391366467,0.999999999999981,0.999999999999981,0.999999999999981,2
"PR_22April2018_FIA3","l0s21",2018-04-22,"2018_post","FIA3","lXsY",81.4334744643986,0.999999999999968,0.999999999999968,0.999999999999968,2
"PR_22April2018_FIA3","l0s22",2018-04-22,"2018_post","FIA3","lXsY",94.5745254869863,1,1,1,2
"PR_22April2018_FIA3","l0s23",2018-04-22,"2018_post","FIA3","lXsY",97.1904417967319,0.99999999999997,0.99999999999997,0.99999999999997,2
"PR_22April2018_FIA3","l0s24",2018-04-22,"2018_post","FIA3","lXsY",99.8272393673971,0.999999999999982,0.999999999999982,0.999999999999982,2
"PR_22April2018_FIA3","l0s25",2018-04-22,"2018_post","FIA3","lXsY",89.3143094001472,0.999999999999989,0.999999999999989,0.999999999999989,2
"PR_22April2018_FIA3","l0s26",2018-04-22,"2018_post","FIA3","lXsY",102.459306923065,0.999999999999995,0.999999999999995,0.999999999999995,2
"PR_22April2018_FIA3","l0s27",2018-04-22,"2018_post","FIA3","lXsY",84.0600171631604,0.999999999999963,0.999999999999963,0.999999999999963,2
"PR_22April2018_FIA3","l0s28",2018-04-22,"2018_post","FIA3","lXsY",84.0611931479409,1,1,1,2
"PR_22April2018_FIA37","l0s0",2018-04-22,"2018_post","FIA37","lXsY",107.760295277573,1,1,1,2
"PR_22April2018_FIA37","l0s1",2018-04-22,"2018_post","FIA37","lXsY",162.973914520618,0.999999999999999,0.999999999999999,0.999999999999999,2
"PR_22April2018_FIA37","l0s10",2018-04-22,"2018_post","FIA37","lXsY",168.241127024911,0.999999999999988,0.999999999999988,0.999999999999988,2
"PR_22April2018_FIA37","l0s11",2018-04-22,"2018_post","FIA37","lXsY",157.732824645425,1,1,1,2
"PR_22April2018_FIA37","l0s12",2018-04-22,"2018_post","FIA37","lXsY",155.103843514995,0.999999999999997,0.999999999999997,0.999999999999997,2
"PR_22April2018_FIA37","l0s13",2018-04-22,"2018_post","FIA37","lXsY",105.158911608124,1,1,1,2
"PR_22April2018_FIA37","l0s2",2018-04-22,"2018_post","FIA37","lXsY",152.452490494674,0.999999999999987,0.999999999999987,0.999999999999987,2
"PR_22April2018_FIA37","l0s3",2018-04-22,"2018_post","FIA37","lXsY",165.591431148092,0.999999999999982,0.999999999999968,0.999999999999982,2
"PR_22April2018_FIA37","l0s4",2018-04-22,"2018_post","FIA37","lXsY",141.95188519446,0.999999999999986,0.999999999999994,0.999999999999986,2
"PR_22April2018_FIA37","l0s5",2018-04-22,"2018_post","FIA37","lXsY",155.087676324371,1,1,1,2
"PR_22April2018_FIA37","l0s6",2018-04-22,"2018_post","FIA37","lXsY",152.466359705597,1,1,1,2
"PR_22April2018_FIA37","l0s7",2018-04-22,"2018_post","FIA37","lXsY",149.834082398298,1,1,1,2
"PR_22April2018_FIA37","l0s8",2018-04-22,"2018_post","FIA37","lXsY",152.466561617766,0.999999999999967,0.999999999999967,0.999999999999967,2
"PR_22April2018_FIA37","l0s9",2018-04-22,"2018_post","FIA37","lXsY",165.618386577709,0.999999999999963,0.999999999999963,0.999999999999963,2
"PR_22April2018_FIA4","l0s0",2018-04-22,"2018_post","FIA4","lXsY",81.4421782524899,1,1,1,2
"PR_22April2018_FIA4","l0s1",2018-04-22,"2018_post","FIA4","lXsY",94.5707544325516,0.999999999999996,0.999999999999996,0.999999999999996,2
"PR_22April2018_FIA4","l0s10",2018-04-22,"2018_post","FIA4","lXsY",99.8316953788325,0.999999999999986,0.999999999999986,0.999999999999986,2
"PR_22April2018_FIA4","l0s11",2018-04-22,"2018_post","FIA4","lXsY",97.2017279408947,0.999999999999979,0.999999999999979,0.999999999999979,2
"PR_22April2018_FIA4","l0s12",2018-04-22,"2018_post","FIA4","lXsY",86.7018838034675,0.999999999999972,0.999999999999972,0.999999999999972,2
"PR_22April2018_FIA4","l0s2",2018-04-22,"2018_post","FIA4","lXsY",94.5712335917145,0.999999999999968,0.999999999999968,0.999999999999968,2
"PR_22April2018_FIA4","l0s3",2018-04-22,"2018_post","FIA4","lXsY",91.9507603274032,1,1,1,2
"PR_22April2018_FIA4","l0s4",2018-04-22,"2018_post","FIA4","lXsY",91.9567772784308,1,1,1,2
"PR_22April2018_FIA4","l0s5",2018-04-22,"2018_post","FIA4","lXsY",99.8191767527103,0.99999999999999,0.99999999999999,0.99999999999999,2
"PR_22April2018_FIA4","l0s6",2018-04-22,"2018_post","FIA4","lXsY",99.8303556650981,1,1,1,2
"PR_22April2018_FIA4","l0s7",2018-04-22,"2018_post","FIA4","lXsY",97.2050650853291,0.999999999999999,0.999999999999999,0.999999999999999,2
"PR_22April2018_FIA4","l0s8",2018-04-22,"2018_post","FIA4","lXsY",91.9493193517879,0.99999999999996,0.99999999999996,0.99999999999996,2
"PR_22April2018_FIA4","l0s9",2018-04-22,"2018_post","FIA4","lXsY",91.944652475591,1,1,1,2
"PR_22April2018_FIA5","l0s0",2018-04-22,"2018_post","FIA5","lXsY",81.4378964677259,0.999999999999988,0.999999999999988,0.999999999999988,2
"PR_22April2018_FIA5","l0s1",2018-04-22,"2018_post","FIA5","lXsY",86.6815314371899,1,1,1,2
"PR_22April2018_FIA5","l0s10",2018-04-22,"2018_post","FIA5","lXsY",84.0625678100273,0.999999999999991,0.999999999999991,0.999999999999991,2
"PR_22April2018_FIA5","l0s11",2018-04-22,"2018_post","FIA5","lXsY",89.3186283038527,0.999999999999991,0.999999999999991,0.999999999999991,2
"PR_22April2018_FIA5","l0s12",2018-04-22,"2018_post","FIA5","lXsY",89.3195168644473,0.999999999999996,0.999999999999996,0.999999999999996,2
"PR_22April2018_FIA5","l0s13",2018-04-22,"2018_post","FIA5","lXsY",94.5642873210818,1,1,1,2
"PR_22April2018_FIA5","l0s14",2018-04-22,"2018_post","FIA5","lXsY",89.3156347323403,0.999999999999991,0.999999999999991,0.999999999999991,2
"PR_22April2018_FIA5","l0s15",2018-04-22,"2018_post","FIA5","lXsY",81.4358550471663,0.999999999999992,0.999999999999992,1,2
"PR_22April2018_FIA5","l0s16",2018-04-22,"2018_post","FIA5","lXsY",97.1979456993684,0.999999999999978,0.999999999999978,1.15273191364884e-05,1
"PR_22April2018_FIA5","l0s2",2018-04-22,"2018_post","FIA5","lXsY",94.5684603081346,1,1,1,2
"PR_22April2018_FIA5","l0s3",2018-04-22,"2018_post","FIA5","lXsY",97.1976324534297,0.999999999999994,0.999999999999994,0.999999999999994,2
"PR_22April2018_FIA5","l0s4",2018-04-22,"2018_post","FIA5","lXsY",89.3080760158852,0.999999999999999,0.999999999999999,0.999999999999999,2
"PR_22April2018_FIA5","l0s5",2018-04-22,"2018_post","FIA5","lXsY",84.061709728077,1,1,1,2
"PR_22April2018_FIA5","l0s6",2018-04-22,"2018_post","FIA5","lXsY",99.8164400162637,0.999999999999952,0.999999999999952,0.999999999999952,2
"PR_22April2018_FIA5","l0s7",2018-04-22,"2018_post","FIA5","lXsY",99.8223727912888,0.999999999999982,0.999999999999982,0.999999999999982,2
"PR_22April2018_FIA5","l0s8",2018-04-22,"2018_post","FIA5","lXsY",84.0656692912519,0.999999999999922,0.999999999999922,0.999999999999922,2
"PR_22April2018_FIA5","l0s9",2018-04-22,"2018_post","FIA5","lXsY",86.6938577452555,1,1,1,2
"PR_24April2018_BG","c0r0",2018-04-24,"2018_post","BG","cXrY",102.632569541757,1,1,0,1
"PR_24April2018_BG","c1r0",2018-04-24,"2018_post","BG","cXrY",102.632300576088,1,1,0,1
"PR_24April2018_BG","c2r0",2018-04-24,"2018_post","BG","cXrY",102.642798616399,1,1,0,1
"PR_24April2018_BG","c3r0",2018-04-24,"2018_post","BG","cXrY",102.637269713242,1,1,0,1
"PR_24April2018_BG","c4r0",2018-04-24,"2018_post","BG","cXrY",102.647886293888,1,1,0,1
"PR_24April2018_BG","c5r0",2018-04-24,"2018_post","BG","cXrY",102.642171134625,0.999999999999961,0.999999999999961,0,1
"PR_24April2018_BG","c6r0",2018-04-24,"2018_post","BG","cXrY",102.641906507371,0.999999999999997,0.999999999999997,0,1
"PR_24April2018_BG","c0r1",2018-04-24,"2018_post","BG","cXrY",102.627095681411,0.999999999999999,0.999999999999999,0,1
"PR_24April2018_BG","c1r1",2018-04-24,"2018_post","BG","cXrY",102.637780506742,0.999999999999982,0.999999999999982,0,1
"PR_24April2018_BG","c2r1",2018-04-24,"2018_post","BG","cXrY",102.637254580913,0.99999999999998,0.99999999999998,0,1
"PR_24April2018_BG","c3r1",2018-04-24,"2018_post","BG","cXrY",102.631466737218,1,1,0,1
"PR_24April2018_BG","c4r1",2018-04-24,"2018_post","BG","cXrY",102.636712989508,0.99999999999998,0.99999999999998,0,1
"PR_24April2018_BG","c5r1",2018-04-24,"2018_post","BG","cXrY",102.641960679141,0.999999999999997,0.999999999999997,0,1
"PR_24April2018_BG","c6r1",2018-04-24,"2018_post","BG","cXrY",102.641873788622,1,1,0,1
"PR_24April2018_BG","c0r2",2018-04-24,"2018_post","BG","cXrY",102.632396453892,0.999999999999995,0.999999999999995,0,1
"PR_24April2018_BG","c1r2",2018-04-24,"2018_post","BG","cXrY",102.637570878443,1,1,0,1
"PR_24April2018_BG","c2r2",2018-04-24,"2018_post","BG","cXrY",102.642745294282,0.999999999999995,0.999999999999995,0,1
"PR_24April2018_BG","c3r2",2018-04-24,"2018_post","BG","cXrY",102.642290802792,1,1,0,1
"PR_24April2018_BG","c4r2",2018-04-24,"2018_post","BG","cXrY",102.642017018262,0.999999999999956,0.999999999999956,0,1
"PR_24April2018_BG","c5r2",2018-04-24,"2018_post","BG","cXrY",102.64193008803,1,1,0,1
"PR_24April2018_BG","c6r2",2018-04-24,"2018_post","BG","cXrY",102.647178882588,0.999999999999995,0.999999999999995,0,1
"PR_25April2018_110","l0s0",2018-04-25,"2018_post","110","lXsY",100.001887527893,1,1,0,1
"PR_25April2018_110","l0s1",2018-04-25,"2018_post","110","lXsY",155.275815010658,0.999999999999998,0.999999999999998,0,1
"PR_25April2018_110","l0s10",2018-04-25,"2018_post","110","lXsY",150.001701539032,0.99999999999999,0.99999999999999,0,1
"PR_25April2018_110","l0s11",2018-04-25,"2018_post","110","lXsY",152.619636550288,0.999999999999993,1,0,1
"PR_25April2018_110","l0s2",2018-04-25,"2018_post","110","lXsY",152.638712793258,1,1,0,1
"PR_25April2018_110","l0s3",2018-04-25,"2018_post","110","lXsY",144.74898672774,0.999999999999999,1,0,1
"PR_25April2018_110","l0s4",2018-04-25,"2018_post","110","lXsY",142.118089170466,1,1,0,1
"PR_25April2018_110","l0s5",2018-04-25,"2018_post","110","lXsY",134.216771105255,1,1,0,1
"PR_25April2018_110","l0s6",2018-04-25,"2018_post","110","lXsY",139.470677292146,1,1,0,1
"PR_25April2018_110","l0s7",2018-04-25,"2018_post","110","lXsY",136.848359976967,0.999999999999998,0.999999999999995,0,1
"PR_25April2018_110","l0s8",2018-04-25,"2018_post","110","lXsY",136.828868668266,1,1,0,1
"PR_25April2018_110","l0s9",2018-04-25,"2018_post","110","lXsY",139.481684083836,0.99999999999999,0.99999999999999,0,1
"PR_25April2018_113","l0s0",2018-04-25,"2018_post","113","lXsY",57.8774930883437,1,1,0,1
"PR_25April2018_113","l0s1",2018-04-25,"2018_post","113","lXsY",57.8681573029265,0.999999999999989,0.999999999999989,0,1
"PR_25April2018_113","l0s2",2018-04-25,"2018_post","113","lXsY",55.2497500403523,0.999999999999999,0.999999999999999,0,1
"PR_25April2018_113","l0s3",2018-04-25,"2018_post","113","lXsY",47.3511236451343,0.999999999999999,0.999999999999999,0,1
"PR_25April2018_219","l0s0",2018-04-25,"2018_post","219","lXsY",86.7975662799418,0,1,0,0
"PR_25April2018_219","l0s1",2018-04-25,"2018_post","219","lXsY",120.986066976172,0,0.999999999999973,0,0
"PR_25April2018_219","l0s10",2018-04-25,"2018_post","219","lXsY",113.093495715109,0,0.999999999999996,0,0
"PR_25April2018_219","l0s11",2018-04-25,"2018_post","219","lXsY",42.0830782236874,0,0.999999999999965,0,0
"PR_25April2018_219","l0s2",2018-04-25,"2018_post","219","lXsY",113.095756554869,0,1,0,0
"PR_25April2018_219","l0s3",2018-04-25,"2018_post","219","lXsY",118.363102403115,0,0.999999999999987,0,0
"PR_25April2018_219","l0s4",2018-04-25,"2018_post","219","lXsY",118.362500810015,0,0.999999999999967,0,0
"PR_25April2018_219","l0s5",2018-04-25,"2018_post","219","lXsY",115.722715891567,0,0.999999999999984,0,0
"PR_25April2018_219","l0s6",2018-04-25,"2018_post","219","lXsY",115.722252543774,0,0.999999999999993,0,0
"PR_25April2018_219","l0s7",2018-04-25,"2018_post","219","lXsY",118.354336961263,0,0.99999999999999,0,0
"PR_25April2018_219","l0s8",2018-04-25,"2018_post","219","lXsY",115.721317332585,0,0.999999999999957,0,0
"PR_25April2018_219","l0s9",2018-04-25,"2018_post","219","lXsY",120.985851812513,0,0.999999999999955,0,0
"PR_25April2018_220","l0s0",2018-04-25,"2018_post","220","lXsY",49.9826072214484,0,1,0,0
"PR_25April2018_220","l0s1",2018-04-25,"2018_post","220","lXsY",57.8768138684779,0,1,0,0
"PR_25April2018_220","l0s2",2018-04-25,"2018_post","220","lXsY",57.8791160571367,0,0.999999999999938,0,0
"PR_25April2018_220","l0s3",2018-04-25,"2018_post","220","lXsY",47.3537985094726,0,0.999999999999998,0,0
"PR_25April2018_48","l0s0",2018-04-25,"2018_post","48","lXsY",52.6231976292819,1,1,0,1
"PR_25April2018_48","l0s1",2018-04-25,"2018_post","48","lXsY",44.7232949564479,0.999999999999961,0.999999999999961,0,1
"PR_25April2018_48","l0s10",2018-04-25,"2018_post","48","lXsY",44.7311234754652,0.99999999999998,0.99999999999998,0,1
"PR_25April2018_48","l0s11",2018-04-25,"2018_post","48","lXsY",49.9957738613509,1,1,0,1
"PR_25April2018_48","l0s12",2018-04-25,"2018_post","48","lXsY",52.6282186370723,0.999999999999971,0.999999999999992,0,1
"PR_25April2018_48","l0s13",2018-04-25,"2018_post","48","lXsY",68.4233639843136,0.999999999999982,0.999999999999982,0,1
"PR_25April2018_48","l0s14",2018-04-25,"2018_post","48","lXsY",63.1586395551115,0.999999999999944,0.999999999999944,0,1
"PR_25April2018_48","l0s2",2018-04-25,"2018_post","48","lXsY",47.3664368845172,0.999999999999959,0.999999999999959,0,1
"PR_25April2018_48","l0s3",2018-04-25,"2018_post","48","lXsY",47.3583660225943,1,1,0,1
"PR_25April2018_48","l0s4",2018-04-25,"2018_post","48","lXsY",47.358449892047,0.999999999999998,0.999999999999962,0,1
"PR_25April2018_48","l0s5",2018-04-25,"2018_post","48","lXsY",55.2579228644125,0.999999999999967,0.999999999999987,0,1
"PR_25April2018_48","l0s6",2018-04-25,"2018_post","48","lXsY",63.1548471269131,0.99999999999996,0.99999999999996,0,1
"PR_25April2018_48","l0s7",2018-04-25,"2018_post","48","lXsY",63.1580005931333,0.999999999999955,0.999999999999955,0,1
"PR_25April2018_48","l0s8",2018-04-25,"2018_post","48","lXsY",47.3636086214811,1,1,0,1
"PR_25April2018_48","l0s9",2018-04-25,"2018_post","48","lXsY",44.73663053312,1,1,0,1
"PR_25April2018_49","l0s0",2018-04-25,"2018_post","49","lXsY",44.7246725478411,1,1,0,1
"PR_25April2018_49","l0s1",2018-04-25,"2018_post","49","lXsY",55.2533645765014,1,1,0,1
"PR_25April2018_49","l0s10",2018-04-25,"2018_post","49","lXsY",63.1568523026243,0.999999999999958,1,0,1
"PR_25April2018_49","l0s11",2018-04-25,"2018_post","49","lXsY",73.684031054981,0.999999999999992,0.999999999999992,0,1
"PR_25April2018_49","l0s12",2018-04-25,"2018_post","49","lXsY",49.9932197274439,0.999999999999954,0.999999999999954,0,1
"PR_25April2018_49","l0s2",2018-04-25,"2018_post","49","lXsY",60.5149533424184,0.999999999999951,0.999999999999951,0,1
"PR_25April2018_49","l0s3",2018-04-25,"2018_post","49","lXsY",63.1405691604435,0.999999999999936,0.999999999999936,0,1
"PR_25April2018_49","l0s4",2018-04-25,"2018_post","49","lXsY",63.1522407399386,1,1,0,1
"PR_25April2018_49","l0s5",2018-04-25,"2018_post","49","lXsY",55.2484372111261,1,1,0,1
"PR_25April2018_49","l0s6",2018-04-25,"2018_post","49","lXsY",63.147525189282,0.999999999999931,0.999999999999931,0,1
"PR_25April2018_49","l0s7",2018-04-25,"2018_post","49","lXsY",60.5206405571401,1,1,0,1
"PR_25April2018_49","l0s8",2018-04-25,"2018_post","49","lXsY",60.5199418404162,0.999999999999971,0.999999999999971,0,1
"PR_25April2018_49","l0s9",2018-04-25,"2018_post","49","lXsY",57.8981750836566,0.99999999999997,1,0,1
"PR_25April2018_56","l0s4",2018-04-25,"2018_post","56","lXsY",126.276326826826,0.999999999999946,0.999999999999946,0,1
"PR_25April2018_56","l0s5",2018-04-25,"2018_post","56","lXsY",105.237974585272,0.999999999999991,0.999999999999991,0,1
"PR_25April2018_56","l0s6",2018-04-25,"2018_post","56","lXsY",149.965923367107,1,1,0,1
"PR_25April2018_56","l0s7",2018-04-25,"2018_post","56","lXsY",171.009777131999,0.999999999999982,0.999999999999982,0,1
"PR_25April2018_56","l0s8",2018-04-25,"2018_post","56","lXsY",157.855652129346,0.999999999999979,0.999999999999979,0,1
"PR_25April2018_60","l0s0",2018-04-25,"2018_post","60","lXsY",47.3915635306589,1,1,0,1
"PR_25April2018_60","l0s1",2018-04-25,"2018_post","60","lXsY",42.1249680752613,1,1,0.30433347527433,1
"PR_25April2018_60","l0s2",2018-04-25,"2018_post","60","lXsY",47.3853043647423,1,0.999999999999988,0.703454322516675,2
"PR_25April2018_60","l0s3",2018-04-25,"2018_post","60","lXsY",55.2900179329246,0.999999999999981,0.999999999999981,0.208844707154895,1
"PR_25April2018_60","l0s4",2018-04-25,"2018_post","60","lXsY",121.117051579133,1,1,0.0623197993987521,1
"PR_25April2018_61_62","l0s1",2018-04-25,"2018_post","61_62","lXsY",173.761210156742,1,0.999999999999992,0.15541495834502,1
"PR_25April2018_61_62","l0s2",2018-04-25,"2018_post","61_62","lXsY",200.109069094923,0.999999999999991,0.999999999999991,0.279807636233834,1
"PR_25April2018_61_62","l0s3",2018-04-25,"2018_post","61_62","lXsY",213.265290811574,0.999999999999969,0.999999999999997,0.623248292750434,2
"PR_25April2018_61_62","l0s4",2018-04-25,"2018_post","61_62","lXsY",194.818516070366,0.999999999999992,0.999999999999992,0.999999999999992,2
"PR_25April2018_63_64_70","l0s10",2018-04-25,"2018_post","63_64_70","lXsY",289.631820421767,1,0.999999999999996,0.0788094455983867,1
"PR_25April2018_63_64_70","l0s8",2018-04-25,"2018_post","63_64_70","lXsY",310.659660850781,0.999999999999977,0.999999999999996,0,1
"PR_25April2018_63_64_70","l0s9",2018-04-25,"2018_post","63_64_70","lXsY",334.372765508199,0.999999999999992,0.999999999999995,0,1
"PR_25April2018_65","l0s0",2018-04-25,"2018_post","65","lXsY",52.6592525326401,1,1,0,1
"PR_25April2018_65","l0s1",2018-04-25,"2018_post","65","lXsY",68.4494064634174,0.999999999999984,0.999999999999984,0,1
"PR_25April2018_65","l0s2",2018-04-25,"2018_post","65","lXsY",60.5527920540512,0.999999999999977,0.999999999999977,0,1
"PR_25April2018_65","l0s3",2018-04-25,"2018_post","65","lXsY",68.4531048665017,1,0.99999999999996,0,1
"PR_25April2018_65","l0s4",2018-04-25,"2018_post","65","lXsY",60.5573043010324,1,1,0,1
"PR_25April2018_65","l0s5",2018-04-25,"2018_post","65","lXsY",55.2897440848708,0.999999999999879,1,0,1
"PR_25April2018_65","l0s6",2018-04-25,"2018_post","65","lXsY",50.0180503720045,0.999999999999964,0.999999999999964,0,1
"PR_25April2018_65","l0s7",2018-04-25,"2018_post","65","lXsY",113.203997433934,0.999999999999988,0.99999999999998,0,1
"PR_25April2018_66","l0s0",2018-04-25,"2018_post","66","lXsY",55.2899507495776,0.999999999999925,0.999999999999925,7.66254815869738e-06,1
"PR_25April2018_66","l0s1",2018-04-25,"2018_post","66","lXsY",63.1885573059097,0.999999999999997,0.999999999999997,0.999999999999997,2
"PR_25April2018_66","l0s2",2018-04-25,"2018_post","66","lXsY",60.5577652477428,1,0.999999999999995,0.999999999999995,2
"PR_25April2018_66","l0s3",2018-04-25,"2018_post","66","lXsY",63.193951044187,1,1,1,2
"PR_25April2018_66","l0s4",2018-04-25,"2018_post","66","lXsY",57.9299262714311,0.999999999999957,0.999999999999957,0.999999999999957,2
"PR_25April2018_66","l0s5",2018-04-25,"2018_post","66","lXsY",52.657099130106,1,1,1,2
"PR_25April2018_66","l0s6",2018-04-25,"2018_post","66","lXsY",39.4981962683685,1,1,1,2
"PR_25April2018_67","l0s0",2018-04-25,"2018_post","67","lXsY",76.3628413477764,0.999999999999976,0.999999999999976,9.34122256116358e-06,1
"PR_25April2018_67","l0s1",2018-04-25,"2018_post","67","lXsY",76.3712301505595,0.99999999999996,0.99999999999996,0.99999999999999,2
"PR_25April2018_67","l0s2",2018-04-25,"2018_post","67","lXsY",71.0940828020111,0.999999999999959,0.999999999999959,0.999999999999959,2
"PR_25April2018_67","l0s3",2018-04-25,"2018_post","67","lXsY",68.472023660849,1,1,1,2
"PR_25April2018_67","l0s4",2018-04-25,"2018_post","67","lXsY",71.0956034084827,1,1,1,2
"PR_25April2018_67","l0s5",2018-04-25,"2018_post","67","lXsY",73.7346399850428,1,1,1,2
"PR_25April2018_67","l0s6",2018-04-25,"2018_post","67","lXsY",52.6698123629481,0.999999999999971,0.999999999999971,0.999999999999971,2
"PR_25April2018_68","l0s1",2018-04-25,"2018_post","68","lXsY",179.074567897967,1,1,1,2
"PR_25April2018_68","l0s2",2018-04-25,"2018_post","68","lXsY",160.628288076615,0.999999999999928,0.999999999999928,0.999999999999928,2
"PR_25April2018_68","l0s3",2018-04-25,"2018_post","68","lXsY",165.910031630725,0.999999999999995,0.999999999999995,0.999999999999995,2
"PR_25April2018_68","l0s4",2018-04-25,"2018_post","68","lXsY",158.010647351158,0.999999999999996,0.999999999999996,0.999999999999996,2
"PR_25April2018_68","l0s5",2018-04-25,"2018_post","68","lXsY",139.576570037672,0.999999999999983,1,0.999999999999983,2
"PR_25April2018_69","l0s2",2018-04-25,"2018_post","69","lXsY",113.211908803001,0.999999999999978,0.999999999999952,0,1
"PR_25April2018_69","l0s3",2018-04-25,"2018_post","69","lXsY",113.216763880032,0.999999999999956,0.999999999999956,0.3962892037387,1
"PR_25April2018_69","l0s4",2018-04-25,"2018_post","69","lXsY",100.043238714778,1,1,0.447333771832838,1
"PR_25April2018_69","l0s5",2018-04-25,"2018_post","69","lXsY",52.660083657378,0.99999999999997,0.99999999999997,0,1
"PR_25April2018_75","l0s0",2018-04-25,"2018_post","75","lXsY",97.4229593576074,1,1,0,1
"PR_25April2018_75","l0s1",2018-04-25,"2018_post","75","lXsY",97.4098571352318,1,0.999999999999978,0.806519903853336,2
"PR_25April2018_75","l0s10",2018-04-25,"2018_post","75","lXsY",102.693486980078,0.999999999999987,0.999999999999992,0,1
"PR_25April2018_75","l0s11",2018-04-25,"2018_post","75","lXsY",107.962922054812,1,1,0,1
"PR_25April2018_75","l0s12",2018-04-25,"2018_post","75","lXsY",100.063000377876,1,1,0,1
"PR_25April2018_75","l0s13",2018-04-25,"2018_post","75","lXsY",107.973868475369,0.999999999999968,0.999999999999968,0,1
"PR_25April2018_75","l0s14",2018-04-25,"2018_post","75","lXsY",105.340595555848,1,1,0,1
"PR_25April2018_75","l0s15",2018-04-25,"2018_post","75","lXsY",97.445238547352,1,1,0,1
"PR_25April2018_75","l0s16",2018-04-25,"2018_post","75","lXsY",107.965242136756,0.999999999999937,0.999999999999937,0,1
"PR_25April2018_75","l0s17",2018-04-25,"2018_post","75","lXsY",102.70648512474,1,1,0,1
"PR_25April2018_75","l0s18",2018-04-25,"2018_post","75","lXsY",110.612625534251,0.999999999999949,0.999999999999949,0,1
"PR_25April2018_75","l0s19",2018-04-25,"2018_post","75","lXsY",102.70080736652,0.999999999999962,0.999999999999962,0,1
"PR_25April2018_75","l0s2",2018-04-25,"2018_post","75","lXsY",105.314174931154,0.999999999999999,0.999999999999999,0.449063186837255,1
"PR_25April2018_75","l0s3",2018-04-25,"2018_post","75","lXsY",107.947106134978,0.999999999999974,0.999999999999976,0,1
"PR_25April2018_75","l0s4",2018-04-25,"2018_post","75","lXsY",118.489529122183,1,1,0,1
"PR_25April2018_75","l0s5",2018-04-25,"2018_post","75","lXsY",110.588436465162,1,1,0,1
"PR_25April2018_75","l0s6",2018-04-25,"2018_post","75","lXsY",105.319494853887,0.999999999999974,0.999999999999974,0.858304469945492,2
"PR_25April2018_75","l0s7",2018-04-25,"2018_post","75","lXsY",107.952716997549,1,1,0.012013612147624,1
"PR_25April2018_75","l0s8",2018-04-25,"2018_post","75","lXsY",102.693941002741,1,1,0,1
"PR_25April2018_75","l0s9",2018-04-25,"2018_post","75","lXsY",97.4295005371362,0.999999999999984,1,0,1
"PR_25April2018_EV1","c2r0",2018-04-25,"2018_post","EV1","cXrY",102.662532591181,1,1,1,2
"PR_25April2018_EV1","c3r0",2018-04-25,"2018_post","EV1","cXrY",102.673240829468,0.999999999999993,0.999999999999993,0.999999999999993,2
"PR_25April2018_EV1","c1r1",2018-04-25,"2018_post","EV1","cXrY",102.673554944335,0.999999999999957,0.999999999999957,0,1
"PR_25April2018_EV1","c2r1",2018-04-25,"2018_post","EV1","cXrY",102.673553551802,1,1,1,2
"PR_25April2018_EV1","c3r1",2018-04-25,"2018_post","EV1","cXrY",102.678568810368,0.999999999999984,0.999999999999984,0.999999999999984,2
"PR_25April2018_EV1","c4r1",2018-04-25,"2018_post","EV1","cXrY",102.678487408848,0.999999999999994,0.999999999999994,0.999999999999994,2
"PR_25April2018_EV1","c5r1",2018-04-25,"2018_post","EV1","cXrY",102.67254639678,1,1,1,2
"PR_25April2018_EV1","c1r2",2018-04-25,"2018_post","EV1","cXrY",102.673364470825,1,1,0,1
"PR_25April2018_EV1","c2r2",2018-04-25,"2018_post","EV1","cXrY",102.667669283377,0.999999999999974,0.999999999999974,0,1
"PR_25April2018_EV1","c3r2",2018-04-25,"2018_post","EV1","cXrY",102.678297359689,1,1,1,2
"PR_25April2018_EV1","c4r2",2018-04-25,"2018_post","EV1","cXrY",102.672603921855,0.99999999999997,0.99999999999997,0.99999999999997,2
"PR_25April2018_EV1","c5r2",2018-04-25,"2018_post","EV1","cXrY",102.672778277555,0.999999999999997,0.999999999999997,0.999999999999997,2
"PR_25April2018_EV1","c6r2",2018-04-25,"2018_post","EV1","cXrY",102.67754056792,1,0.999999999999972,0.999999999999972,2
"PR_25April2018_EV1","c7r2",2018-04-25,"2018_post","EV1","cXrY",102.672022923726,0.999999999999929,0.999999999999929,0.999999999999929,2
"PR_25April2018_EV1","c3r3",2018-04-25,"2018_post","EV1","cXrY",102.672837944131,1,1,0,1
"PR_25April2018_EV1","c4r3",2018-04-25,"2018_post","EV1","cXrY",102.672416555573,0.999999999999975,0.999999999999975,0.999999999999975,2
"PR_25April2018_EV1","c5r3",2018-04-25,"2018_post","EV1","cXrY",102.672335382459,0.999999999999975,0.999999999999975,0.999999999999975,2
"PR_25April2018_EV1","c6r3",2018-04-25,"2018_post","EV1","cXrY",102.683047739708,0.999999999999948,0.999999999999948,0.999999999999948,2
"PR_25April2018_EV1","c7r3",2018-04-25,"2018_post","EV1","cXrY",102.677357181278,0.999999999999999,0.999999999999999,0.999999999999999,2
"PR_25April2018_EV1","c5r4",2018-04-25,"2018_post","EV1","cXrY",102.677670924199,0.999999999999967,0.999999999999967,0,1
"PR_25April2018_EV1","c6r4",2018-04-25,"2018_post","EV1","cXrY",102.682863222486,1,1,0,1
"PR_25April2018_EV1","c7r4",2018-04-25,"2018_post","EV1","cXrY",102.677172925732,0.999999999999975,1,0.999999999999975,2
"PR_25April2018_EV2","c7r0",2018-04-25,"2018_post","EV2","cXrY",102.691532176653,0.999999999999953,0.999999999999953,0.887455971113984,2
"PR_25April2018_EV2","c8r0",2018-04-25,"2018_post","EV2","cXrY",102.680326772791,1,1,0,1
"PR_25April2018_EV2","c9r0",2018-04-25,"2018_post","EV2","cXrY",102.696322214913,0.999999999999998,0.999999999999998,0,1
"PR_25April2018_EV2","c10r0",2018-04-25,"2018_post","EV2","cXrY",102.696333604953,1,1,0,1
"PR_25April2018_EV2","c6r1",2018-04-25,"2018_post","EV2","cXrY",102.680626406929,0.999999999999957,0.999999999999943,0,1
"PR_25April2018_EV2","c7r1",2018-04-25,"2018_post","EV2","cXrY",102.691345373985,0.999999999999932,0.999999999999932,0.897383851793583,2
"PR_25April2018_EV2","c8r1",2018-04-25,"2018_post","EV2","cXrY",102.696790235129,0.999999999999995,0.999999999999995,0,1
"PR_25April2018_EV2","c9r1",2018-04-25,"2018_post","EV2","cXrY",102.691020333284,0.999999999999966,0.999999999999966,0.0445975979817256,1
"PR_25April2018_EV2","c5r2",2018-04-25,"2018_post","EV2","cXrY",102.691810123545,0.999999999999996,0.999999999999937,0,1
"PR_25April2018_EV2","c6r2",2018-04-25,"2018_post","EV2","cXrY",102.680602333504,0.999999999999968,0.999999999999968,0,1
"PR_25April2018_EV2","c7r2",2018-04-25,"2018_post","EV2","cXrY",102.685629602638,1,1,0.889547759338223,2
"PR_25April2018_EV2","c8r2",2018-04-25,"2018_post","EV2","cXrY",102.690826225787,0.999999999999927,0.999999999999927,0.010066849294448,1
"PR_25April2018_EV2","c4r3",2018-04-25,"2018_post","EV2","cXrY",102.681156626341,1,1,0,1
"PR_25April2018_EV2","c5r3",2018-04-25,"2018_post","EV2","cXrY",102.691626979259,0.999999999999994,0.999999999999994,0,1
"PR_25April2018_EV2","c6r3",2018-04-25,"2018_post","EV2","cXrY",102.691633621028,1,1,0,1
"PR_25April2018_EV2","c7r3",2018-04-25,"2018_post","EV2","cXrY",102.702098665324,1,1,0.801277361166709,2
"PR_25April2018_EV2","c3r4",2018-04-25,"2018_post","EV2","cXrY",102.680969882697,0.999999999999996,0.999999999999996,0.987247678980803,2
"PR_25April2018_EV2","c4r4",2018-04-25,"2018_post","EV2","cXrY",102.67545280169,0.999999999999947,0.999999999999947,0.11879866765863,1
"PR_25April2018_EV2","c5r4",2018-04-25,"2018_post","EV2","cXrY",102.685915463409,1,1,0,1
"PR_25April2018_EV2","c6r4",2018-04-25,"2018_post","EV2","cXrY",102.680399547949,0.999999999999992,0.999999999999992,0,1
"PR_25April2018_EV2","c2r5",2018-04-25,"2018_post","EV2","cXrY",102.681032634738,1,1,0.879723458221022,2
"PR_25April2018_EV2","c3r5",2018-04-25,"2018_post","EV2","cXrY",102.675515235096,0.999999999999998,0.999999999999998,0.999999999999998,2
"PR_25April2018_EV2","c4r5",2018-04-25,"2018_post","EV2","cXrY",102.680710264298,1,1,0.120333031645356,1
"PR_25April2018_EV2","c5r5",2018-04-25,"2018_post","EV2","cXrY",102.685736473194,0.999999999999988,0.999999999999988,0,1
"PR_25April2018_EV2","c3r6",2018-04-25,"2018_post","EV2","cXrY",102.680775097814,1,1,0.881248818673025,2
"PR_25April2018_FIA221","l0s0",2018-04-25,"2018_post","FIA221","lXsY",92.106973417899,0,0.999999999999969,0,0
"PR_25April2018_FIA221","l0s1",2018-04-25,"2018_post","FIA221","lXsY",92.1127189388603,0,0.999999999999983,0,0
"PR_25April2018_FIA221","l0s2",2018-04-25,"2018_post","FIA221","lXsY",86.8474228899673,0.491885489761274,0.999999999999989,0,0
"PR_25April2018_FIA221","l0s3",2018-04-25,"2018_post","FIA221","lXsY",89.4818751913369,0.761044071157052,0.999999999999995,0,1
"PR_25April2018_FIA221","l0s4",2018-04-25,"2018_post","FIA221","lXsY",92.1072922852561,0.923182795345296,0.999999999999956,0,1
"PR_25April2018_FIA221","l0s5",2018-04-25,"2018_post","FIA221","lXsY",86.8520112320945,0.299059937816528,1,0,0
"PR_25April2018_FIA221","l0s6",2018-04-25,"2018_post","FIA221","lXsY",50.0071712973274,0,1,0,0
"PR_25April2018_FIA222","l0s0",2018-04-25,"2018_post","FIA222","lXsY",100.043179252824,0,1,0,0
"PR_25April2018_FIA222","l0s1",2018-04-25,"2018_post","FIA222","lXsY",94.7760340530008,0,1,0,0
"PR_25April2018_FIA222","l0s2",2018-04-25,"2018_post","FIA222","lXsY",92.1400926162988,0,1,0,0
"PR_25April2018_FIA222","l0s3",2018-04-25,"2018_post","FIA222","lXsY",100.040305439052,0,0.999999999999997,0,0
"PR_25April2018_FIA222","l0s4",2018-04-25,"2018_post","FIA222","lXsY",92.1433838152155,0,1,0,0
"PR_25April2018_FIA222","l0s5",2018-04-25,"2018_post","FIA222","lXsY",94.7728504406214,0,0.999999999999994,0,0
"PR_25April2018_FIA222","l0s6",2018-04-25,"2018_post","FIA222","lXsY",92.1514887064874,0,0.999999999999972,0,0
"PR_25April2018_FIA222","l0s7",2018-04-25,"2018_post","FIA222","lXsY",102.689416390711,0,0.999999999999965,0,0
"PR_25April2018_FIA222","l0s8",2018-04-25,"2018_post","FIA222","lXsY",89.5140173416331,0,1,0,0
"PR_25April2018_FIA25","l0s1",2018-04-25,"2018_post","FIA25","lXsY",84.189221587564,1,1,0,1
"PR_25April2018_FIA25","l0s10",2018-04-25,"2018_post","FIA25","lXsY",94.7225957106739,0.999999999999988,0.999999999999988,0,1
"PR_25April2018_FIA25","l0s11",2018-04-25,"2018_post","FIA25","lXsY",81.5784366416871,0.999999999999935,0.999999999999935,0,1
"PR_25April2018_FIA25","l0s12",2018-04-25,"2018_post","FIA25","lXsY",84.2024207010046,1,1,0,1
"PR_25April2018_FIA25","l0s13",2018-04-25,"2018_post","FIA25","lXsY",97.3573602975011,0.999999999999992,0.999999999999992,0,1
"PR_25April2018_FIA25","l0s14",2018-04-25,"2018_post","FIA25","lXsY",94.7380413342878,1,1,0,1
"PR_25April2018_FIA25","l0s15",2018-04-25,"2018_post","FIA25","lXsY",84.2078984742388,0.999999999999992,0.999999999999992,0,1
"PR_25April2018_FIA25","l0s16",2018-04-25,"2018_post","FIA25","lXsY",84.2082688943043,1,1,0,1
"PR_25April2018_FIA25","l0s17",2018-04-25,"2018_post","FIA25","lXsY",89.4778695943698,0.999999999999983,0.999999999999983,0,1
"PR_25April2018_FIA25","l0s18",2018-04-25,"2018_post","FIA25","lXsY",86.8479571095794,1,1,0,1
"PR_25April2018_FIA25","l0s19",2018-04-25,"2018_post","FIA25","lXsY",86.8482256204024,0.999999999999997,0.999999999999997,0,1
"PR_25April2018_FIA25","l0s2",2018-04-25,"2018_post","FIA25","lXsY",89.4595430214718,0.99999999999999,0.99999999999999,0,1
"PR_25April2018_FIA25","l0s20",2018-04-25,"2018_post","FIA25","lXsY",89.4732435529485,1,1,0,1
"PR_25April2018_FIA25","l0s21",2018-04-25,"2018_post","FIA25","lXsY",81.5821105089679,1,1,0,1
"PR_25April2018_FIA25","l0s22",2018-04-25,"2018_post","FIA25","lXsY",81.5872887405753,0.999999999999971,0.999999999999971,0,1
"PR_25April2018_FIA25","l0s23",2018-04-25,"2018_post","FIA25","lXsY",84.2156679312989,1,1,0,1
"PR_25April2018_FIA25","l0s24",2018-04-25,"2018_post","FIA25","lXsY",86.8519124143735,1,1,0,1
"PR_25April2018_FIA25","l0s25",2018-04-25,"2018_post","FIA25","lXsY",84.2304964477166,0.999999999999996,0.999999999999996,0,1
"PR_25April2018_FIA25","l0s26",2018-04-25,"2018_post","FIA25","lXsY",89.4856231569395,0.99999999999998,0.99999999999998,0,1
"PR_25April2018_FIA25","l0s27",2018-04-25,"2018_post","FIA25","lXsY",86.8498954865918,0.999999999999994,0.999999999999994,0,1
"PR_25April2018_FIA25","l0s28",2018-04-25,"2018_post","FIA25","lXsY",86.8596835711166,1,1,0,1
"PR_25April2018_FIA25","l0s29",2018-04-25,"2018_post","FIA25","lXsY",86.8493087442547,0.999999999999974,0.999999999999974,0,1
"PR_25April2018_FIA25","l0s3",2018-04-25,"2018_post","FIA25","lXsY",94.7182399724975,1,1,0,1
"PR_25April2018_FIA25","l0s30",2018-04-25,"2018_post","FIA25","lXsY",92.129279597117,1,1,0,1
"PR_25April2018_FIA25","l0s31",2018-04-25,"2018_post","FIA25","lXsY",94.7597770427048,0.999999999999962,0.999999999999962,0,1
"PR_25April2018_FIA25","l0s32",2018-04-25,"2018_post","FIA25","lXsY",92.1297087957546,0.999999999999996,0.999999999999996,0,1
"PR_25April2018_FIA25","l0s33",2018-04-25,"2018_post","FIA25","lXsY",92.1343552553937,1,1,0,1
"PR_25April2018_FIA25","l0s34",2018-04-25,"2018_post","FIA25","lXsY",52.6482384981975,0.999999999999993,0.999999999999993,0,1
"PR_25April2018_FIA25","l0s35",2018-04-25,"2018_post","FIA25","lXsY",57.9141203324452,0.999999999999977,0.999999999999925,0,1
"PR_25April2018_FIA25","l0s4",2018-04-25,"2018_post","FIA25","lXsY",86.8285833902985,1,1,0,1
"PR_25April2018_FIA25","l0s5",2018-04-25,"2018_post","FIA25","lXsY",81.5596250558048,1,1,0,1
"PR_25April2018_FIA25","l0s6",2018-04-25,"2018_post","FIA25","lXsY",84.1932816474616,0.999999999999934,0.999999999999934,0,1
"PR_25April2018_FIA25","l0s7",2018-04-25,"2018_post","FIA25","lXsY",84.1887189356595,0.999999999999985,0.999999999999985,0,1
"PR_25April2018_FIA25","l0s8",2018-04-25,"2018_post","FIA25","lXsY",86.8237041748151,1,1,0,1
"PR_25April2018_FIA25","l0s9",2018-04-25,"2018_post","FIA25","lXsY",94.7278933477521,1,1,0,1
"PR_25April2018_FIA27","l0s10",2018-04-25,"2018_post","FIA27","lXsY",157.98375131813,1,1,1,2
"PR_25April2018_FIA27","l0s11",2018-04-25,"2018_post","FIA27","lXsY",150.083051384866,1,1,1,2
"PR_25April2018_FIA27","l0s12",2018-04-25,"2018_post","FIA27","lXsY",136.922101834139,0.999999999999945,0.999999999999945,0.999999999999945,2
"PR_25April2018_FIA27","l0s13",2018-04-25,"2018_post","FIA27","lXsY",107.963809994048,0.999999999999935,0.999999999999935,0.999999999999935,2
"PR_25April2018_FIA27","l0s14",2018-04-25,"2018_post","FIA27","lXsY",123.749280164975,1,1,1,2
"PR_25April2018_FIA27","l0s15",2018-04-25,"2018_post","FIA27","lXsY",118.501120085141,0.999999999999971,0.999999999999971,0.999999999999971,2
"PR_25April2018_FIA27","l0s16",2018-04-25,"2018_post","FIA27","lXsY",121.118570512065,0.999999999999988,0.999999999999958,0.999999999999944,2
"PR_25April2018_FIA27","l0s17",2018-04-25,"2018_post","FIA27","lXsY",129.028940696237,1,0.999999999999982,0,1
"PR_25April2018_FIA27","l0s3",2018-04-25,"2018_post","FIA27","lXsY",184.302577996781,0.999999999999977,0.999999999999977,1.56225787419282e-05,1
"PR_25April2018_FIA27","l0s4",2018-04-25,"2018_post","FIA27","lXsY",192.203479717755,0.999999999999993,0.999999999999993,0.999999999999993,2
"PR_25April2018_FIA27","l0s5",2018-04-25,"2018_post","FIA27","lXsY",186.940822984943,0.999999999999986,0.999999999999986,0.999999999999986,2
"PR_25April2018_FIA27","l0s6",2018-04-25,"2018_post","FIA27","lXsY",179.032013957995,0.999999999999997,0.999999999999997,0.999999999999997,2
"PR_25April2018_FIA27","l0s7",2018-04-25,"2018_post","FIA27","lXsY",165.881042539373,0.999999999999948,0.999999999999948,0.999999999999948,2
"PR_25April2018_FIA27","l0s8",2018-04-25,"2018_post","FIA27","lXsY",163.242938792524,1,1,1,2
"PR_25April2018_FIA27","l0s9",2018-04-25,"2018_post","FIA27","lXsY",160.626389672932,0.999999999999972,0.999999999999972,0.999999999999972,2
"PR_25April2018_FIA28","l0s2",2018-04-25,"2018_post","FIA28","lXsY",86.8868095428556,0.999999999999915,0.999999999999915,0.999999999999958,2
"PR_25April2018_FIA28","l0s3",2018-04-25,"2018_post","FIA28","lXsY",94.7942057996273,1,1,1,2
"PR_25April2018_FIA28","l0s4",2018-04-25,"2018_post","FIA28","lXsY",92.1541954458207,0.999999999999918,0.999999999999918,0.999999999999958,2
"PR_25April2018_FIA28","l0s5",2018-04-25,"2018_post","FIA28","lXsY",92.1546052677453,0.999999999999983,0.999999999999983,1,2
"PR_25April2018_FIA28","l0s6",2018-04-25,"2018_post","FIA28","lXsY",97.4152584926039,0.999999999999943,0.999999999999943,0.999999999999943,2
"PR_25April2018_FIA28","l0s7",2018-04-25,"2018_post","FIA28","lXsY",92.161337147671,0.999999999999984,0.99999999999996,0.99999999999996,2
"PR_25April2018_FIA28","l0s8",2018-04-25,"2018_post","FIA28","lXsY",84.2522292755902,0.99999999999998,0.99999999999998,0.99999999999998,2
"PR_25April2018_FIA28","l0s9",2018-04-25,"2018_post","FIA28","lXsY",71.0848008183599,1,1,1,2
"PR_25April2018_FIA31","l0s0",2018-04-25,"2018_post","FIA31","lXsY",81.5648853158116,1,1,0,1
"PR_25April2018_FIA31","l0s1",2018-04-25,"2018_post","FIA31","lXsY",113.132444147755,1,1,0,1
"PR_25April2018_FIA31","l0s10",2018-04-25,"2018_post","FIA31","lXsY",110.519287183404,0.999999999999995,0.999999999999995,0,1
"PR_25April2018_FIA31","l0s11",2018-04-25,"2018_post","FIA31","lXsY",97.3713631828159,0.999999999999984,0.999999999999984,0,1
"PR_25April2018_FIA31","l0s12",2018-04-25,"2018_post","FIA31","lXsY",107.897445986196,1,1,0,1
"PR_25April2018_FIA31","l0s13",2018-04-25,"2018_post","FIA31","lXsY",94.7378392098621,1,1,0,1
"PR_25April2018_FIA31","l0s14",2018-04-25,"2018_post","FIA31","lXsY",99.9977148122787,0.99999999999998,0.99999999999998,0,1
"PR_25April2018_FIA31","l0s15",2018-04-25,"2018_post","FIA31","lXsY",105.274526726632,0.999999999999994,1,0,1
"PR_25April2018_FIA31","l0s2",2018-04-25,"2018_post","FIA31","lXsY",131.565264018828,0.999999999999993,0.999999999999993,0,1
"PR_25April2018_FIA31","l0s3",2018-04-25,"2018_post","FIA31","lXsY",121.030277712303,0.999999999999999,0.999999999999999,0,1
"PR_25April2018_FIA31","l0s4",2018-04-25,"2018_post","FIA31","lXsY",118.4017086211,1,1,0,1
"PR_25April2018_FIA31","l0s5",2018-04-25,"2018_post","FIA31","lXsY",107.873650507145,0.999999999999987,0.999999999999987,0,1
"PR_25April2018_FIA31","l0s6",2018-04-25,"2018_post","FIA31","lXsY",102.632413593428,1,1,0,1
"PR_25April2018_FIA31","l0s7",2018-04-25,"2018_post","FIA31","lXsY",107.886845103084,0.999999999999989,0.999999999999989,0,1
"PR_25April2018_FIA31","l0s8",2018-04-25,"2018_post","FIA31","lXsY",99.99238600315,1,1,0,1
"PR_25April2018_FIA31","l0s9",2018-04-25,"2018_post","FIA31","lXsY",113.153692883953,1,1,0,1
"PR_25April2018_FIA34","l0s13",2018-04-25,"2018_post","FIA34","lXsY",84.2283089752391,1,1,0,1
"PR_25April2018_FIA34","l0s14",2018-04-25,"2018_post","FIA34","lXsY",86.8680124419019,0.999999999999984,0.999999999999984,0,1
"PR_25April2018_FIA34","l0s15",2018-04-25,"2018_post","FIA34","lXsY",81.6030446026415,0.999999999999966,0.999999999999966,0,1
"PR_25April2018_FIA34","l0s16",2018-04-25,"2018_post","FIA34","lXsY",86.8672374817073,1,1,0,1
"PR_25April2018_FIA34","l0s17",2018-04-25,"2018_post","FIA34","lXsY",86.8667854099929,0.999999999999987,0.999999999999987,0,1
"PR_25April2018_FIA34","l0s18",2018-04-25,"2018_post","FIA34","lXsY",86.8667143586948,1,1,0,1
"PR_26April2018_114","l0s0",2018-04-26,"2018_post","114","lXsY",63.0317890462093,1,1,0,1
"PR_26April2018_114","l0s1",2018-04-26,"2018_post","114","lXsY",65.6559427720912,1,1,0,1
"PR_26April2018_114","l0s2",2018-04-26,"2018_post","114","lXsY",70.9160844207972,1,1,0,1
"PR_26April2018_114","l0s3",2018-04-26,"2018_post","114","lXsY",42.0166796677262,0.99999999999996,0.99999999999996,0,1
"PR_26April2018_115","l0s0",2018-04-26,"2018_post","115","lXsY",89.3005607419297,1,1,0,1
"PR_26April2018_115","l0s1",2018-04-26,"2018_post","115","lXsY",86.6697562190421,1,1,0,1
"PR_26April2018_115","l0s2",2018-04-26,"2018_post","115","lXsY",57.788535001599,0.999999999999974,0.999999999999974,0,1
"PR_26April2018_115","l0s3",2018-04-26,"2018_post","115","lXsY",65.6656214256301,1,1,0,1
"PR_26April2018_115","l0s4",2018-04-26,"2018_post","115","lXsY",36.7685255956985,0.999999999999979,0.999999999999979,0,1
"PR_26April2018_115","l0s5",2018-04-26,"2018_post","115","lXsY",52.5278004502721,0.999999999999991,0.999999999999991,0,1
"PR_26April2018_115","l0s6",2018-04-26,"2018_post","115","lXsY",36.7756580647267,0.999999999999988,0.999999999999988,0,1
"PR_26April2018_210","l0s0",2018-04-26,"2018_post","210","lXsY",89.3289229858398,0,1,0,0
"PR_26April2018_210","l0s1",2018-04-26,"2018_post","210","lXsY",112.97052081148,0,1,0,0
"PR_26April2018_210","l0s2",2018-04-26,"2018_post","210","lXsY",118.226592565975,0,0.999999999999989,0,0
"PR_26April2018_210","l0s3",2018-04-26,"2018_post","210","lXsY",112.980650611131,0,1,0,0
"PR_26April2018_210","l0s4",2018-04-26,"2018_post","210","lXsY",123.480283742467,0,0.999999999999995,0,0
"PR_26April2018_210","l0s5",2018-04-26,"2018_post","210","lXsY",118.234629539843,0,1,0,0
"PR_26April2018_210","l0s6",2018-04-26,"2018_post","210","lXsY",128.736444714463,0,0.999999999999987,0,0
"PR_26April2018_210","l0s7",2018-04-26,"2018_post","210","lXsY",76.1963883144423,0,0.999999999999981,0,0
"PR_26April2018_43","l0s1",2018-04-26,"2018_post","43","lXsY",84.0346348202705,1,1,0,1
"PR_26April2018_43","l0s10",2018-04-26,"2018_post","43","lXsY",65.6580736338303,0.999999999999979,0.999999999999979,0,1
"PR_26April2018_43","l0s2",2018-04-26,"2018_post","43","lXsY",73.5222199963488,0.999999999999994,0.999999999999994,0,1
"PR_26April2018_43","l0s3",2018-04-26,"2018_post","43","lXsY",81.4094611327037,1,1,0,1
"PR_26April2018_43","l0s4",2018-04-26,"2018_post","43","lXsY",68.278913138999,0.999999999999986,0.999999999999986,0,1
"PR_26April2018_43","l0s5",2018-04-26,"2018_post","43","lXsY",73.5402090831123,1,1,0,1
"PR_26April2018_43","l0s6",2018-04-26,"2018_post","43","lXsY",63.0365867394671,0.999999999999985,0.999999999999985,0,1
"PR_26April2018_43","l0s7",2018-04-26,"2018_post","43","lXsY",70.9142257438108,1,1,0,1
"PR_26April2018_43","l0s8",2018-04-26,"2018_post","43","lXsY",63.0295174927905,1,1,0,1
"PR_26April2018_43","l0s9",2018-04-26,"2018_post","43","lXsY",70.9120669131957,1,1,0,1
"PR_26April2018_44","l0s0",2018-04-26,"2018_post","44","lXsY",91.9436303238138,1,1,0,1
"PR_26April2018_44","l0s1",2018-04-26,"2018_post","44","lXsY",126.108119428742,0.999999999999996,0.999999999999996,0,1
"PR_26April2018_44","l0s2",2018-04-26,"2018_post","44","lXsY",107.709218461002,0.999999999999997,0.999999999999997,0,1
"PR_26April2018_44","l0s3",2018-04-26,"2018_post","44","lXsY",128.726845700087,0.999999999999988,0.999999999999988,0,1
"PR_26April2018_44","l0s4",2018-04-26,"2018_post","44","lXsY",118.200527936156,1,1,0,1
"PR_26April2018_45","l0s0",2018-04-26,"2018_post","45","lXsY",84.0785346074224,1,1,0,1
"PR_26April2018_45","l0s1",2018-04-26,"2018_post","45","lXsY",102.465477023189,1,1,0,1
"PR_26April2018_45","l0s2",2018-04-26,"2018_post","45","lXsY",89.3282428680353,1,1,0,1
"PR_26April2018_45","l0s3",2018-04-26,"2018_post","45","lXsY",78.8255332906678,0.999999999999974,0.999999999999974,0,1
"PR_26April2018_45","l0s4",2018-04-26,"2018_post","45","lXsY",86.7071319885008,0.99999999999998,0.99999999999998,0,1
"PR_26April2018_45","l0s5",2018-04-26,"2018_post","45","lXsY",102.476322896254,1,1,0,1
"PR_26April2018_45","l0s6",2018-04-26,"2018_post","45","lXsY",115.618641246973,0.999999999999999,0.999999999999999,0,1
"PR_26April2018_54","l0s0",2018-04-26,"2018_post","54","lXsY",44.6461249535453,1,1,0,1
"PR_26April2018_54","l0s1",2018-04-26,"2018_post","54","lXsY",42.0153632801853,0.999999999999992,0.999999999999992,0,1
"PR_26April2018_54","l0s2",2018-04-26,"2018_post","54","lXsY",44.648128818145,0.999999999999982,0.999999999999982,0,1
"PR_26April2018_54","l0s3",2018-04-26,"2018_post","54","lXsY",42.0239877890509,0.999999999999992,0.999999999999992,0,1
"PR_26April2018_71","l0s0",2018-04-26,"2018_post","71","lXsY",86.6663810894899,0.999999999999984,0.999999999999984,0,1
"PR_26April2018_71","l0s1",2018-04-26,"2018_post","71","lXsY",105.052804136264,0.999999999999993,0.999999999999993,0,1
"PR_26April2018_71","l0s2",2018-04-26,"2018_post","71","lXsY",65.6542913185388,0.999999999999987,0.999999999999987,0,1
"PR_26April2018_80","l0s1",2018-04-26,"2018_post","80","lXsY",107.738656624402,0.999999999999956,0.99999999999997,0,1
"PR_26April2018_80","l0s2",2018-04-26,"2018_post","80","lXsY",110.366031006493,0.99999999999999,0.99999999999999,0,1
"PR_26April2018_80","l0s3",2018-04-26,"2018_post","80","lXsY",81.4614775701806,1,0.999999999999991,0,1
"PR_26April2018_FIA41","l0s0",2018-04-26,"2018_post","FIA41","lXsY",70.9395263971664,0.999999999999995,0.999999999999995,0,1
"PR_26April2018_FIA41","l0s1",2018-04-26,"2018_post","FIA41","lXsY",91.9657649073079,1,1,0,1
"PR_26April2018_FIA41","l0s2",2018-04-26,"2018_post","FIA41","lXsY",81.4475934993632,0.99999999999999,0.99999999999999,0,1
"PR_26April2018_FIA41","l0s3",2018-04-26,"2018_post","FIA41","lXsY",86.70824023972,1,1,0,1
"PR_26April2018_FIA41","l0s4",2018-04-26,"2018_post","FIA41","lXsY",94.5957918846458,0.999999999999965,0.999999999999965,0,1
"PR_26April2018_FIA41","l0s5",2018-04-26,"2018_post","FIA41","lXsY",94.5998951933488,1,1,0,1
"PR_26April2018_FIA41","l0s6",2018-04-26,"2018_post","FIA41","lXsY",81.4583880896285,1,1,0,1
"PR_26April2018_FIA41","l0s7",2018-04-26,"2018_post","FIA41","lXsY",86.7199450344443,1,1,0,1
"PR_26April2018_FIA9","l0s0",2018-04-26,"2018_post","FIA9","lXsY",68.2762043007404,0.999999999999988,0.999999999999988,0,1
"PR_26April2018_FIA9","l0s1",2018-04-26,"2018_post","FIA9","lXsY",73.5341615148149,0.999999999999991,0.999999999999991,0,1
"PR_26April2018_FIA9","l0s2",2018-04-26,"2018_post","FIA9","lXsY",76.1611383222334,0.999999999999998,0.999999999999998,0,1
"PR_26April2018_FIA9","l0s3",2018-04-26,"2018_post","FIA9","lXsY",76.1665573364668,0.999999999999995,0.999999999999995,0,1
"PR_26April2018_FIA9","l0s4",2018-04-26,"2018_post","FIA9","lXsY",76.1665882694401,0.999999999999976,0.999999999999976,0,1
"PR_26April2018_FIA9","l0s5",2018-04-26,"2018_post","FIA9","lXsY",76.1661628248714,0.999999999999995,0.999999999999999,0,1
"PR_26April2018_FIA9","l0s6",2018-04-26,"2018_post","FIA9","lXsY",73.542186983151,1,1,0,1
"PR_26April2018_FIA9","l0s7",2018-04-26,"2018_post","FIA9","lXsY",70.9201070717141,0.999999999999962,0.999999999999997,0,1
"PR_26April2018_FIA9","l0s8",2018-04-26,"2018_post","FIA9","lXsY",73.5417043827735,0.999999999999989,0.999999999999989,0,1
"PR_26April2018_FIA9","l0s9",2018-04-26,"2018_post","FIA9","lXsY",70.9139500025049,1,1,0,1
"PR_27April2018_108","l0s0",2018-04-27,"2018_post","108","lXsY",60.5384835579023,1,1,0,1
"PR_27April2018_108","l0s1",2018-04-27,"2018_post","108","lXsY",47.3762442964174,1,1,0,1
"PR_27April2018_108","l0s2",2018-04-27,"2018_post","108","lXsY",44.7447878782891,0.999999999999987,0.999999999999987,0,1
"PR_27April2018_108","l0s3",2018-04-27,"2018_post","108","lXsY",44.7455946132623,0.999999999999977,0.999999999999977,0,1
"PR_27April2018_108","l0s4",2018-04-27,"2018_post","108","lXsY",47.3755358721644,0.999999999999962,0.999999999999962,0,1
"PR_27April2018_108","l0s5",2018-04-27,"2018_post","108","lXsY",44.7530801634908,1,1,0,1
"PR_27April2018_108","l0s6",2018-04-27,"2018_post","108","lXsY",50.0158908811182,1,1,0,1
"PR_27April2018_108","l0s7",2018-04-27,"2018_post","108","lXsY",44.7469561694279,0.99999999999997,0.99999999999997,0,1
"PR_27April2018_108","l0s8",2018-04-27,"2018_post","108","lXsY",52.6512671833135,1,1,0,1
"PR_27April2018_108","l0s9",2018-04-27,"2018_post","108","lXsY",44.7544463855505,1,1,0,1
"PR_27April2018_109","l0s2",2018-04-27,"2018_post","109","lXsY",165.80426296476,0.99999999999999,0.99999999999999,0,1
"PR_27April2018_109","l0s3",2018-04-27,"2018_post","109","lXsY",163.167638140377,0.999999999999998,0.999999999999998,0,1
"PR_27April2018_109","l0s4",2018-04-27,"2018_post","109","lXsY",163.156125715964,1,1,0,1
"PR_27April2018_109","l0s5",2018-04-27,"2018_post","109","lXsY",160.525529531728,1,1,0,1
"PR_27April2018_109","l0s6",2018-04-27,"2018_post","109","lXsY",163.147620939422,1,1,0,1
"PR_27April2018_109","l0s7",2018-04-27,"2018_post","109","lXsY",163.145126555471,1,1,0,1
"PR_27April2018_109","l0s8",2018-04-27,"2018_post","109","lXsY",139.479284150746,0.999999999999967,0.999999999999967,0,1
"PR_27April2018_109","l0s9",2018-04-27,"2018_post","109","lXsY",44.7384801097587,1,1,0,1
"PR_27April2018_111","l0s0",2018-04-27,"2018_post","111","lXsY",94.7339190074056,0.999999999999991,0.999999999999991,0,1
"PR_27April2018_111","l0s1",2018-04-27,"2018_post","111","lXsY",134.216259151991,1,1,0,1
"PR_27April2018_111","l0s2",2018-04-27,"2018_post","111","lXsY",139.470625900644,0.999999999999975,0.999999999999975,0,1
"PR_27April2018_111","l0s3",2018-04-27,"2018_post","111","lXsY",131.591073466195,0.999999999999971,0.999999999999971,0,1
"PR_27April2018_111","l0s4",2018-04-27,"2018_post","111","lXsY",139.481726151389,0.999999999999995,0.999999999999984,0,1
"PR_27April2018_111","l0s5",2018-04-27,"2018_post","111","lXsY",134.222006599346,0.999999999999992,0.999999999999992,0,1
"PR_27April2018_111","l0s6",2018-04-27,"2018_post","111","lXsY",110.534431492653,0.999999999999972,0.999999999999972,0,1
"PR_27April2018_111","l0s7",2018-04-27,"2018_post","111","lXsY",42.1110751351356,1,1,0,1
"PR_27April2018_112_196","l0s0",2018-04-27,"2018_post","112_196","lXsY",47.3740541158758,0.999999999999959,0.99999999999999,0,1
"PR_27April2018_112_196","l0s1",2018-04-27,"2018_post","112_196","lXsY",44.7438799587153,0.999999999999973,0.999999999999975,0,1
"PR_27April2018_112_196","l0s2",2018-04-27,"2018_post","112_196","lXsY",44.7460861517824,1,0.999999999999993,0,1
"PR_27April2018_112_196","l0s3",2018-04-27,"2018_post","112_196","lXsY",52.6334601828396,1,1,0,1
"PR_27April2018_112_196","l0s4",2018-04-27,"2018_post","112_196","lXsY",57.9046729853883,1,1,0,1
"PR_27April2018_112_196","l0s5",2018-04-27,"2018_post","112_196","lXsY",65.8031675254181,0.999999999999982,0.999999999999982,0,1
"PR_27April2018_112_196","l0s6",2018-04-27,"2018_post","112_196","lXsY",68.4326105204746,1,1,0,1
"PR_27April2018_112_196","l0s7",2018-04-27,"2018_post","112_196","lXsY",63.1660710848391,1,1,0,1
"PR_27April2018_112_196","l0s8",2018-04-27,"2018_post","112_196","lXsY",50.0152200840801,1,1,0,1
"PR_27April2018_116","l0s0",2018-04-27,"2018_post","116","lXsY",105.311215586397,0.999999999999998,0.999999999999998,0,1
"PR_27April2018_116","l0s1",2018-04-27,"2018_post","116","lXsY",118.482924081552,1,1,0,1
"PR_27April2018_116","l0s2",2018-04-27,"2018_post","116","lXsY",123.744863143027,1,1,0,1
"PR_27April2018_118","l0s0",2018-04-27,"2018_post","118","lXsY",73.6809725157574,0.999999999999997,0.999999999999997,0,1
"PR_27April2018_118","l0s1",2018-04-27,"2018_post","118","lXsY",78.9487712487117,1,1,0,1
"PR_27April2018_118","l0s2",2018-04-27,"2018_post","118","lXsY",81.5782002601445,1,1,0,1
"PR_27April2018_118","l0s3",2018-04-27,"2018_post","118","lXsY",78.9546988063022,1,1,0,1
"PR_27April2018_118","l0s4",2018-04-27,"2018_post","118","lXsY",73.6863272400886,0.999999999999908,0.999999999999989,0,1
"PR_27April2018_118","l0s5",2018-04-27,"2018_post","118","lXsY",76.3171628974348,1,1,0,1
"PR_27April2018_118","l0s6",2018-04-27,"2018_post","118","lXsY",86.8491741374612,0.999999999999969,0.999999999999969,0,1
"PR_27April2018_118","l0s7",2018-04-27,"2018_post","118","lXsY",47.3726673708573,0.999999999999995,0.999999999999995,0,1
"PR_27April2018_119","l0s0",2018-04-27,"2018_post","119","lXsY",63.1616671015233,0.999999999999982,0.999999999999982,0,1
"PR_27April2018_119","l0s1",2018-04-27,"2018_post","119","lXsY",78.9473424936712,0.999999999999951,0.999999999999989,0,1
"PR_27April2018_119","l0s2",2018-04-27,"2018_post","119","lXsY",78.9384181163028,0.999999999999987,0.999999999999987,0,1
"PR_27April2018_119","l0s3",2018-04-27,"2018_post","119","lXsY",78.9549245946243,1,1,0,1
"PR_27April2018_119","l0s4",2018-04-27,"2018_post","119","lXsY",86.8514037620664,1,1,0,1
"PR_27April2018_119","l0s5",2018-04-27,"2018_post","119","lXsY",81.5824387746677,0.999999999999986,0.999999999999986,0,1
"PR_27April2018_119","l0s6",2018-04-27,"2018_post","119","lXsY",84.2132339489594,0.999999999999992,0.999999999999992,0,1
"PR_27April2018_119","l0s7",2018-04-27,"2018_post","119","lXsY",73.689167861329,0.999999999999923,1,0,1
"PR_27April2018_130","l0s0",2018-04-27,"2018_post","130","lXsY",63.1665458637491,1,1,0,1
"PR_27April2018_130","l0s1",2018-04-27,"2018_post","130","lXsY",65.8061460580245,1,1,0,1
"PR_27April2018_130","l0s2",2018-04-27,"2018_post","130","lXsY",81.5952126642287,1,1,0,1
"PR_27April2018_130","l0s3",2018-04-27,"2018_post","130","lXsY",76.3343323812529,0.999999999999968,0.999999999999949,0,1
"PR_27April2018_130","l0s4",2018-04-27,"2018_post","130","lXsY",221.116423232245,1,1,0,1
"PR_27April2018_130","l0s5",2018-04-27,"2018_post","130","lXsY",210.594991796213,0.999999999999977,0.999999999999977,0,1
"PR_27April2018_130","l0s6",2018-04-27,"2018_post","130","lXsY",165.833270097825,1,1,0,1
"PR_27April2018_130","l0s7",2018-04-27,"2018_post","130","lXsY",173.734389263576,0.999999999999964,0.999999999999964,0,1
"PR_27April2018_199","l0s10",2018-04-27,"2018_post","199","lXsY",60.5274125360951,0.999999999999999,0.999999999999999,0,1
"PR_27April2018_199","l0s11",2018-04-27,"2018_post","199","lXsY",55.2678595370904,0.999999999999993,0.999999999999993,0,1
"PR_27April2018_199","l0s12",2018-04-27,"2018_post","199","lXsY",52.6297604463011,0.999999999999966,0.999999999999966,0,1
"PR_27April2018_199","l0s13",2018-04-27,"2018_post","199","lXsY",60.528368338123,1,1,0,1
"PR_27April2018_199","l0s14",2018-04-27,"2018_post","199","lXsY",60.5285280970469,0.99999999999998,0.99999999999998,0,1
"PR_27April2018_199","l0s15",2018-04-27,"2018_post","199","lXsY",65.7999506250963,0.99999999999998,0.99999999999998,0,1
"PR_27April2018_199","l0s16",2018-04-27,"2018_post","199","lXsY",57.9017481606945,0.999999999999992,0.999999999999992,0,1
"PR_27April2018_199","l0s17",2018-04-27,"2018_post","199","lXsY",52.6440074078575,1,1,0,1
"PR_27April2018_199","l0s18",2018-04-27,"2018_post","199","lXsY",47.3727267337382,0.999999999999978,0.999999999999978,0,1
"PR_27April2018_199","l0s19",2018-04-27,"2018_post","199","lXsY",47.3726864840172,1,1,0,1
"PR_27April2018_199","l0s20",2018-04-27,"2018_post","199","lXsY",55.2711784059279,1,1,0,1
"PR_27April2018_199","l0s8",2018-04-27,"2018_post","199","lXsY",55.2669975926161,1,0.999999999999986,0,1
"PR_27April2018_199","l0s9",2018-04-27,"2018_post","199","lXsY",57.8914868361019,0.99999999999999,0.99999999999999,0,1
"PR_27April2018_59","l0s0",2018-04-27,"2018_post","59","lXsY",42.1017516180016,0.999999999999976,0.999999999999976,0,1
"PR_27April2018_59","l0s1",2018-04-27,"2018_post","59","lXsY",44.7428616811864,0.999999999999997,1,0,1
"PR_27April2018_59","l0s10",2018-04-27,"2018_post","59","lXsY",47.3766331197232,0.999999999999981,0.999999999999981,0,1
"PR_27April2018_59","l0s11",2018-04-27,"2018_post","59","lXsY",47.3821594651148,1,1,0,1
"PR_27April2018_59","l0s12",2018-04-27,"2018_post","59","lXsY",50.0148012266688,0.999999999999992,0.999999999999992,0,1
"PR_27April2018_59","l0s13",2018-04-27,"2018_post","59","lXsY",52.6477149200737,0.999999999999993,0.999999999999993,0,1
"PR_27April2018_59","l0s14",2018-04-27,"2018_post","59","lXsY",55.2892381572261,1,1,0,1
"PR_27April2018_59","l0s15",2018-04-27,"2018_post","59","lXsY",47.3816708098628,0.999999999999991,0.999999999999991,0,1
"PR_27April2018_59","l0s16",2018-04-27,"2018_post","59","lXsY",50.0169887614056,0.999999999999949,0.999999999999949,0,1
"PR_27April2018_59","l0s17",2018-04-27,"2018_post","59","lXsY",63.1857315247744,0.999999999999957,0.999999999999981,0,1
"PR_27April2018_59","l0s2",2018-04-27,"2018_post","59","lXsY",50.0109648419611,0.999999999999991,0.999999999999976,0,1
"PR_27April2018_59","l0s3",2018-04-27,"2018_post","59","lXsY",50.0025756832391,1,1,0,1
"PR_27April2018_59","l0s4",2018-04-27,"2018_post","59","lXsY",50.0049639310934,0.999999999999987,0.999999999999987,0,1
"PR_27April2018_59","l0s5",2018-04-27,"2018_post","59","lXsY",42.1167767115653,1,1,0,1
"PR_27April2018_59","l0s6",2018-04-27,"2018_post","59","lXsY",42.1167417650841,0.999999999999981,0.999999999999981,0,1
"PR_27April2018_59","l0s7",2018-04-27,"2018_post","59","lXsY",44.7444682505593,0.999999999999979,0.999999999999979,0,1
"PR_27April2018_59","l0s8",2018-04-27,"2018_post","59","lXsY",44.7410316847339,1,1,0,1
"PR_27April2018_59","l0s9",2018-04-27,"2018_post","59","lXsY",42.1163895526037,0.999999999999988,0.999999999999952,0,1
"PR_27April2018_FIA29","l0s0",2018-04-27,"2018_post","FIA29","lXsY",131.616043235096,0.999999999999998,0.999999999999998,0,1
"PR_27April2018_FIA29","l0s1",2018-04-27,"2018_post","FIA29","lXsY",226.380091258408,1,1,0,1
"PR_27April2018_FIA29","l0s2",2018-04-27,"2018_post","FIA29","lXsY",184.266734000488,1,1,0,1
"PR_27April2018_FIA29","l0s3",2018-04-27,"2018_post","FIA29","lXsY",194.797945739329,1,1,0,1
"PR_27April2018_FIA29","l0s4",2018-04-27,"2018_post","FIA29","lXsY",184.273352436458,0.999999999999979,0.999999999999979,0,1
"PR_27April2018_FIA29","l0s5",2018-04-27,"2018_post","FIA29","lXsY",194.798675280851,0.999999999999991,0.999999999999991,0,1
"PR_27April2018_FIA29","l0s6",2018-04-27,"2018_post","FIA29","lXsY",205.338999739045,0.999999999999979,0.999999999999979,0,1
"PR_27April2018_FIA29","l0s7",2018-04-27,"2018_post","FIA29","lXsY",131.615724117789,0.999999999999999,0.999999999999999,0,1
"PR_28April2018_117","l0s1",2018-04-28,"2018_post","117","lXsY",155.229657382059,0.999999999999994,0.999999999999994,0,1
"PR_28April2018_117","l0s2",2018-04-28,"2018_post","117","lXsY",152.609317662925,1,1,0,1
"PR_28April2018_117","l0s3",2018-04-28,"2018_post","117","lXsY",155.232335618851,1,1,0,1
"PR_28April2018_117","l0s4",2018-04-28,"2018_post","117","lXsY",99.979094894968,1,1,0,1
"PR_28April2018_FIA11","l0s0",2018-04-28,"2018_post","FIA11","lXsY",81.4368900779367,1,1,0,1
"PR_28April2018_FIA11","l0s1",2018-04-28,"2018_post","FIA11","lXsY",89.3239178630136,1,1,0,1
"PR_28April2018_FIA11","l0s10",2018-04-28,"2018_post","FIA11","lXsY",97.2317599101245,0.999999999999996,1,0,1
"PR_28April2018_FIA11","l0s11",2018-04-28,"2018_post","FIA11","lXsY",94.5984003020227,1,0.999999999999979,0,1
"PR_28April2018_FIA11","l0s12",2018-04-28,"2018_post","FIA11","lXsY",84.0906359435715,0.999999999999991,0.999999999999991,0,1
"PR_28April2018_FIA11","l0s13",2018-04-28,"2018_post","FIA11","lXsY",91.9694933732718,1,1,0,1
"PR_28April2018_FIA11","l0s14",2018-04-28,"2018_post","FIA11","lXsY",91.9802540345967,1,1,0,1
"PR_28April2018_FIA11","l0s15",2018-04-28,"2018_post","FIA11","lXsY",86.7234472811177,0.99999999999997,0.99999999999997,0,1
"PR_28April2018_FIA11","l0s16",2018-04-28,"2018_post","FIA11","lXsY",97.2412578360513,1,1,0,1
"PR_28April2018_FIA11","l0s17",2018-04-28,"2018_post","FIA11","lXsY",102.492377531223,0.999999999999994,0.999999999999994,0,1
"PR_28April2018_FIA11","l0s18",2018-04-28,"2018_post","FIA11","lXsY",99.8749042093873,1,1,0,1
"PR_28April2018_FIA11","l0s19",2018-04-28,"2018_post","FIA11","lXsY",94.6176915708572,0.999999999999984,0.999999999999984,0,1
"PR_28April2018_FIA11","l0s2",2018-04-28,"2018_post","FIA11","lXsY",97.2176408684179,1,1,0,1
"PR_28April2018_FIA11","l0s20",2018-04-28,"2018_post","FIA11","lXsY",99.8793583715856,1,1,0,1
"PR_28April2018_FIA11","l0s21",2018-04-28,"2018_post","FIA11","lXsY",97.2509843185842,0.999999999999984,0.999999999999984,0,1
"PR_28April2018_FIA11","l0s22",2018-04-28,"2018_post","FIA11","lXsY",105.135772090614,0.999999999999992,0.999999999999992,0,1
"PR_28April2018_FIA11","l0s23",2018-04-28,"2018_post","FIA11","lXsY",89.3605415722683,0.999999999999978,0.999999999999978,0,1
"PR_28April2018_FIA11","l0s24",2018-04-28,"2018_post","FIA11","lXsY",86.7377350986794,1,1,0,1
"PR_28April2018_FIA11","l0s25",2018-04-28,"2018_post","FIA11","lXsY",89.3705371701792,1,1,0,1
"PR_28April2018_FIA11","l0s26",2018-04-28,"2018_post","FIA11","lXsY",92.0034922116026,0.999999999999967,0.999999999999967,0,1
"PR_28April2018_FIA11","l0s27",2018-04-28,"2018_post","FIA11","lXsY",94.6323275599897,1,1,0,1
"PR_28April2018_FIA11","l0s28",2018-04-28,"2018_post","FIA11","lXsY",94.6421166713491,1,1,0,1
"PR_28April2018_FIA11","l0s29",2018-04-28,"2018_post","FIA11","lXsY",92.0025909794077,0.999999999999985,0.999999999999985,0,1
"PR_28April2018_FIA11","l0s3",2018-04-28,"2018_post","FIA11","lXsY",97.2123409773767,0.999999999999995,0.999999999999995,0,1
"PR_28April2018_FIA11","l0s30",2018-04-28,"2018_post","FIA11","lXsY",92.0079073047683,0.999999999999976,0.999999999999976,0,1
"PR_28April2018_FIA11","l0s31",2018-04-28,"2018_post","FIA11","lXsY",92.0125130202562,1,1,0,1
"PR_28April2018_FIA11","l0s32",2018-04-28,"2018_post","FIA11","lXsY",94.6353421777338,0.999999999999983,0.999999999999983,0,1
"PR_28April2018_FIA11","l0s33",2018-04-28,"2018_post","FIA11","lXsY",60.4654125115089,1,1,0,1
"PR_28April2018_FIA11","l0s4",2018-04-28,"2018_post","FIA11","lXsY",91.9566378316522,0.99999999999999,0.99999999999999,0,1
"PR_28April2018_FIA11","l0s5",2018-04-28,"2018_post","FIA11","lXsY",97.2170247133717,0.999999999999991,0.999999999999991,0,1
"PR_28April2018_FIA11","l0s6",2018-04-28,"2018_post","FIA11","lXsY",97.2216601790339,0.99999999999999,0.99999999999999,0,1
"PR_28April2018_FIA11","l0s7",2018-04-28,"2018_post","FIA11","lXsY",99.8556405917972,0.999999999999998,0.999999999999998,0,1
"PR_28April2018_FIA11","l0s8",2018-04-28,"2018_post","FIA11","lXsY",99.849973241125,1,1,0,1
"PR_28April2018_FIA11","l0s9",2018-04-28,"2018_post","FIA11","lXsY",91.9764361269817,1,1,0,1
"PR_28April2018_FIA13","l0s0",2018-04-28,"2018_post","FIA13","lXsY",141.893323702343,1,1,1,2
"PR_28April2018_FIA13","l0s1",2018-04-28,"2018_post","FIA13","lXsY",134.018801799913,1,1,1,2
"PR_28April2018_FIA13","l0s10",2018-04-28,"2018_post","FIA13","lXsY",173.45444765853,1,1,1,2
"PR_28April2018_FIA13","l0s11",2018-04-28,"2018_post","FIA13","lXsY",176.090213635111,0.999999999999979,0.999999999999979,0.999999999999979,2
"PR_28April2018_FIA13","l0s12",2018-04-28,"2018_post","FIA13","lXsY",186.606167898756,0.999999999999989,0.999999999999989,0.999999999999989,2
"PR_28April2018_FIA13","l0s13",2018-04-28,"2018_post","FIA13","lXsY",149.81807563796,0.999999999999994,0.999999999999994,0.999999999999994,2
"PR_28April2018_FIA13","l0s14",2018-04-28,"2018_post","FIA13","lXsY",236.548956348154,1,1,1,2
"PR_28April2018_FIA13","l0s15",2018-04-28,"2018_post","FIA13","lXsY",304.898801132968,0.999999999999995,1,0.999999999999995,2
"PR_28April2018_FIA13","l0s16",2018-04-28,"2018_post","FIA13","lXsY",281.247595186296,1,0.999999999999984,1,2
"PR_28April2018_FIA13","l0s17",2018-04-28,"2018_post","FIA13","lXsY",281.258394140887,0.999999999999971,0.999999999999996,0.999999999999971,2
"PR_28April2018_FIA13","l0s18",2018-04-28,"2018_post","FIA13","lXsY",257.609236684453,0.999999999999995,1,0.999999999999995,2
"PR_28April2018_FIA13","l0s19",2018-04-28,"2018_post","FIA13","lXsY",294.405080640963,0.999999999999999,0.999999999999999,0.999999999999999,2
"PR_28April2018_FIA13","l0s2",2018-04-28,"2018_post","FIA13","lXsY",144.527907576776,0.999999999999982,0.999999999999982,0.999999999999982,2
"PR_28April2018_FIA13","l0s20",2018-04-28,"2018_post","FIA13","lXsY",260.232871063569,0.999999999999975,0.999999999999998,0.999999999999975,2
"PR_28April2018_FIA13","l0s21",2018-04-28,"2018_post","FIA13","lXsY",199.780367742988,0.999999999999993,1,0.999999999999993,2
"PR_28April2018_FIA13","l0s22",2018-04-28,"2018_post","FIA13","lXsY",212.93514414314,0.999999999999975,0.999999999999975,0.999999999999975,2
"PR_28April2018_FIA13","l0s23",2018-04-28,"2018_post","FIA13","lXsY",207.679174643111,1,1,1,2
"PR_28April2018_FIA13","l0s24",2018-04-28,"2018_post","FIA13","lXsY",215.576955007303,0.999999999999998,0.999999999999998,0.999999999999998,2
"PR_28April2018_FIA13","l0s25",2018-04-28,"2018_post","FIA13","lXsY",205.067895311692,0.999999999999987,0.999999999999987,0.999999999999987,2
"PR_28April2018_FIA13","l0s26",2018-04-28,"2018_post","FIA13","lXsY",110.417587721613,1,1,5.55261399249223e-06,1
"PR_28April2018_FIA13","l0s3",2018-04-28,"2018_post","FIA13","lXsY",149.783224159753,0.999999999999994,0.999999999999994,0.999999999999994,2
"PR_28April2018_FIA13","l0s4",2018-04-28,"2018_post","FIA13","lXsY",144.520719040987,1,1,1,2
"PR_28April2018_FIA13","l0s5",2018-04-28,"2018_post","FIA13","lXsY",165.565471346763,1,1,1,2
"PR_28April2018_FIA13","l0s6",2018-04-28,"2018_post","FIA13","lXsY",152.41102373708,1,0.999999999999983,1,2
"PR_28April2018_FIA13","l0s7",2018-04-28,"2018_post","FIA13","lXsY",149.79462849326,0.999999999999998,0.999999999999994,0.999999999999998,2
"PR_28April2018_FIA13","l0s8",2018-04-28,"2018_post","FIA13","lXsY",157.696258104746,1,1,1,2
"PR_28April2018_FIA13","l0s9",2018-04-28,"2018_post","FIA13","lXsY",207.61333576304,0.999999999999985,0.999999999999999,0.999999999999985,2
"PR_28April2018_FIA16","l0s0",2018-04-28,"2018_post","FIA16","lXsY",102.566112301537,0.999999999999986,0.99999999999998,0,1
"PR_28April2018_FIA16","l0s1",2018-04-28,"2018_post","FIA16","lXsY",147.289845597064,1,1,0,1
"PR_28April2018_FIA16","l0s10",2018-04-28,"2018_post","FIA16","lXsY",136.782052578208,1,1,0,1
"PR_28April2018_FIA16","l0s11",2018-04-28,"2018_post","FIA16","lXsY",131.520048604429,0.999999999999975,0.999999999999975,0,1
"PR_28April2018_FIA16","l0s12",2018-04-28,"2018_post","FIA16","lXsY",126.271121961491,1,1,0,1
"PR_28April2018_FIA16","l0s13",2018-04-28,"2018_post","FIA16","lXsY",136.791551445419,1,1,0,1
"PR_28April2018_FIA16","l0s14",2018-04-28,"2018_post","FIA16","lXsY",134.165694599503,0.999999999999971,0.999999999999971,0,1
"PR_28April2018_FIA16","l0s15",2018-04-28,"2018_post","FIA16","lXsY",157.832036939198,1,1,0,1
"PR_28April2018_FIA16","l0s16",2018-04-28,"2018_post","FIA16","lXsY",155.210693502414,1,1,0,1
"PR_28April2018_FIA16","l0s17",2018-04-28,"2018_post","FIA16","lXsY",176.261671846348,0.999999999999996,0.999999999999996,0,1
"PR_28April2018_FIA16","l0s18",2018-04-28,"2018_post","FIA16","lXsY",152.585262373057,1,1,0,1
"PR_28April2018_FIA16","l0s19",2018-04-28,"2018_post","FIA16","lXsY",147.336505479142,0.999999999999943,0.999999999999943,0,1
"PR_28April2018_FIA16","l0s2",2018-04-28,"2018_post","FIA16","lXsY",147.290714319932,1,0.999999999999993,0,1
"PR_28April2018_FIA16","l0s20",2018-04-28,"2018_post","FIA16","lXsY",155.223801243281,0.999999999999984,0.999999999999984,0,1
"PR_28April2018_FIA16","l0s21",2018-04-28,"2018_post","FIA16","lXsY",126.288271345964,1,1,0,1
"PR_28April2018_FIA16","l0s22",2018-04-28,"2018_post","FIA16","lXsY",99.9840895826638,1,1,0,1
"PR_28April2018_FIA16","l0s3",2018-04-28,"2018_post","FIA16","lXsY",128.877939140424,0.999999999999982,0.999999999999982,0,1
"PR_28April2018_FIA16","l0s4",2018-04-28,"2018_post","FIA16","lXsY",131.503944667786,0.999999999999994,0.999999999999994,0,1
"PR_28April2018_FIA16","l0s5",2018-04-28,"2018_post","FIA16","lXsY",134.149266090149,1,1,0,1
"PR_28April2018_FIA16","l0s6",2018-04-28,"2018_post","FIA16","lXsY",134.145861541969,0.999999999999954,0.999999999999954,0,1
"PR_28April2018_FIA16","l0s7",2018-04-28,"2018_post","FIA16","lXsY",152.558580858782,0.999999999999931,0.999999999999931,0,1
"PR_28April2018_FIA16","l0s8",2018-04-28,"2018_post","FIA16","lXsY",144.662241499788,0.999999999999934,0.999999999999934,0,1
"PR_28April2018_FIA16","l0s9",2018-04-28,"2018_post","FIA16","lXsY",131.526598692346,1,1,0,1
"PR_28April2018_FIA18","l0s1",2018-04-28,"2018_post","FIA18","lXsY",86.7242761330739,1,1,0,1
"PR_28April2018_FIA18","l0s10",2018-04-28,"2018_post","FIA18","lXsY",115.654570311359,1,1,0,1
"PR_28April2018_FIA18","l0s11",2018-04-28,"2018_post","FIA18","lXsY",105.144578558341,1,1,0,1
"PR_28April2018_FIA18","l0s12",2018-04-28,"2018_post","FIA18","lXsY",123.547959658593,1,1,0,1
"PR_28April2018_FIA18","l0s13",2018-04-28,"2018_post","FIA18","lXsY",107.774940270936,1,1,0,1
"PR_28April2018_FIA18","l0s14",2018-04-28,"2018_post","FIA18","lXsY",115.664401906252,1,1,0,1
"PR_28April2018_FIA18","l0s15",2018-04-28,"2018_post","FIA18","lXsY",115.662694928721,1,1,0,1
"PR_28April2018_FIA18","l0s16",2018-04-28,"2018_post","FIA18","lXsY",113.031808115612,1,1,0,1
"PR_28April2018_FIA18","l0s17",2018-04-28,"2018_post","FIA18","lXsY",107.784198074077,0.999999999999987,0.999999999999987,0,1
"PR_28April2018_FIA18","l0s18",2018-04-28,"2018_post","FIA18","lXsY",126.18781725789,0.999999999999991,0.999999999999991,0,1
"PR_28April2018_FIA18","l0s19",2018-04-28,"2018_post","FIA18","lXsY",120.939788025516,0.999999999999959,0.999999999999959,0,1
"PR_28April2018_FIA18","l0s2",2018-04-28,"2018_post","FIA18","lXsY",94.6133559943125,1,1,0,1
"PR_28April2018_FIA18","l0s20",2018-04-28,"2018_post","FIA18","lXsY",120.938229879996,0.999999999999967,0.999999999999967,0,1
"PR_28April2018_FIA18","l0s21",2018-04-28,"2018_post","FIA18","lXsY",131.45564408889,1,1,0,1
"PR_28April2018_FIA18","l0s22",2018-04-28,"2018_post","FIA18","lXsY",134.076722820416,0.999999999999987,0.999999999999981,0,1
"PR_28April2018_FIA18","l0s23",2018-04-28,"2018_post","FIA18","lXsY",134.091222661254,1,1,0,1
"PR_28April2018_FIA18","l0s24",2018-04-28,"2018_post","FIA18","lXsY",134.09604173893,0.999999999999992,0.999999999999992,0,1
"PR_28April2018_FIA18","l0s25",2018-04-28,"2018_post","FIA18","lXsY",131.459027785124,1,1,0,1
"PR_28April2018_FIA18","l0s26",2018-04-28,"2018_post","FIA18","lXsY",136.726399993628,1,1,0,1
"PR_28April2018_FIA18","l0s27",2018-04-28,"2018_post","FIA18","lXsY",139.357494942625,1,1,0,1
"PR_28April2018_FIA18","l0s28",2018-04-28,"2018_post","FIA18","lXsY",139.355291343588,1,1,0,1
"PR_28April2018_FIA18","l0s29",2018-04-28,"2018_post","FIA18","lXsY",147.251163303295,0.999999999999974,0.999999999999926,0,1
"PR_28April2018_FIA18","l0s3",2018-04-28,"2018_post","FIA18","lXsY",113.009949234928,1,1,0,1
"PR_28April2018_FIA18","l0s30",2018-04-28,"2018_post","FIA18","lXsY",139.374586715858,1,1,0,1
"PR_28April2018_FIA18","l0s31",2018-04-28,"2018_post","FIA18","lXsY",126.226655785643,0.999999999999994,0.999999999999994,0,1
"PR_28April2018_FIA18","l0s32",2018-04-28,"2018_post","FIA18","lXsY",168.303958249509,0.999999999999994,0.999999999999994,0,1
"PR_28April2018_FIA18","l0s33",2018-04-28,"2018_post","FIA18","lXsY",170.93086372433,0.999999999999986,0.999999999999986,0,1
"PR_28April2018_FIA18","l0s34",2018-04-28,"2018_post","FIA18","lXsY",99.9287208547294,1,1,0,1
"PR_28April2018_FIA18","l0s4",2018-04-28,"2018_post","FIA18","lXsY",94.6160275822818,1,1,0,1
"PR_28April2018_FIA18","l0s5",2018-04-28,"2018_post","FIA18","lXsY",76.2123649345152,0.999999999999971,0.999999999999971,0,1
"PR_28April2018_FIA18","l0s6",2018-04-28,"2018_post","FIA18","lXsY",110.38903980381,0.99999999999998,0.99999999999998,0,1
"PR_28April2018_FIA18","l0s7",2018-04-28,"2018_post","FIA18","lXsY",99.8798586855754,0.999999999999973,0.999999999999973,0,1
"PR_28April2018_FIA18","l0s8",2018-04-28,"2018_post","FIA18","lXsY",141.942321820074,0.999999999999998,0.999999999999998,0,1
"PR_28April2018_FIA18","l0s9",2018-04-28,"2018_post","FIA18","lXsY",134.04897775825,1,1,0,1
"PR_28April2018_FIA19","l0s1",2018-04-28,"2018_post","FIA19","lXsY",141.967784760658,1,1,0,1
"PR_28April2018_FIA19","l0s10",2018-04-28,"2018_post","FIA19","lXsY",168.275090059894,0.999999999999995,0.999999999999995,0,1
"PR_28April2018_FIA19","l0s11",2018-04-28,"2018_post","FIA19","lXsY",178.781304256114,0.999999999999986,0.999999999999986,0,1
"PR_28April2018_FIA19","l0s12",2018-04-28,"2018_post","FIA19","lXsY",186.684082619336,0.999999999999999,0.999999999999999,0.107109143514963,1
"PR_28April2018_FIA19","l0s2",2018-04-28,"2018_post","FIA19","lXsY",147.222890247397,0.999999999999987,0.999999999999987,0,1
"PR_28April2018_FIA19","l0s3",2018-04-28,"2018_post","FIA19","lXsY",136.706972602403,0.999999999999994,0.999999999999994,0,1
"PR_28April2018_FIA19","l0s4",2018-04-28,"2018_post","FIA19","lXsY",163.004311973383,1,1,0,1
"PR_28April2018_FIA19","l0s5",2018-04-28,"2018_post","FIA19","lXsY",165.630850216432,1,1,0,1
"PR_28April2018_FIA19","l0s6",2018-04-28,"2018_post","FIA19","lXsY",141.978506377742,1,1,0,1
"PR_28April2018_FIA19","l0s7",2018-04-28,"2018_post","FIA19","lXsY",141.978811675859,1,1,0,1
"PR_28April2018_FIA19","l0s8",2018-04-28,"2018_post","FIA19","lXsY",139.34512489838,0.999999999999976,0.999999999999976,0,1
"PR_28April2018_FIA19","l0s9",2018-04-28,"2018_post","FIA19","lXsY",123.574417569585,0.999999999999999,0.999999999999999,0,1
"PR_28April2018_FIA20","l0s0",2018-04-28,"2018_post","FIA20","lXsY",57.8192192589939,0.999999999999987,0.999999999999987,0,1
"PR_28April2018_FIA20","l0s1",2018-04-28,"2018_post","FIA20","lXsY",81.4772247172631,1,1,0,1
"PR_28April2018_FIA20","l0s2",2018-04-28,"2018_post","FIA20","lXsY",97.2362422104314,1,1,0,1
"PR_28April2018_FIA20","l0s3",2018-04-28,"2018_post","FIA20","lXsY",97.2460858656764,1,1,0,1
"PR_28April2018_FIA20","l0s4",2018-04-28,"2018_post","FIA20","lXsY",102.496818768026,0.999999999999969,0.999999999999969,0,1
"PR_28April2018_FIA20","l0s5",2018-04-28,"2018_post","FIA20","lXsY",94.622158898142,0.999999999999997,0.999999999999997,0,1
"PR_28April2018_FIA20","l0s6",2018-04-28,"2018_post","FIA20","lXsY",99.878679535307,1,1,0,1
"PR_28April2018_FIA204","l0s0",2018-04-28,"2018_post","FIA204","lXsY",84.0742309558943,0,1,0,0
"PR_28April2018_FIA204","l0s1",2018-04-28,"2018_post","FIA204","lXsY",89.3346050891742,0,0.999999999999976,0,0
"PR_28April2018_FIA204","l0s10",2018-04-28,"2018_post","FIA204","lXsY",94.6043708379671,0.0537909957108239,1,0.0537909957108239,0
"PR_28April2018_FIA204","l0s11",2018-04-28,"2018_post","FIA204","lXsY",89.3531865608767,0.3151756236398,0.999999999999999,0.3151756236398,0
"PR_28April2018_FIA204","l0s12",2018-04-28,"2018_post","FIA204","lXsY",86.7292930882201,0.78122582749772,1,0.78122582749772,2
"PR_28April2018_FIA204","l0s13",2018-04-28,"2018_post","FIA204","lXsY",86.7247890909702,0.966331292476533,0.999999999999997,0.966331292476533,2
"PR_28April2018_FIA204","l0s14",2018-04-28,"2018_post","FIA204","lXsY",91.9809581323907,0.599780731091525,1,0.599780731091525,2
"PR_28April2018_FIA204","l0s15",2018-04-28,"2018_post","FIA204","lXsY",97.2480408474937,0,0.999999999999979,0,0
"PR_28April2018_FIA204","l0s16",2018-04-28,"2018_post","FIA204","lXsY",94.6195833158746,0,0.999999999999994,0,0
"PR_28April2018_FIA204","l0s17",2018-04-28,"2018_post","FIA204","lXsY",89.3617235661834,0,1,0,0
"PR_28April2018_FIA204","l0s18",2018-04-28,"2018_post","FIA204","lXsY",86.7287409302667,0,1,0,0
"PR_28April2018_FIA204","l0s19",2018-04-28,"2018_post","FIA204","lXsY",89.3670890698537,0,0.999999999999986,0,0
"PR_28April2018_FIA204","l0s2",2018-04-28,"2018_post","FIA204","lXsY",94.5895905909628,0,0.999999999999991,0,0
"PR_28April2018_FIA204","l0s20",2018-04-28,"2018_post","FIA204","lXsY",89.362338250488,0,0.999999999999993,0,0
"PR_28April2018_FIA204","l0s21",2018-04-28,"2018_post","FIA204","lXsY",92.0009034219727,0,1,0,0
"PR_28April2018_FIA204","l0s22",2018-04-28,"2018_post","FIA204","lXsY",89.3662944619074,0,1,0,0
"PR_28April2018_FIA204","l0s23",2018-04-28,"2018_post","FIA204","lXsY",94.6336354118004,0,0.999999999999973,0,0
"PR_28April2018_FIA204","l0s24",2018-04-28,"2018_post","FIA204","lXsY",97.2570881274939,0,1,0,0
"PR_28April2018_FIA204","l0s25",2018-04-28,"2018_post","FIA204","lXsY",92.0094510024443,0,1,0,0
"PR_28April2018_FIA204","l0s26",2018-04-28,"2018_post","FIA204","lXsY",81.4901117285743,0,0.999999999999972,0,0
"PR_28April2018_FIA204","l0s27",2018-04-28,"2018_post","FIA204","lXsY",86.7470153968647,0,0.999999999999997,0,0
"PR_28April2018_FIA204","l0s28",2018-04-28,"2018_post","FIA204","lXsY",89.3853791858852,0,0.999999999999981,0,0
"PR_28April2018_FIA204","l0s29",2018-04-28,"2018_post","FIA204","lXsY",89.3805149789259,0,1,0,0
"PR_28April2018_FIA204","l0s3",2018-04-28,"2018_post","FIA204","lXsY",89.3285034974888,0,1,0,0
"PR_28April2018_FIA204","l0s30",2018-04-28,"2018_post","FIA204","lXsY",86.7562781936496,0,1,0,0
"PR_28April2018_FIA204","l0s4",2018-04-28,"2018_post","FIA204","lXsY",91.9666713792637,0,0.999999999999961,0,0
"PR_28April2018_FIA204","l0s5",2018-04-28,"2018_post","FIA204","lXsY",97.2224487219706,0,1,0,0
"PR_28April2018_FIA204","l0s6",2018-04-28,"2018_post","FIA204","lXsY",84.0817493638888,0,1,0,0
"PR_28April2018_FIA204","l0s7",2018-04-28,"2018_post","FIA204","lXsY",89.3389225175396,0,0.999999999999971,0,0
"PR_28April2018_FIA204","l0s8",2018-04-28,"2018_post","FIA204","lXsY",91.9764125986352,0,0.99999999999997,0,0
"PR_28April2018_FIA204","l0s9",2018-04-28,"2018_post","FIA204","lXsY",91.9715200710803,0,0.999999999999983,0,0
"PR_28April2018_FIA216","l0s0",2018-04-28,"2018_post","FIA216","lXsY",120.94199523402,0,1,0,0
"PR_28April2018_FIA216","l0s1",2018-04-28,"2018_post","FIA216","lXsY",126.215962881178,0,1,0,0
"PR_28April2018_FIA216","l0s10",2018-04-28,"2018_post","FIA216","lXsY",126.243523783679,0.00207429938347167,1,0.00207429938347167,0
"PR_28April2018_FIA216","l0s11",2018-04-28,"2018_post","FIA216","lXsY",134.129483841547,0.0647999878957665,0.999999999999984,0,0
"PR_28April2018_FIA216","l0s12",2018-04-28,"2018_post","FIA216","lXsY",126.245207502826,0.820784585809783,0.999999999999965,0,1
"PR_28April2018_FIA216","l0s13",2018-04-28,"2018_post","FIA216","lXsY",107.833858703615,0.964050638754033,1,0,1
"PR_28April2018_FIA216","l0s2",2018-04-28,"2018_post","FIA216","lXsY",134.100367608429,0,1,0,0
"PR_28April2018_FIA216","l0s3",2018-04-28,"2018_post","FIA216","lXsY",126.230014010662,0,1,0,0
"PR_28April2018_FIA216","l0s4",2018-04-28,"2018_post","FIA216","lXsY",128.850845263283,0,1,0,0
"PR_28April2018_FIA216","l0s5",2018-04-28,"2018_post","FIA216","lXsY",131.482885742876,0,0.999999999999997,0,0
"PR_28April2018_FIA216","l0s6",2018-04-28,"2018_post","FIA216","lXsY",120.971243009746,0,1,0,0
"PR_28April2018_FIA216","l0s7",2018-04-28,"2018_post","FIA216","lXsY",126.233316389564,0,1,0,0
"PR_28April2018_FIA216","l0s8",2018-04-28,"2018_post","FIA216","lXsY",131.489165421002,0,0.999999999999986,0,0
"PR_28April2018_FIA216","l0s9",2018-04-28,"2018_post","FIA216","lXsY",131.486526031782,0,1,0,0
"PR_28April2018_FIA23","l0s0",2018-04-28,"2018_post","FIA23","lXsY",97.2971886702821,0.99999999999999,0.99999999999999,0,1
"PR_28April2018_FIA23","l0s1",2018-04-28,"2018_post","FIA23","lXsY",141.999190458664,1,1,0,1
"PR_28April2018_FIA23","l0s10",2018-04-28,"2018_post","FIA23","lXsY",128.868384498592,0.999999999999998,0.999999999999998,0,1
"PR_28April2018_FIA23","l0s11",2018-04-28,"2018_post","FIA23","lXsY",113.09160492516,0.99999999999998,0.99999999999998,0,1
"PR_28April2018_FIA23","l0s12",2018-04-28,"2018_post","FIA23","lXsY",128.881859033552,1,1,0,1
"PR_28April2018_FIA23","l0s13",2018-04-28,"2018_post","FIA23","lXsY",118.351661791126,0.999999999999985,0.999999999999985,0,1
"PR_28April2018_FIA23","l0s14",2018-04-28,"2018_post","FIA23","lXsY",131.518671924661,0.999999999999989,0.999999999999989,0,1
"PR_28April2018_FIA23","l0s15",2018-04-28,"2018_post","FIA23","lXsY",134.139530913588,0.999999999999962,0.999999999999962,0,1
"PR_28April2018_FIA23","l0s16",2018-04-28,"2018_post","FIA23","lXsY",120.996894207008,1,1,0,1
"PR_28April2018_FIA23","l0s17",2018-04-28,"2018_post","FIA23","lXsY",131.517228880262,0.999999999999993,0.999999999999993,0,1
"PR_28April2018_FIA23","l0s18",2018-04-28,"2018_post","FIA23","lXsY",120.993182807936,0.999999999999981,0.999999999999995,0,1
"PR_28April2018_FIA23","l0s19",2018-04-28,"2018_post","FIA23","lXsY",134.160952892438,0.999999999999978,1,0,1
"PR_28April2018_FIA23","l0s2",2018-04-28,"2018_post","FIA23","lXsY",123.581400610077,1,1,0,1
"PR_28April2018_FIA23","l0s20",2018-04-28,"2018_post","FIA23","lXsY",121.005495432368,0.999999999999968,0.999999999999968,0,1
"PR_28April2018_FIA23","l0s21",2018-04-28,"2018_post","FIA23","lXsY",126.273384946978,1,1,0,1
"PR_28April2018_FIA23","l0s22",2018-04-28,"2018_post","FIA23","lXsY",134.158546750689,1,1,0,1
"PR_28April2018_FIA23","l0s23",2018-04-28,"2018_post","FIA23","lXsY",118.374818431853,1,1,0,1
"PR_28April2018_FIA23","l0s24",2018-04-28,"2018_post","FIA23","lXsY",134.172296235737,0.999999999999969,0.999999999999969,0,1
"PR_28April2018_FIA23","l0s25",2018-04-28,"2018_post","FIA23","lXsY",131.533666066504,0.999999999999966,0.999999999999966,0,1
"PR_28April2018_FIA23","l0s26",2018-04-28,"2018_post","FIA23","lXsY",136.802643119118,1,1,0,1
"PR_28April2018_FIA23","l0s27",2018-04-28,"2018_post","FIA23","lXsY",115.770612901789,0.999999999999992,0.999999999999992,0,1
"PR_28April2018_FIA23","l0s3",2018-04-28,"2018_post","FIA23","lXsY",131.490435153715,0.999999999999974,0.999999999999974,0,1
"PR_28April2018_FIA23","l0s4",2018-04-28,"2018_post","FIA23","lXsY",115.708691451901,0.99999999999999,0.99999999999999,0,1
"PR_28April2018_FIA23","l0s5",2018-04-28,"2018_post","FIA23","lXsY",126.221277288148,0.999999999999972,0.999999999999972,0,1
"PR_28April2018_FIA23","l0s6",2018-04-28,"2018_post","FIA23","lXsY",126.237316038828,0.999999999999993,0.999999999999993,0,1
"PR_28April2018_FIA23","l0s7",2018-04-28,"2018_post","FIA23","lXsY",115.712395689908,0.99999999999998,0.99999999999998,0,1
"PR_28April2018_FIA23","l0s8",2018-04-28,"2018_post","FIA23","lXsY",120.980507440393,0.999999999999997,0.999999999999997,0,1
"PR_28April2018_FIA23","l0s9",2018-04-28,"2018_post","FIA23","lXsY",120.972392809109,1,1,0,1
"PR_28April2018_FIA38","l0s0",2018-04-28,"2018_post","FIA38","lXsY",110.498069056322,1,0.999999999999987,0,1
"PR_28April2018_FIA38","l0s1",2018-04-28,"2018_post","FIA38","lXsY",110.497884235285,0.999999999999994,0.999999999999994,0,1
"PR_28April2018_FIA38","l0s10",2018-04-28,"2018_post","FIA38","lXsY",71.0346123241082,0.999999999999985,0.999999999999985,0,1
"PR_28April2018_FIA38","l0s2",2018-04-28,"2018_post","FIA38","lXsY",99.9672843208805,0.999999999999986,0.999999999999986,0,1
"PR_28April2018_FIA38","l0s3",2018-04-28,"2018_post","FIA38","lXsY",99.9728924296126,1,1,0,1
"PR_28April2018_FIA38","l0s4",2018-04-28,"2018_post","FIA38","lXsY",92.0775512144998,0.99999999999998,0.99999999999998,0,1
"PR_28April2018_FIA38","l0s5",2018-04-28,"2018_post","FIA38","lXsY",84.1828098681673,0.999999999999989,0.999999999999989,0,1
"PR_28April2018_FIA38","l0s6",2018-04-28,"2018_post","FIA38","lXsY",78.9226039803445,0.999999999999981,0.999999999999991,0,1
"PR_28April2018_FIA38","l0s7",2018-04-28,"2018_post","FIA38","lXsY",76.2906106359512,1,1,0,1
"PR_28April2018_FIA38","l0s8",2018-04-28,"2018_post","FIA38","lXsY",86.819204754746,0.999999999999967,0.999999999999967,0,1
"PR_28April2018_FIA38","l0s9",2018-04-28,"2018_post","FIA38","lXsY",92.0756991312251,0.999999999999981,0.999999999999981,0,1
"PR_29April2018_208","l0s0",2018-04-29,"2018_post","208","lXsY",57.8129978722274,0,1,0,0
"PR_29April2018_208","l0s1",2018-04-29,"2018_post","208","lXsY",81.4656431124702,0,1,0,0
"PR_29April2018_208","l0s2",2018-04-29,"2018_post","208","lXsY",73.5882045300499,0,0.999999999999984,0,0
"PR_29April2018_208","l0s3",2018-04-29,"2018_post","208","lXsY",73.5911787367418,0,0.999999999999967,0,0
"PR_29April2018_208","l0s4",2018-04-29,"2018_post","208","lXsY",76.2236917965978,0,1,0,0
"PR_29April2018_208","l0s5",2018-04-29,"2018_post","208","lXsY",78.8435808820292,0,0.999999999999981,0,0
"PR_29April2018_208","l0s6",2018-04-29,"2018_post","208","lXsY",84.1031822675377,0,1,0,0
"PR_29April2018_208","l0s7",2018-04-29,"2018_post","208","lXsY",94.6151639452875,0,0.999999999999977,0,0
"PR_29April2018_208","l0s8",2018-04-29,"2018_post","208","lXsY",68.3297925565809,0,1,0,0
"PR_29April2018_209","l0s0",2018-04-29,"2018_post","209","lXsY",44.6734254032992,0.0273745456519333,0.999999999999982,0,0
"PR_29April2018_209","l0s1",2018-04-29,"2018_post","209","lXsY",49.9243001692317,0.79493747947802,0.999999999999996,0,1
"PR_29April2018_209","l0s2",2018-04-29,"2018_post","209","lXsY",49.9294695650324,0,1,0,0
"PR_29April2018_209","l0s3",2018-04-29,"2018_post","209","lXsY",39.4167119758461,0,0.999999999999983,0,0
"PR_29April2018_209","l0s4",2018-04-29,"2018_post","209","lXsY",55.1883779067092,0,1,0,0
"PR_29April2018_209","l0s5",2018-04-29,"2018_post","209","lXsY",55.1852003593355,0,1,0,0
"PR_29April2018_46","l0s10",2018-04-29,"2018_post","46","lXsY",191.835871415266,1,1,0,1
"PR_29April2018_46","l0s11",2018-04-29,"2018_post","46","lXsY",212.869528057855,1,1,0,1
"PR_29April2018_46","l0s12",2018-04-29,"2018_post","46","lXsY",89.351221576491,0.99999999999999,0.99999999999999,0,1
"PR_29April2018_46","l0s9",2018-04-29,"2018_post","46","lXsY",181.315034459999,0.999999999999982,0.999999999999982,0,1
"PR_29April2018_47","l0s0",2018-04-29,"2018_post","47","lXsY",89.3972096196964,0.999999999999982,0.999999999999982,0,1
"PR_29April2018_47","l0s1",2018-04-29,"2018_post","47","lXsY",118.304750531514,1,1,0,1
"PR_29April2018_47","l0s10",2018-04-29,"2018_post","47","lXsY",57.8473381532036,1,1,0,1
"PR_29April2018_47","l0s11",2018-04-29,"2018_post","47","lXsY",78.8942575319901,0.999999999999991,0.999999999999991,0,1
"PR_29April2018_47","l0s12",2018-04-29,"2018_post","47","lXsY",86.7834492916793,0.999999999999967,0.999999999999967,0,1
"PR_29April2018_47","l0s13",2018-04-29,"2018_post","47","lXsY",97.3001718307763,1,1,0,1
"PR_29April2018_47","l0s14",2018-04-29,"2018_post","47","lXsY",97.3075192251578,1,1,0,1
"PR_29April2018_47","l0s15",2018-04-29,"2018_post","47","lXsY",94.6804191716492,0.999999999999947,0.999999999999947,0,1
"PR_29April2018_47","l0s16",2018-04-29,"2018_post","47","lXsY",115.714756785184,0.999999999999992,0.999999999999992,0,1
"PR_29April2018_47","l0s17",2018-04-29,"2018_post","47","lXsY",110.453316872187,1,1,0,1
"PR_29April2018_47","l0s2",2018-04-29,"2018_post","47","lXsY",105.169631363234,1,1,0,1
"PR_29April2018_47","l0s3",2018-04-29,"2018_post","47","lXsY",81.5078713272974,0.999999999999978,0.999999999999978,0,1
"PR_29April2018_47","l0s4",2018-04-29,"2018_post","47","lXsY",70.9865488853671,1,1,0,1
"PR_29April2018_47","l0s5",2018-04-29,"2018_post","47","lXsY",55.216364774821,1,1,0,1
"PR_29April2018_47","l0s6",2018-04-29,"2018_post","47","lXsY",55.2158283770852,0.999999999999985,0.999999999999985,0,1
"PR_29April2018_47","l0s7",2018-04-29,"2018_post","47","lXsY",55.2185572650477,0.999999999999973,0.999999999999973,0,1
"PR_29April2018_47","l0s8",2018-04-29,"2018_post","47","lXsY",57.8472640792444,1,1,0,1
"PR_29April2018_47","l0s9",2018-04-29,"2018_post","47","lXsY",57.8554489418656,1,1,0,1
"PR_29April2018_55","l0s0",2018-04-29,"2018_post","55","lXsY",65.6862820464209,0.999999999999959,0.999999999999959,0,1
"PR_29April2018_55","l0s1",2018-04-29,"2018_post","55","lXsY",78.8279517445624,1,1,0,1
"PR_29April2018_55","l0s2",2018-04-29,"2018_post","55","lXsY",63.0636711275488,1,1,0,1
"PR_29April2018_57","l0s1",2018-04-29,"2018_post","57","lXsY",47.3397123769209,1,1,0,1
"PR_29April2018_57","l0s2",2018-04-29,"2018_post","57","lXsY",44.7082121797793,0.999999999999987,0.999999999999987,0,1
"PR_29April2018_57","l0s3",2018-04-29,"2018_post","57","lXsY",60.4936653115429,0.99999999999998,0.99999999999998,0,1
"PR_29April2018_FIA202","l0s0",2018-04-29,"2018_post","FIA202","lXsY",105.033064982121,0,0.999999999999997,0,0
"PR_29April2018_FIA202","l0s1",2018-04-29,"2018_post","FIA202","lXsY",110.286227240981,0,0.999999999999991,0,0
"PR_29April2018_FIA202","l0s10",2018-04-29,"2018_post","FIA202","lXsY",107.691736072527,0.118725060387695,0.999999999999976,0,0
"PR_29April2018_FIA202","l0s11",2018-04-29,"2018_post","FIA202","lXsY",107.690346671756,0,0.99999999999998,0,0
"PR_29April2018_FIA202","l0s12",2018-04-29,"2018_post","FIA202","lXsY",105.067120679075,0,0.999999999999964,0,0
"PR_29April2018_FIA202","l0s13",2018-04-29,"2018_post","FIA202","lXsY",94.5614120069988,0,0.999999999999981,0,0
"PR_29April2018_FIA202","l0s2",2018-04-29,"2018_post","FIA202","lXsY",107.669076535753,0,1,0,0
"PR_29April2018_FIA202","l0s3",2018-04-29,"2018_post","FIA202","lXsY",105.046100155947,0,0.999999999999987,0,0
"PR_29April2018_FIA202","l0s4",2018-04-29,"2018_post","FIA202","lXsY",110.293658232675,0,1,0,0
"PR_29April2018_FIA202","l0s5",2018-04-29,"2018_post","FIA202","lXsY",110.309359381893,0,0.999999999999982,0,0
"PR_29April2018_FIA202","l0s6",2018-04-29,"2018_post","FIA202","lXsY",105.052814075692,0,1,0,0
"PR_29April2018_FIA202","l0s7",2018-04-29,"2018_post","FIA202","lXsY",107.679241185756,0,1,0,0
"PR_29April2018_FIA202","l0s8",2018-04-29,"2018_post","FIA202","lXsY",105.056144165735,0.468313085364098,0.999999999999971,0,0
"PR_29April2018_FIA202","l0s9",2018-04-29,"2018_post","FIA202","lXsY",112.930947134784,0.867844837368079,1,0,1
"PR_29April2018_FIA205","l0s0",2018-04-29,"2018_post","FIA205","lXsY",118.268379472385,0,0.999999999999995,0,0
"PR_29April2018_FIA205","l0s1",2018-04-29,"2018_post","FIA205","lXsY",118.278077626513,0,0.999999999999976,0,0
"PR_29April2018_FIA205","l0s10",2018-04-29,"2018_post","FIA205","lXsY",118.299592108403,0,1,0,0
"PR_29April2018_FIA205","l0s11",2018-04-29,"2018_post","FIA205","lXsY",249.730587255642,0,0.99999999999998,0,0
"PR_29April2018_FIA205","l0s12",2018-04-29,"2018_post","FIA205","lXsY",233.969511500356,0,1,0,0
"PR_29April2018_FIA205","l0s2",2018-04-29,"2018_post","FIA205","lXsY",120.910264359939,0,1,0,0
"PR_29April2018_FIA205","l0s3",2018-04-29,"2018_post","FIA205","lXsY",128.793423870435,0,1,0,0
"PR_29April2018_FIA205","l0s4",2018-04-29,"2018_post","FIA205","lXsY",128.778673951015,0,0.999999999999983,0,0
"PR_29April2018_FIA205","l0s5",2018-04-29,"2018_post","FIA205","lXsY",126.172620394094,0,1,0,0
"PR_29April2018_FIA205","l0s6",2018-04-29,"2018_post","FIA205","lXsY",136.677376231712,0,0.999999999999991,0,0
"PR_29April2018_FIA205","l0s7",2018-04-29,"2018_post","FIA205","lXsY",131.431233047831,0,1,0,0
"PR_29April2018_FIA205","l0s8",2018-04-29,"2018_post","FIA205","lXsY",128.793144695248,0,1,0,0
"PR_29April2018_FIA205","l0s9",2018-04-29,"2018_post","FIA205","lXsY",123.541078621945,0,1,0,0
"PR_29April2018_FIA206","l0s0",2018-04-29,"2018_post","FIA206","lXsY",99.8302385353208,0,0.999999999999998,0,0
"PR_29April2018_FIA206","l0s1",2018-04-29,"2018_post","FIA206","lXsY",89.3237001458012,0,0.999999999999996,0,0
"PR_29April2018_FIA206","l0s10",2018-04-29,"2018_post","FIA206","lXsY",97.215955155386,0,1,0,0
"PR_29April2018_FIA206","l0s11",2018-04-29,"2018_post","FIA206","lXsY",97.2205928839132,0,1,0,0
"PR_29April2018_FIA206","l0s12",2018-04-29,"2018_post","FIA206","lXsY",99.8534107811615,0,0.999999999999997,0,0
"PR_29April2018_FIA206","l0s13",2018-04-29,"2018_post","FIA206","lXsY",168.167938295056,0,0.999999999999995,0,0
"PR_29April2018_FIA206","l0s14",2018-04-29,"2018_post","FIA206","lXsY",97.2303637868747,0,1,0,0
"PR_29April2018_FIA206","l0s2",2018-04-29,"2018_post","FIA206","lXsY",86.6909248495236,0,1,0,0
"PR_29April2018_FIA206","l0s3",2018-04-29,"2018_post","FIA206","lXsY",89.3232982821532,0,1,0,0
"PR_29April2018_FIA206","l0s4",2018-04-29,"2018_post","FIA206","lXsY",97.2066601990417,0,1,0,0
"PR_29April2018_FIA206","l0s5",2018-04-29,"2018_post","FIA206","lXsY",99.8341246044219,0,1,0,0
"PR_29April2018_FIA206","l0s6",2018-04-29,"2018_post","FIA206","lXsY",91.9604434694022,0,1,0,0
"PR_29April2018_FIA206","l0s7",2018-04-29,"2018_post","FIA206","lXsY",91.9548781933412,0,0.999999999999989,0,0
"PR_29April2018_FIA206","l0s8",2018-04-29,"2018_post","FIA206","lXsY",91.9606223053664,0,0.999999999999959,0,0
"PR_29April2018_FIA206","l0s9",2018-04-29,"2018_post","FIA206","lXsY",84.0863978369094,0,1,0,0
"PR_29April2018_FIA207","l0s0",2018-04-29,"2018_post","FIA207","lXsY",131.39293475531,0,1,0,0
"PR_29April2018_FIA207","l0s1",2018-04-29,"2018_post","FIA207","lXsY",147.160414972758,0,1,0,0
"PR_29April2018_FIA207","l0s10",2018-04-29,"2018_post","FIA207","lXsY",141.920169010136,0,0.999999999999979,0,0
"PR_29April2018_FIA207","l0s2",2018-04-29,"2018_post","FIA207","lXsY",149.784356809306,0,1,0,0
"PR_29April2018_FIA207","l0s3",2018-04-29,"2018_post","FIA207","lXsY",149.780598108311,0,0.999999999999982,0,0
"PR_29April2018_FIA207","l0s4",2018-04-29,"2018_post","FIA207","lXsY",144.539293291944,0,0.999999999999997,0,0
"PR_29April2018_FIA207","l0s5",2018-04-29,"2018_post","FIA207","lXsY",136.653682167917,0,1,0,0
"PR_29April2018_FIA207","l0s6",2018-04-29,"2018_post","FIA207","lXsY",141.911352649204,0,1,0,0
"PR_29April2018_FIA207","l0s7",2018-04-29,"2018_post","FIA207","lXsY",141.921131904301,0,1,0,0
"PR_29April2018_FIA207","l0s8",2018-04-29,"2018_post","FIA207","lXsY",147.181183939913,0,0.999999999999974,0,0
"PR_29April2018_FIA207","l0s9",2018-04-29,"2018_post","FIA207","lXsY",144.549641429543,0,1,0,0
"PR_29April2018_FIA21","l0s10",2018-04-29,"2018_post","FIA21","lXsY",134.069189508459,1,1,0,1
"PR_29April2018_FIA21","l0s11",2018-04-29,"2018_post","FIA21","lXsY",147.202370197594,1,1,0,1
"PR_29April2018_FIA21","l0s12",2018-04-29,"2018_post","FIA21","lXsY",155.092416414568,0.999999999999997,0.999999999999997,0,1
"PR_29April2018_FIA21","l0s13",2018-04-29,"2018_post","FIA21","lXsY",168.232806840216,0.999999999999991,0.999999999999991,0,1
"PR_29April2018_FIA21","l0s14",2018-04-29,"2018_post","FIA21","lXsY",170.855659168452,0.999999999999997,0.999999999999997,0,1
"PR_29April2018_FIA21","l0s15",2018-04-29,"2018_post","FIA21","lXsY",120.915981871366,1,0.999999999999999,0,1
"PR_29April2018_FIA21","l0s2",2018-04-29,"2018_post","FIA21","lXsY",99.9002497345477,1,1,0,1
"PR_29April2018_FIA21","l0s3",2018-04-29,"2018_post","FIA21","lXsY",139.335781816877,0.999999999999998,0.999999999999998,0,1
"PR_29April2018_FIA21","l0s4",2018-04-29,"2018_post","FIA21","lXsY",136.706820270959,1,1,0,1
"PR_29April2018_FIA21","l0s5",2018-04-29,"2018_post","FIA21","lXsY",126.190706042005,1,1,0,1
"PR_29April2018_FIA21","l0s6",2018-04-29,"2018_post","FIA21","lXsY",139.341480298306,0.999999999999975,0.999999999999975,0,1
"PR_29April2018_FIA21","l0s7",2018-04-29,"2018_post","FIA21","lXsY",128.82107144945,0.999999999999987,0.999999999999987,0,1
"PR_29April2018_FIA21","l0s8",2018-04-29,"2018_post","FIA21","lXsY",139.338421311507,1,1,0,1
"PR_29April2018_FIA21","l0s9",2018-04-29,"2018_post","FIA21","lXsY",123.558718729088,0.999999999999994,0.999999999999994,0,1
"PR_29April2018_FIA213","l0s0",2018-04-29,"2018_post","FIA213","lXsY",63.0951424971655,0,0.999999999999997,0,0
"PR_29April2018_FIA213","l0s1",2018-04-29,"2018_post","FIA213","lXsY",89.3877971251398,0,1,0,0
"PR_29April2018_FIA213","l0s10",2018-04-29,"2018_post","FIA213","lXsY",115.697276846023,0,0.999999999999971,0,0
"PR_29April2018_FIA213","l0s11",2018-04-29,"2018_post","FIA213","lXsY",105.188024249916,0,0.999999999999991,0,0
"PR_29April2018_FIA213","l0s12",2018-04-29,"2018_post","FIA213","lXsY",102.559494934067,0,0.999999999999991,0,0
"PR_29April2018_FIA213","l0s13",2018-04-29,"2018_post","FIA213","lXsY",105.192832151392,0,1,0,0
"PR_29April2018_FIA213","l0s14",2018-04-29,"2018_post","FIA213","lXsY",71.004053287591,0,0.999999999999977,0,0
"PR_29April2018_FIA213","l0s2",2018-04-29,"2018_post","FIA213","lXsY",97.2794838233277,0.545099275988565,1,0,1
"PR_29April2018_FIA213","l0s3",2018-04-29,"2018_post","FIA213","lXsY",105.172228336553,0.740923480637841,0.999999999999992,0,1
"PR_29April2018_FIA213","l0s4",2018-04-29,"2018_post","FIA213","lXsY",107.79592846074,0,0.999999999999983,0,0
"PR_29April2018_FIA213","l0s5",2018-04-29,"2018_post","FIA213","lXsY",110.43645037505,0,1,0,0
"PR_29April2018_FIA213","l0s6",2018-04-29,"2018_post","FIA213","lXsY",107.802359489045,0,0.999999999999976,0,0
"PR_29April2018_FIA213","l0s7",2018-04-29,"2018_post","FIA213","lXsY",113.066723075452,0,1,0,0
"PR_29April2018_FIA213","l0s8",2018-04-29,"2018_post","FIA213","lXsY",102.551601000169,0,0.999999999999967,0,0
"PR_29April2018_FIA213","l0s9",2018-04-29,"2018_post","FIA213","lXsY",118.319531085542,0,1,0,0
"PR_29April2018_FIA22","l0s10",2018-04-29,"2018_post","FIA22","lXsY",97.2119837259769,0.999999999999972,0.999999999999972,0,1
"PR_29April2018_FIA22","l0s11",2018-04-29,"2018_post","FIA22","lXsY",91.9645822672993,1,1,0,1
"PR_29April2018_FIA22","l0s12",2018-04-29,"2018_post","FIA22","lXsY",84.08008239896,1,1,0,1
"PR_29April2018_FIA22","l0s13",2018-04-29,"2018_post","FIA22","lXsY",91.9657842699111,0.99999999999999,0.99999999999999,0,1
"PR_29April2018_FIA22","l0s14",2018-04-29,"2018_post","FIA22","lXsY",94.5872763818517,0.999999999999978,0.999999999999978,0,1
"PR_29April2018_FIA22","l0s15",2018-04-29,"2018_post","FIA22","lXsY",94.5773464537501,1,1,0,1
"PR_29April2018_FIA22","l0s16",2018-04-29,"2018_post","FIA22","lXsY",97.2144754879057,1,1,0,1
"PR_29April2018_FIA22","l0s17",2018-04-29,"2018_post","FIA22","lXsY",97.214894926022,0.999999999999985,0.999999999999985,0,1
"PR_29April2018_FIA22","l0s2",2018-04-29,"2018_post","FIA22","lXsY",165.54548562112,0.999999999999996,0.999999999999996,0,1
"PR_29April2018_FIA22","l0s3",2018-04-29,"2018_post","FIA22","lXsY",197.092658862796,0.999999999999987,0.999999999999987,0,1
"PR_29April2018_FIA22","l0s4",2018-04-29,"2018_post","FIA22","lXsY",194.444859516321,0.999999999999989,0.999999999999989,0,1
"PR_29April2018_FIA22","l0s5",2018-04-29,"2018_post","FIA22","lXsY",186.568699320258,1,1,0,1
"PR_29April2018_FIA22","l0s6",2018-04-29,"2018_post","FIA22","lXsY",178.657887405667,1,1,0,1
"PR_29April2018_FIA22","l0s7",2018-04-29,"2018_post","FIA22","lXsY",105.097682750858,1,1,0,1
"PR_29April2018_FIA22","l0s8",2018-04-29,"2018_post","FIA22","lXsY",105.097353762388,0.999999999999956,0.999999999999956,0,1
"PR_29April2018_FIA22","l0s9",2018-04-29,"2018_post","FIA22","lXsY",91.9633796361014,1,1,0,1
"PR_29April2018_FIA6","l0s0",2018-04-29,"2018_post","FIA6","lXsY",118.204924165666,1,1,0,1
"PR_29April2018_FIA6","l0s1",2018-04-29,"2018_post","FIA6","lXsY",141.851198343517,1,1,0,1
"PR_29April2018_FIA6","l0s10",2018-04-29,"2018_post","FIA6","lXsY",157.637102802177,1,1,0,1
"PR_29April2018_FIA6","l0s11",2018-04-29,"2018_post","FIA6","lXsY",139.259257432392,0.999999999999988,0.999999999999991,0,1
"PR_29April2018_FIA6","l0s12",2018-04-29,"2018_post","FIA6","lXsY",144.515442395672,1,1,0,1
"PR_29April2018_FIA6","l0s13",2018-04-29,"2018_post","FIA6","lXsY",105.103824501844,0.99999999999999,0.99999999999999,0,1
"PR_29April2018_FIA6","l0s2",2018-04-29,"2018_post","FIA6","lXsY",165.489870025805,1,1,0,1
"PR_29April2018_FIA6","l0s3",2018-04-29,"2018_post","FIA6","lXsY",157.626051353469,0.99999999999999,0.99999999999999,0,1
"PR_29April2018_FIA6","l0s4",2018-04-29,"2018_post","FIA6","lXsY",194.395412139827,0.999999999999958,0.999999999999958,0,1
"PR_29April2018_FIA6","l0s5",2018-04-29,"2018_post","FIA6","lXsY",170.757040559112,0.999999999999996,0.999999999999996,0,1
"PR_29April2018_FIA6","l0s6",2018-04-29,"2018_post","FIA6","lXsY",178.647285348476,0.999999999999989,0.999999999999997,0,1
"PR_29April2018_FIA6","l0s7",2018-04-29,"2018_post","FIA6","lXsY",191.782998465565,1,1,0,1
"PR_29April2018_FIA6","l0s8",2018-04-29,"2018_post","FIA6","lXsY",152.380815353803,0.999999999999984,0.999999999999996,0,1
"PR_29April2018_FIA6","l0s9",2018-04-29,"2018_post","FIA6","lXsY",168.145391840087,0.99999999999998,0.99999999999998,0,1
"PR_29April2018_FIA7","l0s1",2018-04-29,"2018_post","FIA7","lXsY",60.4097422063507,0.999999999999984,0.999999999999988,0,1
"PR_29April2018_FIA7","l0s10",2018-04-29,"2018_post","FIA7","lXsY",86.6879562669381,1,1,0,1
"PR_29April2018_FIA7","l0s11",2018-04-29,"2018_post","FIA7","lXsY",94.5603995965488,0.999999999999986,0.999999999999986,0,1
"PR_29April2018_FIA7","l0s12",2018-04-29,"2018_post","FIA7","lXsY",84.0612517928988,0.999999999999992,0.999999999999992,0,1
"PR_29April2018_FIA7","l0s13",2018-04-29,"2018_post","FIA7","lXsY",86.6876785863273,0.999999999999992,0.999999999999992,0,1
"PR_29April2018_FIA7","l0s14",2018-04-29,"2018_post","FIA7","lXsY",99.8157114877388,1,1,0,1
"PR_29April2018_FIA7","l0s15",2018-04-29,"2018_post","FIA7","lXsY",99.8261839225203,0.999999999999979,0.999999999999979,0,1
"PR_29April2018_FIA7","l0s16",2018-04-29,"2018_post","FIA7","lXsY",73.5546606231503,1,1,0,1
"PR_29April2018_FIA7","l0s2",2018-04-29,"2018_post","FIA7","lXsY",91.923110114599,0.999999999999982,0.999999999999982,0,1
"PR_29April2018_FIA7","l0s3",2018-04-29,"2018_post","FIA7","lXsY",89.2855313416459,1,1,0,1
"PR_29April2018_FIA7","l0s4",2018-04-29,"2018_post","FIA7","lXsY",84.0460691872932,0.999999999999974,0.999999999999974,0,1
"PR_29April2018_FIA7","l0s5",2018-04-29,"2018_post","FIA7","lXsY",84.0460700807139,1,1,0,1
"PR_29April2018_FIA7","l0s6",2018-04-29,"2018_post","FIA7","lXsY",78.7910609250911,0.999999999999977,0.999999999999977,0,1
"PR_29April2018_FIA7","l0s7",2018-04-29,"2018_post","FIA7","lXsY",94.5555404044293,0.999999999999982,0.999999999999982,0,1
"PR_29April2018_FIA7","l0s8",2018-04-29,"2018_post","FIA7","lXsY",94.5550809039198,0.999999999999983,0.999999999999983,0,1
"PR_29April2018_FIA7","l0s9",2018-04-29,"2018_post","FIA7","lXsY",91.9385922799222,0.999999999999978,0.999999999999978,0,1
"PR_29April2018_FIA8_10","l0s1",2018-04-29,"2018_post","FIA8_10","lXsY",107.651025192796,0.999999999999971,0.999999999999985,0,1
"PR_29April2018_FIA8_10","l0s10",2018-04-29,"2018_post","FIA8_10","lXsY",107.667800301127,0.999999999999978,0.999999999999978,0,1
"PR_29April2018_FIA8_10","l0s11",2018-04-29,"2018_post","FIA8_10","lXsY",102.411772334822,0.999999999999999,0.999999999999999,0,1
"PR_29April2018_FIA8_10","l0s12",2018-04-29,"2018_post","FIA8_10","lXsY",105.042509960871,1,1,0,1
"PR_29April2018_FIA8_10","l0s13",2018-04-29,"2018_post","FIA8_10","lXsY",86.666345845449,0.999999999999993,0.999999999999993,0,1
"PR_29April2018_FIA8_10","l0s14",2018-04-29,"2018_post","FIA8_10","lXsY",78.788719761017,0.999999999999976,0.999999999999976,0,1
"PR_29April2018_FIA8_10","l0s15",2018-04-29,"2018_post","FIA8_10","lXsY",97.1685780988261,1,1,0,1
"PR_29April2018_FIA8_10","l0s16",2018-04-29,"2018_post","FIA8_10","lXsY",105.056008866288,1,1,0,1
"PR_29April2018_FIA8_10","l0s17",2018-04-29,"2018_post","FIA8_10","lXsY",97.1745255938597,0.999999999999993,0.999999999999993,0,1
"PR_29April2018_FIA8_10","l0s18",2018-04-29,"2018_post","FIA8_10","lXsY",94.5582304479435,1,1,0,1
"PR_29April2018_FIA8_10","l0s19",2018-04-29,"2018_post","FIA8_10","lXsY",97.175743475306,0.999999999999984,0.999999999999984,0,1
"PR_29April2018_FIA8_10","l0s2",2018-04-29,"2018_post","FIA8_10","lXsY",120.772972723424,1,1,0,1
"PR_29April2018_FIA8_10","l0s20",2018-04-29,"2018_post","FIA8_10","lXsY",110.319120281979,1,1,0,1
"PR_29April2018_FIA8_10","l0s21",2018-04-29,"2018_post","FIA8_10","lXsY",97.1873075248286,0.999999999999988,0.999999999999988,0,1
"PR_29April2018_FIA8_10","l0s22",2018-04-29,"2018_post","FIA8_10","lXsY",97.188228807614,1,1,0,1
"PR_29April2018_FIA8_10","l0s23",2018-04-29,"2018_post","FIA8_10","lXsY",105.072017603546,1,1,0,1
"PR_29April2018_FIA8_10","l0s24",2018-04-29,"2018_post","FIA8_10","lXsY",136.600259896232,1,1,0,1
"PR_29April2018_FIA8_10","l0s25",2018-04-29,"2018_post","FIA8_10","lXsY",107.696320454574,0.999999999999962,0.999999999999962,0,1
"PR_29April2018_FIA8_10","l0s26",2018-04-29,"2018_post","FIA8_10","lXsY",76.1847904291965,0.999999999999991,0.999999999999991,0,1
"PR_29April2018_FIA8_10","l0s27",2018-04-29,"2018_post","FIA8_10","lXsY",84.0635738407552,0.999999999999995,0.999999999999995,0,1
"PR_29April2018_FIA8_10","l0s28",2018-04-29,"2018_post","FIA8_10","lXsY",81.4399588738412,0.999999999999983,0.999999999999983,0,1
"PR_29April2018_FIA8_10","l0s29",2018-04-29,"2018_post","FIA8_10","lXsY",81.4342805516534,0.999999999999981,0.999999999999981,0,1
"PR_29April2018_FIA8_10","l0s3",2018-04-29,"2018_post","FIA8_10","lXsY",123.403815965077,0.999999999999986,0.999999999999986,0,1
"PR_29April2018_FIA8_10","l0s30",2018-04-29,"2018_post","FIA8_10","lXsY",81.4407199159257,0.999999999999996,0.999999999999996,0,1
"PR_29April2018_FIA8_10","l0s31",2018-04-29,"2018_post","FIA8_10","lXsY",81.4447739380524,0.999999999999987,0.999999999999987,0,1
"PR_29April2018_FIA8_10","l0s32",2018-04-29,"2018_post","FIA8_10","lXsY",84.0765503669754,0.99999999999999,0.99999999999999,0,1
"PR_29April2018_FIA8_10","l0s33",2018-04-29,"2018_post","FIA8_10","lXsY",84.077563123703,1,1,0,1
"PR_29April2018_FIA8_10","l0s34",2018-04-29,"2018_post","FIA8_10","lXsY",102.460545850179,1,1,0,1
"PR_29April2018_FIA8_10","l0s35",2018-04-29,"2018_post","FIA8_10","lXsY",91.9587492446095,1,1,0,1
"PR_29April2018_FIA8_10","l0s36",2018-04-29,"2018_post","FIA8_10","lXsY",94.5900080995619,1,1,0,1
"PR_29April2018_FIA8_10","l0s37",2018-04-29,"2018_post","FIA8_10","lXsY",102.47254744643,1,1,0,1
"PR_29April2018_FIA8_10","l0s38",2018-04-29,"2018_post","FIA8_10","lXsY",84.0864429047868,1,1,0,1
"PR_29April2018_FIA8_10","l0s4",2018-04-29,"2018_post","FIA8_10","lXsY",144.411565847725,1,1,0,1
"PR_29April2018_FIA8_10","l0s5",2018-04-29,"2018_post","FIA8_10","lXsY",170.681029070461,1,1,0,1
"PR_29April2018_FIA8_10","l0s6",2018-04-29,"2018_post","FIA8_10","lXsY",133.90898520077,1,1,0,1
"PR_29April2018_FIA8_10","l0s7",2018-04-29,"2018_post","FIA8_10","lXsY",126.036297442061,0.999999999999973,0.999999999999973,0,1
"PR_29April2018_FIA8_10","l0s8",2018-04-29,"2018_post","FIA8_10","lXsY",128.673151588087,0.999999999999996,0.999999999999996,0,1
"PR_29April2018_FIA8_10","l0s9",2018-04-29,"2018_post","FIA8_10","lXsY",107.670000560983,0.999999999999969,0.999999999999969,0,1
"PR_30April2018_50","l0s3",2018-04-30,"2018_post","50","lXsY",121.047924267185,0.999999999999981,0.999999999999981,0,1
"PR_30April2018_50","l0s4",2018-04-30,"2018_post","50","lXsY",107.890754975186,0.999999999999985,0.999999999999971,0,1
"PR_30April2018_50","l0s5",2018-04-30,"2018_post","50","lXsY",115.791045456631,1,1,0,1
"PR_30April2018_50","l0s6",2018-04-30,"2018_post","50","lXsY",152.626670851785,0.999999999999999,0.999999999999987,0,1
"PR_30April2018_50","l0s7",2018-04-30,"2018_post","50","lXsY",226.317702645946,0.999999999999995,1,0,1
"PR_30April2018_50","l0s8",2018-04-30,"2018_post","50","lXsY",73.6869438275173,1,1,0,1
"PR_30April2018_51","l0s0",2018-04-30,"2018_post","51","lXsY",105.267159028851,0.999999999999968,0.999999999999978,0,1
"PR_30April2018_51","l0s1",2018-04-30,"2018_post","51","lXsY",110.517416243938,0.999999999999981,0.999999999999981,0,1
"PR_30April2018_51","l0s2",2018-04-30,"2018_post","51","lXsY",71.0559818930179,1,1,0,1
"PR_30April2018_51","l0s3",2018-04-30,"2018_post","51","lXsY",47.3700472472191,0.99999999999996,0.99999999999996,0,1
"PR_30April2018_51","l0s4",2018-04-30,"2018_post","51","lXsY",60.5272100794449,0.999999999999989,0.999999999999947,0,1
"PR_30April2018_52","l0s1",2018-04-30,"2018_post","52","lXsY",99.9993671150655,1,1,0,1
"PR_30April2018_52","l0s2",2018-04-30,"2018_post","52","lXsY",81.57641645668,0.999999999999982,0.999999999999982,0,1
"PR_30April2018_52","l0s3",2018-04-30,"2018_post","52","lXsY",107.894057911964,0.999999999999997,0.999999999999997,0,1
"PR_30April2018_52","l0s4",2018-04-30,"2018_post","52","lXsY",31.5814799516976,0.999999999999907,0.999999999999907,0,1
"PR_30April2018_53","l0s1",2018-04-30,"2018_post","53","lXsY",94.8026474016845,0.999999999999994,0.999999999999994,0,1
"PR_30April2018_53","l0s2",2018-04-30,"2018_post","53","lXsY",76.374838763535,0.999999999999952,0.999999999999952,0,1
"PR_30April2018_53","l0s3",2018-04-30,"2018_post","53","lXsY",47.4045294611424,0.999999999999946,0.999999999999946,0,1
"PR_30April2018_58","l0s1",2018-04-30,"2018_post","58","lXsY",63.1901876646042,1,0.999999999999948,0,1
"PR_30April2018_58","l0s2",2018-04-30,"2018_post","58","lXsY",60.5590918823123,0.999999999999983,1,0,1
"PR_30April2018_58","l0s3",2018-04-30,"2018_post","58","lXsY",84.2476924587801,0.999999999999999,0.999999999999946,0,1
"PR_30April2018_58","l0s4",2018-04-30,"2018_post","58","lXsY",76.3540074375197,0.999999999999955,0.999999999999994,0,1
"PR_30April2018_EV3","c0r0",2018-04-30,"2018_post","EV3","cXrY",102.681644453961,0.99999999999996,0.99999999999996,0,1
"PR_30April2018_EV3","c1r0",2018-04-30,"2018_post","EV3","cXrY",102.681230366087,0.530276653084743,0.999999999999915,0,1
"PR_30April2018_EV3","c0r1",2018-04-30,"2018_post","EV3","cXrY",102.681460026801,1,0.999999999999996,0,1
"PR_30April2018_EV3","c1r1",2018-04-30,"2018_post","EV3","cXrY",102.681209118477,0.999999999999949,0.999999999999949,0,1
"PR_30April2018_EV3","c0r2",2018-04-30,"2018_post","EV3","cXrY",102.686715533361,1,1,1,2
"PR_30April2018_EV3","c1r2",2018-04-30,"2018_post","EV3","cXrY",102.681027305222,1,1,1,2
"PR_30April2018_EV3","c1r3",2018-04-30,"2018_post","EV3","cXrY",102.68084756557,1,1,1,2
"PR_30April2018_EV3","c2r3",2018-04-30,"2018_post","EV3","cXrY",102.680598314178,1,1,0,1
"PR_30April2018_EV3","c1r4",2018-04-30,"2018_post","EV3","cXrY",102.692047319272,1,1,1,2
"PR_30April2018_EV3","c2r4",2018-04-30,"2018_post","EV3","cXrY",102.691550931636,0.999999999999989,0.999999999999989,0.999999999999989,2
"PR_30April2018_EV3","c1r5",2018-04-30,"2018_post","EV3","cXrY",102.675382137159,1,1,1,2
"PR_30April2018_EV3","c2r5",2018-04-30,"2018_post","EV3","cXrY",102.691376161993,0.999999999999949,0.999999999999949,0.999999999999949,2
"PR_30April2018_EV3","c3r5",2018-04-30,"2018_post","EV3","cXrY",102.691381507495,1,1,0,1
"PR_30April2018_EV3","c2r6",2018-04-30,"2018_post","EV3","cXrY",102.680396772036,0.999999999999994,0.999999999999994,0.999999999999994,2
"PR_30April2018_EV3","c3r6",2018-04-30,"2018_post","EV3","cXrY",102.680155868769,0.999999999999982,0.999999999999982,0.999999999999982,2
"PR_30April2018_EV3","c2r7",2018-04-30,"2018_post","EV3","cXrY",102.680064357266,0.999999999999989,0.999999999999989,0.999999999999989,2
"PR_30April2018_EV3","c3r7",2018-04-30,"2018_post","EV3","cXrY",102.679984937215,1,1,1,2
"PR_30April2018_FIA217","l0s0",2018-04-30,"2018_post","FIA217","lXsY",97.3306365529522,0.810492872539392,1,0,1
"PR_30April2018_FIA217","l0s1",2018-04-30,"2018_post","FIA217","lXsY",110.479513124534,0,0.999999999999943,0,0
"PR_30April2018_FIA217","l0s10",2018-04-30,"2018_post","FIA217","lXsY",107.842024652,0,1,0,0
"PR_30April2018_FIA217","l0s11",2018-04-30,"2018_post","FIA217","lXsY",105.207439936024,0,0.999999999999983,0,0
"PR_30April2018_FIA217","l0s12",2018-04-30,"2018_post","FIA217","lXsY",105.212783388354,0,0.999999999999988,0,0
"PR_30April2018_FIA217","l0s13",2018-04-30,"2018_post","FIA217","lXsY",105.213266277444,0,1,0,0
"PR_30April2018_FIA217","l0s14",2018-04-30,"2018_post","FIA217","lXsY",105.218611390957,0,1,0,0
"PR_30April2018_FIA217","l0s15",2018-04-30,"2018_post","FIA217","lXsY",97.3215404201835,0,0.99999999999997,0,0
"PR_30April2018_FIA217","l0s16",2018-04-30,"2018_post","FIA217","lXsY",71.0145621164799,0,0.999999999999994,0,0
"PR_30April2018_FIA217","l0s2",2018-04-30,"2018_post","FIA217","lXsY",102.598370641094,0,1,0,0
"PR_30April2018_FIA217","l0s3",2018-04-30,"2018_post","FIA217","lXsY",105.218115483555,0,0.999999999999992,0,0
"PR_30April2018_FIA217","l0s4",2018-04-30,"2018_post","FIA217","lXsY",105.212723253269,0,0.999999999999968,0,0
"PR_30April2018_FIA217","l0s5",2018-04-30,"2018_post","FIA217","lXsY",110.477840113096,0,1,0,0
"PR_30April2018_FIA217","l0s6",2018-04-30,"2018_post","FIA217","lXsY",105.212480127484,0,1,0,0
"PR_30April2018_FIA217","l0s7",2018-04-30,"2018_post","FIA217","lXsY",105.218606202921,0.948277890272095,0.999999999999992,0,1
"PR_30April2018_FIA217","l0s8",2018-04-30,"2018_post","FIA217","lXsY",105.20718793007,0.204939377782075,1,0,0
"PR_30April2018_FIA217","l0s9",2018-04-30,"2018_post","FIA217","lXsY",113.107474581587,0,1,0,0
"PR_30April2018_FIA218","l0s0",2018-04-30,"2018_post","FIA218","lXsY",118.378586223741,0.126797963601719,0.999999999999975,0,0
"PR_30April2018_FIA218","l0s1",2018-04-30,"2018_post","FIA218","lXsY",118.388765467218,0,1,0,0
"PR_30April2018_FIA218","l0s10",2018-04-30,"2018_post","FIA218","lXsY",118.408618916106,0,1,0,0
"PR_30April2018_FIA218","l0s11",2018-04-30,"2018_post","FIA218","lXsY",118.406766846053,0,0.999999999999987,0,0
"PR_30April2018_FIA218","l0s12",2018-04-30,"2018_post","FIA218","lXsY",115.781454220395,0,0.999999999999996,0,0
"PR_30April2018_FIA218","l0s13",2018-04-30,"2018_post","FIA218","lXsY",115.779824050154,0,1,0,0
"PR_30April2018_FIA218","l0s14",2018-04-30,"2018_post","FIA218","lXsY",113.142309225291,0,0.999999999999998,0,0
"PR_30April2018_FIA218","l0s15",2018-04-30,"2018_post","FIA218","lXsY",115.782272901702,0,1,0,0
"PR_30April2018_FIA218","l0s16",2018-04-30,"2018_post","FIA218","lXsY",121.051365096572,0,0.999999999999915,0,0
"PR_30April2018_FIA218","l0s17",2018-04-30,"2018_post","FIA218","lXsY",123.686005621356,0,1,0,0
"PR_30April2018_FIA218","l0s18",2018-04-30,"2018_post","FIA218","lXsY",105.258064632784,0,1,0,0
"PR_30April2018_FIA218","l0s19",2018-04-30,"2018_post","FIA218","lXsY",118.427774721184,0,1,0,0
"PR_30April2018_FIA218","l0s2",2018-04-30,"2018_post","FIA218","lXsY",121.016810014158,0,0.999999999999979,0,0
"PR_30April2018_FIA218","l0s20",2018-04-30,"2018_post","FIA218","lXsY",97.3717824754074,0,1,0,0
"PR_30April2018_FIA218","l0s3",2018-04-30,"2018_post","FIA218","lXsY",126.28583355664,0,1,0,0
"PR_30April2018_FIA218","l0s4",2018-04-30,"2018_post","FIA218","lXsY",121.018461697114,0,0.999999999999992,0,0
"PR_30April2018_FIA218","l0s5",2018-04-30,"2018_post","FIA218","lXsY",110.499769459534,0,0.999999999999996,0,0
"PR_30April2018_FIA218","l0s6",2018-04-30,"2018_post","FIA218","lXsY",113.138719942428,0,0.999999999999975,0,0
"PR_30April2018_FIA218","l0s7",2018-04-30,"2018_post","FIA218","lXsY",118.401610428543,0,0.999999999999987,0,0
"PR_30April2018_FIA218","l0s8",2018-04-30,"2018_post","FIA218","lXsY",121.029159180641,0,1,0,0
"PR_30April2018_FIA218","l0s9",2018-04-30,"2018_post","FIA218","lXsY",115.762903856784,0,0.999999999999975,0,0
"PR_30April2018_FIA223","l0s0",2018-04-30,"2018_post","FIA223","lXsY",110.573816076955,0,1,0,0
"PR_30April2018_FIA223","l0s1",2018-04-30,"2018_post","FIA223","lXsY",197.464231709588,0,0.999999999999972,0,0
"PR_30April2018_FIA223","l0s10",2018-04-30,"2018_post","FIA223","lXsY",197.418758266224,0,0.999999999999979,0,0
"PR_30April2018_FIA223","l0s11",2018-04-30,"2018_post","FIA223","lXsY",168.479531755948,0,0.999999999999997,0,0
"PR_30April2018_FIA223","l0s12",2018-04-30,"2018_post","FIA223","lXsY",86.8703463291586,0,0.999999999999988,0,0
"PR_30April2018_FIA223","l0s2",2018-04-30,"2018_post","FIA223","lXsY",197.454462966447,0,0.999999999999989,0,0
"PR_30April2018_FIA223","l0s3",2018-04-30,"2018_post","FIA223","lXsY",202.711697215781,0.20608102756799,0.999999999999985,0,0
"PR_30April2018_FIA223","l0s4",2018-04-30,"2018_post","FIA223","lXsY",200.084553116886,0.266175729306747,0.999999999999985,0,0
"PR_30April2018_FIA223","l0s5",2018-04-30,"2018_post","FIA223","lXsY",200.079531363444,0,1,0,0
"PR_30April2018_FIA223","l0s6",2018-04-30,"2018_post","FIA223","lXsY",197.441930826107,0,1,0,0
"PR_30April2018_FIA223","l0s7",2018-04-30,"2018_post","FIA223","lXsY",205.341712194453,0,0.999999999999995,0,0
"PR_30April2018_FIA223","l0s8",2018-04-30,"2018_post","FIA223","lXsY",197.43837043587,0,0.999999999999984,0,0
"PR_30April2018_FIA223","l0s9",2018-04-30,"2018_post","FIA223","lXsY",207.970073882219,0,0.999999999999996,0,0
"PR_30April2018_FIA26","l0s0",2018-04-30,"2018_post","FIA26","lXsY",134.15102191703,0.999999999999969,0.999999999999969,0,1
"PR_30April2018_FIA26","l0s1",2018-04-30,"2018_post","FIA26","lXsY",228.846983858976,1,1,0,1
"PR_30April2018_FIA26","l0s10",2018-04-30,"2018_post","FIA26","lXsY",231.509324022353,0.999999999999996,0.999999999999996,0,1
"PR_30April2018_FIA26","l0s11",2018-04-30,"2018_post","FIA26","lXsY",226.259839295408,0.999999999999977,0.999999999999977,0,1
"PR_30April2018_FIA26","l0s12",2018-04-30,"2018_post","FIA26","lXsY",234.152536470425,1,1,0,1
"PR_30April2018_FIA26","l0s13",2018-04-30,"2018_post","FIA26","lXsY",234.150534782988,0.99999999999995,0.99999999999995,0,1
"PR_30April2018_FIA26","l0s14",2018-04-30,"2018_post","FIA26","lXsY",234.167758831912,1,1,0,1
"PR_30April2018_FIA26","l0s15",2018-04-30,"2018_post","FIA26","lXsY",236.787831295124,1,1,0,1
"PR_30April2018_FIA26","l0s16",2018-04-30,"2018_post","FIA26","lXsY",186.809139061427,0.999999999999979,0.999999999999979,0,1
"PR_30April2018_FIA26","l0s17",2018-04-30,"2018_post","FIA26","lXsY",128.930063115937,1,1,0,1
"PR_30April2018_FIA26","l0s18",2018-04-30,"2018_post","FIA26","lXsY",149.985856238616,1,1,0,1
"PR_30April2018_FIA26","l0s19",2018-04-30,"2018_post","FIA26","lXsY",136.826973642787,1,1,0,1
"PR_30April2018_FIA26","l0s2",2018-04-30,"2018_post","FIA26","lXsY",213.063378786868,0.999999999999985,0.999999999999985,0,1
"PR_30April2018_FIA26","l0s20",2018-04-30,"2018_post","FIA26","lXsY",165.781679871237,1,1,0,1
"PR_30April2018_FIA26","l0s21",2018-04-30,"2018_post","FIA26","lXsY",139.468601719424,0.999999999999973,0.999999999999973,0,1
"PR_30April2018_FIA26","l0s22",2018-04-30,"2018_post","FIA26","lXsY",128.945932978079,0.999999999999992,0.999999999999992,0,1
"PR_30April2018_FIA26","l0s23",2018-04-30,"2018_post","FIA26","lXsY",107.886064164977,1,1,0,1
"PR_30April2018_FIA26","l0s24",2018-04-30,"2018_post","FIA26","lXsY",160.5309952582,1,1,0,1
"PR_30April2018_FIA26","l0s25",2018-04-30,"2018_post","FIA26","lXsY",131.573835327587,1,1,0,1
"PR_30April2018_FIA26","l0s26",2018-04-30,"2018_post","FIA26","lXsY",128.940760353908,0.99999999999991,0.999999999999968,0,1
"PR_30April2018_FIA26","l0s27",2018-04-30,"2018_post","FIA26","lXsY",107.897808067821,0.999999999999988,0.999999999999972,0,1
"PR_30April2018_FIA26","l0s28",2018-04-30,"2018_post","FIA26","lXsY",94.7440694954425,0.999999999999962,0.999999999999997,0,1
"PR_30April2018_FIA26","l0s3",2018-04-30,"2018_post","FIA26","lXsY",239.366941026628,0.999999999999992,0.999999999999992,0,1
"PR_30April2018_FIA26","l0s4",2018-04-30,"2018_post","FIA26","lXsY",252.529768821755,0.999999999999999,0.999999999999999,0,1
"PR_30April2018_FIA26","l0s5",2018-04-30,"2018_post","FIA26","lXsY",242.012098422077,1,1,0,1
"PR_30April2018_FIA26","l0s6",2018-04-30,"2018_post","FIA26","lXsY",255.187033299166,1,1,0,1
"PR_30April2018_FIA26","l0s7",2018-04-30,"2018_post","FIA26","lXsY",215.722184002173,0.999999999999984,0.999999999999984,0,1
"PR_30April2018_FIA26","l0s8",2018-04-30,"2018_post","FIA26","lXsY",199.936949080566,0.999999999999979,0.999999999999979,0,1
"PR_30April2018_FIA26","l0s9",2018-04-30,"2018_post","FIA26","lXsY",228.864481306437,1,1,0,1
"PR_30April2018_FIA30","l0s10",2018-04-30,"2018_post","FIA30","lXsY",136.898472041534,0.999999999999999,0.999999999999999,0,1
"PR_30April2018_FIA30","l0s11",2018-04-30,"2018_post","FIA30","lXsY",192.177071932776,0.999999999999972,0.999999999999972,0,1
"PR_30April2018_FIA30","l0s12",2018-04-30,"2018_post","FIA30","lXsY",200.073540125223,0.999999999999995,1,0,1
"PR_30April2018_FIA30","l0s13",2018-04-30,"2018_post","FIA30","lXsY",197.449090799712,1,1,0.249190341473196,1
"PR_30April2018_FIA30","l0s14",2018-04-30,"2018_post","FIA30","lXsY",279.057863832957,0.999999999999989,0.999999999999989,0.957414185530022,2
"PR_30April2018_FIA30","l0s15",2018-04-30,"2018_post","FIA30","lXsY",200.08464370774,0.99999999999998,0.99999999999998,0.869931048606032,2
"PR_30April2018_FIA30","l0s16",2018-04-30,"2018_post","FIA30","lXsY",50.0200074753761,1,1,0.426973316588542,1
"PR_30April2018_FIA30","l0s7",2018-04-30,"2018_post","FIA30","lXsY",131.625766608992,0.999999999999968,0.999999999999968,0,1
"PR_30April2018_FIA30","l0s8",2018-04-30,"2018_post","FIA30","lXsY",131.624442393905,0.999999999999989,0.999999999999989,0,1
"PR_30April2018_FIA30","l0s9",2018-04-30,"2018_post","FIA30","lXsY",155.325410577892,0.999999999999989,0.999999999999989,0,1
"PR_30April2018_FIA32","l0s10",2018-04-30,"2018_post","FIA32","lXsY",228.955532755175,0.999999999999999,0.999999999999999,0,1
"PR_30April2018_FIA32","l0s11",2018-04-30,"2018_post","FIA32","lXsY",128.955266932298,0.999999999999995,0.999999999999995,0,1
"PR_30April2018_FIA32","l0s12",2018-04-30,"2018_post","FIA32","lXsY",123.68423959675,0.99999999999998,0.99999999999998,0,1
"PR_30April2018_FIA32","l0s13",2018-04-30,"2018_post","FIA32","lXsY",71.0489102965504,1,1,0,1
"PR_30April2018_FIA32","l0s4",2018-04-30,"2018_post","FIA32","lXsY",89.4746969521075,1,1,0,1
"PR_30April2018_FIA32","l0s5",2018-04-30,"2018_post","FIA32","lXsY",78.9436695131078,1,1,0,1
"PR_30April2018_FIA32","l0s6",2018-04-30,"2018_post","FIA32","lXsY",78.9494163674459,0.999999999999976,0.999999999999989,0,1
"PR_30April2018_FIA32","l0s7",2018-04-30,"2018_post","FIA32","lXsY",100.003223715243,0.999999999999979,1,0,1
"PR_30April2018_FIA32","l0s8",2018-04-30,"2018_post","FIA32","lXsY",186.833256428935,0.999999999999974,0.999999999999998,0,1
"PR_30April2018_FIA32","l0s9",2018-04-30,"2018_post","FIA32","lXsY",234.216443536665,0.999999999999998,0.999999999999998,0,1
"PR_30April2018_FIA33","l0s1",2018-04-30,"2018_post","FIA33","lXsY",176.36133581273,1,1,0,1
"PR_30April2018_FIA33","l0s10",2018-04-30,"2018_post","FIA33","lXsY",160.550674249464,1,0.999999999999996,0,1
"PR_30April2018_FIA33","l0s11",2018-04-30,"2018_post","FIA33","lXsY",144.744490709548,1,1,0,1
"PR_30April2018_FIA33","l0s12",2018-04-30,"2018_post","FIA33","lXsY",131.594235827412,1,1,0,1
"PR_30April2018_FIA33","l0s13",2018-04-30,"2018_post","FIA33","lXsY",131.592955324419,0.999999999999991,0.999999999999991,0,1
"PR_30April2018_FIA33","l0s14",2018-04-30,"2018_post","FIA33","lXsY",134.217482881823,1,1,0,1
"PR_30April2018_FIA33","l0s15",2018-04-30,"2018_post","FIA33","lXsY",92.1121208491653,0.999999999999991,0.999999999999988,0,1
"PR_30April2018_FIA33","l0s2",2018-04-30,"2018_post","FIA33","lXsY",181.61664640419,0.999999999999986,0.999999999999986,0,1
"PR_30April2018_FIA33","l0s3",2018-04-30,"2018_post","FIA33","lXsY",165.826253532696,1,1,0,1
"PR_30April2018_FIA33","l0s4",2018-04-30,"2018_post","FIA33","lXsY",178.985782550968,0.999999999999997,0.999999999999997,0,1
"PR_30April2018_FIA33","l0s5",2018-04-30,"2018_post","FIA33","lXsY",160.553426730993,0.999999999999996,0.999999999999996,0,1
"PR_30April2018_FIA33","l0s6",2018-04-30,"2018_post","FIA33","lXsY",176.354803966907,0.999999999999981,0.999999999999981,0,1
"PR_30April2018_FIA33","l0s7",2018-04-30,"2018_post","FIA33","lXsY",173.722573663878,0.999999999999993,0.999999999999993,0,1
"PR_30April2018_FIA33","l0s8",2018-04-30,"2018_post","FIA33","lXsY",181.611295839046,0.999999999999976,0.999999999999976,0,1
"PR_30April2018_FIA33","l0s9",2018-04-30,"2018_post","FIA33","lXsY",165.810149771103,0.999999999999985,0.999999999999995,0,1
"PR_30April2018_FIA34","l0s10",2018-04-30,"2018_post","FIA34","lXsY",81.5894920486108,1,1,0,1
"PR_30April2018_FIA34","l0s11",2018-04-30,"2018_post","FIA34","lXsY",86.8648315440044,1,1,0,1
"PR_30April2018_FIA34","l0s12",2018-04-30,"2018_post","FIA34","lXsY",86.8542228790984,0.999999999999939,0.999999999999939,0,1
"PR_30April2018_FIA34","l0s13",2018-04-30,"2018_post","FIA34","lXsY",84.2283089752391,1,1,0,1
"PR_30April2018_FIA34","l0s14",2018-04-30,"2018_post","FIA34","lXsY",86.8680124419019,0.999999999999984,0.999999999999984,0,1
"PR_30April2018_FIA34","l0s15",2018-04-30,"2018_post","FIA34","lXsY",81.6030446026415,0.999999999999966,0.999999999999966,0,1
"PR_30April2018_FIA34","l0s16",2018-04-30,"2018_post","FIA34","lXsY",86.8672374817073,1,1,0,1
"PR_30April2018_FIA34","l0s17",2018-04-30,"2018_post","FIA34","lXsY",86.8667854099929,0.999999999999987,0.999999999999987,0,1
"PR_30April2018_FIA34","l0s18",2018-04-30,"2018_post","FIA34","lXsY",86.8667143586948,1,1,0,1
"PR_30April2018_FIA34","l0s3",2018-04-30,"2018_post","FIA34","lXsY",81.5818158062354,1,1,0,1
"PR_30April2018_FIA34","l0s4",2018-04-30,"2018_post","FIA34","lXsY",84.2171453618258,1,1,0,1
"PR_30April2018_FIA34","l0s5",2018-04-30,"2018_post","FIA34","lXsY",73.6916468671143,0.999999999999979,0.999999999999979,0,1
"PR_30April2018_FIA34","l0s6",2018-04-30,"2018_post","FIA34","lXsY",76.3251973963723,0.999999999999994,0.999999999999994,0,1
"PR_30April2018_FIA34","l0s7",2018-04-30,"2018_post","FIA34","lXsY",76.3152831043661,1,1,0,1
"PR_30April2018_FIA34","l0s8",2018-04-30,"2018_post","FIA34","lXsY",92.1209972683832,0.999999999999972,0.999999999999972,0,1
"PR_30April2018_FIA34","l0s9",2018-04-30,"2018_post","FIA34","lXsY",92.1209196823776,0.999999999999991,0.999999999999991,0,1
"PR_30April2018_FIA35","l0s1",2018-04-30,"2018_post","FIA35","lXsY",181.518818742922,0.999999999999985,0.999999999999994,0,1
"PR_30April2018_FIA35","l0s10",2018-04-30,"2018_post","FIA35","lXsY",213.111170160773,0.999999999999983,0.999999999999983,0,1
"PR_30April2018_FIA35","l0s11",2018-04-30,"2018_post","FIA35","lXsY",181.54558302083,0.999999999999959,0.999999999999959,0,1
"PR_30April2018_FIA35","l0s12",2018-04-30,"2018_post","FIA35","lXsY",168.398274319562,1,1,0,1
"PR_30April2018_FIA35","l0s13",2018-04-30,"2018_post","FIA35","lXsY",194.712490172902,1,1,0,1
"PR_30April2018_FIA35","l0s14",2018-04-30,"2018_post","FIA35","lXsY",176.285772819361,1,1,0,1
"PR_30April2018_FIA35","l0s15",2018-04-30,"2018_post","FIA35","lXsY",184.197599837989,1,1,0,1
"PR_30April2018_FIA35","l0s16",2018-04-30,"2018_post","FIA35","lXsY",189.462762284762,0.99999999999998,0.99999999999998,0,1
"PR_30April2018_FIA35","l0s2",2018-04-30,"2018_post","FIA35","lXsY",176.249616172054,0.999999999999957,0.999999999999957,0,1
"PR_30April2018_FIA35","l0s3",2018-04-30,"2018_post","FIA35","lXsY",178.890659826499,1,1,0,1
"PR_30April2018_FIA35","l0s4",2018-04-30,"2018_post","FIA35","lXsY",199.94021281586,0.999999999999992,0.999999999999992,0,1
"PR_30April2018_FIA35","l0s5",2018-04-30,"2018_post","FIA35","lXsY",202.581092199814,1,1,0,1
"PR_30April2018_FIA35","l0s6",2018-04-30,"2018_post","FIA35","lXsY",205.207425373578,1,1,0,1
"PR_30April2018_FIA35","l0s7",2018-04-30,"2018_post","FIA35","lXsY",181.536840430039,0.999999999999987,0.999999999999987,0,1
"PR_30April2018_FIA35","l0s8",2018-04-30,"2018_post","FIA35","lXsY",215.750213018206,0.999999999999955,0.999999999999955,0,1
"PR_30April2018_FIA35","l0s9",2018-04-30,"2018_post","FIA35","lXsY",160.488494946375,1,1,0,1
"PR_30April2018_FIA36","l0s10",2018-04-30,"2018_post","FIA36","lXsY",110.555576728159,1,1,0,1
"PR_30April2018_FIA36","l0s11",2018-04-30,"2018_post","FIA36","lXsY",105.291218358615,1,1,0,1
"PR_30April2018_FIA36","l0s12",2018-04-30,"2018_post","FIA36","lXsY",123.725181815764,1,1,0,1
"PR_30April2018_FIA36","l0s13",2018-04-30,"2018_post","FIA36","lXsY",115.830306987712,0.99999999999996,0.99999999999996,0,1
"PR_30April2018_FIA36","l0s14",2018-04-30,"2018_post","FIA36","lXsY",94.7732998055577,1,1,0,1
"PR_30April2018_FIA36","l0s15",2018-04-30,"2018_post","FIA36","lXsY",123.734450091147,1,1,0,1
"PR_30April2018_FIA36","l0s16",2018-04-30,"2018_post","FIA36","lXsY",110.578237547711,1,1,0,1
"PR_30April2018_FIA36","l0s17",2018-04-30,"2018_post","FIA36","lXsY",102.666213513643,0.999999999999944,0.999999999999973,0,1
"PR_30April2018_FIA36","l0s3",2018-04-30,"2018_post","FIA36","lXsY",107.913252247334,1,1,0,1
"PR_30April2018_FIA36","l0s4",2018-04-30,"2018_post","FIA36","lXsY",105.289827968557,1,1,0,1
"PR_30April2018_FIA36","l0s5",2018-04-30,"2018_post","FIA36","lXsY",123.700076714462,1,1,0,1
"PR_30April2018_FIA36","l0s6",2018-04-30,"2018_post","FIA36","lXsY",107.921722031043,1,1,0,1
"PR_30April2018_FIA36","l0s7",2018-04-30,"2018_post","FIA36","lXsY",102.657311637923,0.999999999999987,0.999999999999987,0,1
"PR_30April2018_FIA36","l0s8",2018-04-30,"2018_post","FIA36","lXsY",100.027737758499,1,1,0,1
"PR_30April2018_FIA36","l0s9",2018-04-30,"2018_post","FIA36","lXsY",113.190461305532,0.999999999999944,0.999999999999944,0,1
"PR_30April2018_FIA39","l0s1",2018-04-30,"2018_post","FIA39","lXsY",71.0427856292248,0.999999999999972,0.999999999999972,0,1
"PR_30April2018_FIA39","l0s10",2018-04-30,"2018_post","FIA39","lXsY",115.77154377993,1,1,0,1
"PR_30April2018_FIA39","l0s11",2018-04-30,"2018_post","FIA39","lXsY",89.4553582914546,0.999999999999981,0.999999999999989,0,1
"PR_30April2018_FIA39","l0s2",2018-04-30,"2018_post","FIA39","lXsY",81.569058867611,1,1,0,1
"PR_30April2018_FIA39","l0s3",2018-04-30,"2018_post","FIA39","lXsY",115.77098808863,1,1,0,1
"PR_30April2018_FIA39","l0s4",2018-04-30,"2018_post","FIA39","lXsY",105.252309221022,0.999999999999974,0.999999999999974,0,1
"PR_30April2018_FIA39","l0s5",2018-04-30,"2018_post","FIA39","lXsY",126.297945670204,0.999999999999998,0.999999999999998,0,1
"PR_30April2018_FIA39","l0s6",2018-04-30,"2018_post","FIA39","lXsY",118.407559887244,0.99999999999999,0.99999999999999,0,1
"PR_30April2018_FIA39","l0s7",2018-04-30,"2018_post","FIA39","lXsY",123.662481221338,0.999999999999974,0.999999999999974,0,1
"PR_30April2018_FIA39","l0s8",2018-04-30,"2018_post","FIA39","lXsY",121.03889115198,0.999999999999986,0.999999999999986,0,1
"PR_30April2018_FIA39","l0s9",2018-04-30,"2018_post","FIA39","lXsY",107.87898929321,1,1,0,1
"PR_2May018_FIA12","l0s0",2018-05-02,"2018_post","FIA12","lXsY",105.128835776989,0.999999999999993,0.999999999999993,0,1
"PR_2May018_FIA12","l0s1",2018-05-02,"2018_post","FIA12","lXsY",105.12974058823,0.999999999999977,1,4.69235802226594e-07,1
"PR_2May018_FIA12","l0s10",2018-05-02,"2018_post","FIA12","lXsY",176.130623166719,1,1,1,2
"PR_2May018_FIA12","l0s11",2018-05-02,"2018_post","FIA12","lXsY",134.061054117353,1,1,1,2
"PR_2May018_FIA12","l0s12",2018-05-02,"2018_post","FIA12","lXsY",113.04528242458,1,1,1,2
"PR_2May018_FIA12","l0s13",2018-05-02,"2018_post","FIA12","lXsY",105.159115790403,1,0.999999999999977,1,2
"PR_2May018_FIA12","l0s14",2018-05-02,"2018_post","FIA12","lXsY",86.7577465127409,1,1,1,2
"PR_2May018_FIA12","l0s15",2018-05-02,"2018_post","FIA12","lXsY",97.2780088212892,1,1,1,2
"PR_2May018_FIA12","l0s16",2018-05-02,"2018_post","FIA12","lXsY",97.2782088551164,1,1,1,2
"PR_2May018_FIA12","l0s17",2018-05-02,"2018_post","FIA12","lXsY",105.175357570904,0.999999999999994,0.999999999999994,0.999999999999994,2
"PR_2May018_FIA12","l0s18",2018-05-02,"2018_post","FIA12","lXsY",99.9069884484142,0.999999999999957,0.999999999999957,0.999999999999957,2
"PR_2May018_FIA12","l0s19",2018-05-02,"2018_post","FIA12","lXsY",102.534544049564,0.999999999999997,0.999999999999997,0.999999999999997,2
"PR_2May018_FIA12","l0s2",2018-05-02,"2018_post","FIA12","lXsY",123.524531698841,0.999999999999976,0.999999999999981,0.999999999999981,2
"PR_2May018_FIA12","l0s20",2018-05-02,"2018_post","FIA12","lXsY",86.767375304845,0.999999999999979,0.999999999999979,0.999999999999979,2
"PR_2May018_FIA12","l0s21",2018-05-02,"2018_post","FIA12","lXsY",84.1383023367018,1,1,1,2
"PR_2May018_FIA12","l0s22",2018-05-02,"2018_post","FIA12","lXsY",92.0243947109833,0.999999999999984,0.999999999999984,1,2
"PR_2May018_FIA12","l0s3",2018-05-02,"2018_post","FIA12","lXsY",128.782981680131,0.999999999999995,0.999999999999995,0.999999999999995,2
"PR_2May018_FIA12","l0s4",2018-05-02,"2018_post","FIA12","lXsY",141.932412264033,0.999999999999977,0.999999999999977,0.999999999999977,2
"PR_2May018_FIA12","l0s5",2018-05-02,"2018_post","FIA12","lXsY",131.421195575826,0.999999999999981,1,0.999999999999981,2
"PR_2May018_FIA12","l0s6",2018-05-02,"2018_post","FIA12","lXsY",120.909713691455,0.99999999999999,1,0.99999999999999,2
"PR_2May018_FIA12","l0s7",2018-05-02,"2018_post","FIA12","lXsY",115.654146893358,1,1,1,2
"PR_2May018_FIA12","l0s8",2018-05-02,"2018_post","FIA12","lXsY",99.8787331905186,0.99999999999999,0.99999999999999,0.99999999999999,2
"PR_2May018_FIA12","l0s9",2018-05-02,"2018_post","FIA12","lXsY",136.686044516082,1,1,1,2
"PR_2May018_FIA12_reservoir1","l0s0",2018-05-02,"2018_post","FIA12_reservoir1","lXsY",97.2681005177498,0,0.999999999999978,0,0
"PR_2May018_FIA12_reservoir1","l0s1",2018-05-02,"2018_post","FIA12_reservoir1","lXsY",92.006892923981,0.956663399550458,1,0.956663399550458,2
"PR_2May018_FIA12_reservoir1","l0s2",2018-05-02,"2018_post","FIA12_reservoir1","lXsY",86.7511923787817,0.246333747478676,1,0.246333747478676,0
"PR_2May018_FIA12_reservoir1","l0s3",2018-05-02,"2018_post","FIA12_reservoir1","lXsY",126.178645945023,0,1,0,0
"PR_2May018_FIA12_reservoir1","l0s4",2018-05-02,"2018_post","FIA12_reservoir1","lXsY",141.950622163557,0,1,0,0
"PR_2May018_FIA12_reservoir1","l0s5",2018-05-02,"2018_post","FIA12_reservoir1","lXsY",55.1997327482775,0,0.999999999999974,0,0
"PR_2May018_FIA12_reservoir2","l0s0",2018-05-02,"2018_post","FIA12_reservoir2","lXsY",97.2686743290931,0,1,0,0
"PR_2May018_FIA12_reservoir2","l0s1",2018-05-02,"2018_post","FIA12_reservoir2","lXsY",105.143319375208,0.846927039380391,0.999999999999996,0.846927039380391,2
"PR_2May018_FIA12_reservoir2","l0s2",2018-05-02,"2018_post","FIA12_reservoir2","lXsY",99.8924225137875,0.492660550065916,1,0.492660550065916,0
"PR_2May018_FIA12_reservoir2","l0s3",2018-05-02,"2018_post","FIA12_reservoir2","lXsY",99.8932638993606,0.00726802695239171,1,0.00726802695239171,0
"PR_2May018_FIA12_reservoir2","l0s4",2018-05-02,"2018_post","FIA12_reservoir2","lXsY",97.2655727018177,0,1,0,0
"PR_2May018_FIA12_reservoir2","l0s5",2018-05-02,"2018_post","FIA12_reservoir2","lXsY",86.7494302035987,0,0.999999999999984,0,0
"PR_2May018_FIA12_reservoir3","l0s0",2018-05-02,"2018_post","FIA12_reservoir3","lXsY",68.3444563344076,0,0.99999999999998,0,0
"PR_2May018_FIA12_reservoir3","l0s1",2018-05-02,"2018_post","FIA12_reservoir3","lXsY",42.0551688137978,0,1,0,0
"PR_2May018_FIA12_reservoir3","l0s10",2018-05-02,"2018_post","FIA12_reservoir3","lXsY",84.1148858074263,0,0.999999999999983,0,0
"PR_2May018_FIA12_reservoir3","l0s11",2018-05-02,"2018_post","FIA12_reservoir3","lXsY",92.0101722830236,0,0.999999999999972,0,0
"PR_2May018_FIA12_reservoir3","l0s12",2018-05-02,"2018_post","FIA12_reservoir3","lXsY",89.3776247917101,0.0288228614451839,0.999999999999982,0.0288228614451839,0
"PR_2May018_FIA12_reservoir3","l0s13",2018-05-02,"2018_post","FIA12_reservoir3","lXsY",86.7460539497987,0.649797501020125,0.999999999999991,0.649797501020125,2
"PR_2May018_FIA12_reservoir3","l0s14",2018-05-02,"2018_post","FIA12_reservoir3","lXsY",94.6344121186912,0.679889340901297,1,0.679889340901297,2
"PR_2May018_FIA12_reservoir3","l0s15",2018-05-02,"2018_post","FIA12_reservoir3","lXsY",89.3754021104902,0.512962985385086,0.999999999999997,0.512962985385086,2
"PR_2May018_FIA12_reservoir3","l0s16",2018-05-02,"2018_post","FIA12_reservoir3","lXsY",113.031227514142,0.888930993832614,0.999999999999965,0.888930993832614,2
"PR_2May018_FIA12_reservoir3","l0s17",2018-05-02,"2018_post","FIA12_reservoir3","lXsY",126.176924129164,0.0638845685247011,1,0.0638845685247011,0
"PR_2May018_FIA12_reservoir3","l0s18",2018-05-02,"2018_post","FIA12_reservoir3","lXsY",120.908947974899,0,1,0,0
"PR_2May018_FIA12_reservoir3","l0s19",2018-05-02,"2018_post","FIA12_reservoir3","lXsY",52.5725666647375,0,0.999999999999978,0,0
"PR_2May018_FIA12_reservoir3","l0s2",2018-05-02,"2018_post","FIA12_reservoir3","lXsY",63.0937289243624,0,0.999999999999984,0,0
"PR_2May018_FIA12_reservoir3","l0s3",2018-05-02,"2018_post","FIA12_reservoir3","lXsY",65.7159944088697,0,0.999999999999965,0,0
"PR_2May018_FIA12_reservoir3","l0s4",2018-05-02,"2018_post","FIA12_reservoir3","lXsY",39.4254793235138,0,1,0,0
"PR_2May018_FIA12_reservoir3","l0s5",2018-05-02,"2018_post","FIA12_reservoir3","lXsY",92.0057419320226,0,0.999999999999971,0,0
"PR_2May018_FIA12_reservoir3","l0s6",2018-05-02,"2018_post","FIA12_reservoir3","lXsY",105.148506663412,0,1,0,0
"PR_2May018_FIA12_reservoir3","l0s7",2018-05-02,"2018_post","FIA12_reservoir3","lXsY",199.789587680741,0.812657559333424,0.999999999999984,0.812657559333424,2
"PR_2May018_FIA12_reservoir3","l0s8",2018-05-02,"2018_post","FIA12_reservoir3","lXsY",141.95437064413,0.755720451440152,1,0.755720451440152,2
"PR_2May018_FIA12_reservoir3","l0s9",2018-05-02,"2018_post","FIA12_reservoir3","lXsY",60.4561610473916,0,1,0,0
"PR_2May018_FIA12_reservoir4","l0s0",2018-05-02,"2018_post","FIA12_reservoir4","lXsY",113.029271347214,0,1,0,0
"PR_2May018_FIA12_reservoir4","l0s1",2018-05-02,"2018_post","FIA12_reservoir4","lXsY",136.694331401446,0,1,0,0
"PR_2May018_FIA12_reservoir4","l0s2",2018-05-02,"2018_post","FIA12_reservoir4","lXsY",139.325951183768,0,1,0,0
"PR_2May018_FIA12_reservoir4","l0s3",2018-05-02,"2018_post","FIA12_reservoir4","lXsY",126.181691981195,0,0.999999999999969,0,0
"PR_2May018_FIA12_reservoir4","l0s4",2018-05-02,"2018_post","FIA12_reservoir4","lXsY",65.7298633727387,0,1,0,0
"PR_2May018_FIA12_reservoir5","l0s0",2018-05-02,"2018_post","FIA12_reservoir5","lXsY",49.9353224210754,0.605485759329742,0.999999999999947,0,1
"PR_2May018_FIA12_reservoir5","l0s1",2018-05-02,"2018_post","FIA12_reservoir5","lXsY",49.9219984315291,0.337929534143975,1,0,0
"PR_2May018_FIA12_reservoir5","l0s2",2018-05-02,"2018_post","FIA12_reservoir5","lXsY",47.2978724596664,0,1,0,0
"PR_2May018_FIA12_reservoir5","l0s3",2018-05-02,"2018_post","FIA12_reservoir5","lXsY",47.2927432610825,0,0.999999999999923,0,0
"PR_2May018_FIA12_reservoir5","l0s4",2018-05-02,"2018_post","FIA12_reservoir5","lXsY",55.1897433749318,0,0.999999999999928,0,0
"PR_2May018_FIA12_reservoir5","l0s5",2018-05-02,"2018_post","FIA12_reservoir5","lXsY",55.1808838736981,0,0.999999999999954,0,0
"PR_2May018_FIA12_reservoir5","l0s6",2018-05-02,"2018_post","FIA12_reservoir5","lXsY",60.4450438209176,0.772467346408756,0.999999999999975,0.772467346408756,2
"PR_2May018_FIA12_reservoir6_north","l0s0",2018-05-02,"2018_post","FIA12_reservoir6_north","lXsY",63.0575982243553,0,0.999999999999967,0,0
"PR_2May018_FIA12_reservoir6_north","l0s1",2018-05-02,"2018_post","FIA12_reservoir6_north","lXsY",81.4466333715722,0,0.999999999999941,0,0
"PR_2May018_FIA12_reservoir6_north","l0s10",2018-05-02,"2018_post","FIA12_reservoir6_north","lXsY",63.0521943005681,0,1,0,0
"PR_2May018_FIA12_reservoir6_north","l0s2",2018-05-02,"2018_post","FIA12_reservoir6_north","lXsY",81.4531559318989,0,0.999999999999947,0,0
"PR_2May018_FIA12_reservoir6_north","l0s3",2018-05-02,"2018_post","FIA12_reservoir6_north","lXsY",76.191342692621,0,0.99999999999997,0,0
"PR_2May018_FIA12_reservoir6_north","l0s4",2018-05-02,"2018_post","FIA12_reservoir6_north","lXsY",70.9346450724155,0,0.999999999999989,0,0
"PR_2May018_FIA12_reservoir6_north","l0s5",2018-05-02,"2018_post","FIA12_reservoir6_north","lXsY",86.6995397656113,0,0.999999999999997,0,0
"PR_2May018_FIA12_reservoir6_north","l0s6",2018-05-02,"2018_post","FIA12_reservoir6_north","lXsY",86.6997164432436,0,0.999999999999984,0,0
"PR_2May018_FIA12_reservoir6_north","l0s7",2018-05-02,"2018_post","FIA12_reservoir6_north","lXsY",81.4436849795982,0,1,0,0
"PR_2May018_FIA12_reservoir6_north","l0s8",2018-05-02,"2018_post","FIA12_reservoir6_north","lXsY",73.5672964473814,0,0.999999999999954,0,0
"PR_2May018_FIA12_reservoir6_north","l0s9",2018-05-02,"2018_post","FIA12_reservoir6_north","lXsY",81.446269288297,0,0.999999999999966,0,0
"PR_2May018_FIA12_reservoir6_south","l0s0",2018-05-02,"2018_post","FIA12_reservoir6_south","lXsY",47.2886042059228,0,0.999999999999958,0,0
"PR_2May018_FIA12_reservoir6_south","l0s1",2018-05-02,"2018_post","FIA12_reservoir6_south","lXsY",63.0533658522323,0,0.999999999999946,0,0
"PR_2May018_FIA12_reservoir6_south","l0s2",2018-05-02,"2018_post","FIA12_reservoir6_south","lXsY",76.1949731876984,0,0.999999999999987,0,0
"PR_2May018_FIA12_reservoir6_south","l0s3",2018-05-02,"2018_post","FIA12_reservoir6_south","lXsY",81.4444883568197,0,0.999999999999973,0,0
"PR_2May018_FIA12_reservoir6_south","l0s4",2018-05-02,"2018_post","FIA12_reservoir6_south","lXsY",65.6810259506032,0,0.999999999999989,0,0
"PR_2May018_FIA12_reservoir6_south","l0s5",2018-05-02,"2018_post","FIA12_reservoir6_south","lXsY",81.4415892838612,0,0.999999999999989,0,0
"PR_2May018_FIA12_reservoir6_south","l0s6",2018-05-02,"2018_post","FIA12_reservoir6_south","lXsY",68.3187048000768,0,1,0,0
"PR_2May018_FIA12_reservoir7","l0s0",2018-05-02,"2018_post","FIA12_reservoir7","lXsY",73.5639334073812,0,1,0,0
"PR_2May018_FIA12_reservoir7","l0s1",2018-05-02,"2018_post","FIA12_reservoir7","lXsY",110.354363727124,0,0.999999999999923,0,0
"PR_2May018_FIA12_reservoir7","l0s2",2018-05-02,"2018_post","FIA12_reservoir7","lXsY",105.089480216338,0,0.999999999999991,0,0
"PR_2May018_FIA12_reservoir7","l0s3",2018-05-02,"2018_post","FIA12_reservoir7","lXsY",94.5929891483724,0,1,0,0
"PR_2May018_FIA12_reservoir7","l0s4",2018-05-02,"2018_post","FIA12_reservoir7","lXsY",97.2099975551754,0,0.999999999999993,0,0
"PR_2May018_FIA12_reservoir7","l0s5",2018-05-02,"2018_post","FIA12_reservoir7","lXsY",99.8318926839739,0,0.999999999999997,0,0
"PR_2May018_FIA12_reservoir7","l0s6",2018-05-02,"2018_post","FIA12_reservoir7","lXsY",76.1898223928973,0,0.999999999999982,0,0
"PR_2May018_FIA12_reservoir8","l0s0",2018-05-02,"2018_post","FIA12_reservoir8","lXsY",144.567087485367,0,1,0,0
"PR_2May018_FIA12_reservoir8","l0s1",2018-05-02,"2018_post","FIA12_reservoir8","lXsY",189.264404937008,0,1,0,0
"PR_2May018_FIA12_reservoir8","l0s2",2018-05-02,"2018_post","FIA12_reservoir8","lXsY",84.1105144648686,0,0.99999999999999,0,0
"PR_2May018_FIA12_reservoir9","l0s0",2018-05-02,"2018_post","FIA12_reservoir9","lXsY",42.0962790480763,0,0.999999999999898,0,0
"PR_2May018_FIA12_reservoir9","l0s1",2018-05-02,"2018_post","FIA12_reservoir9","lXsY",44.7296672736138,0,0.999999999999907,0,0
"PR_2May018_FIA12_reservoir9","l0s10",2018-05-02,"2018_post","FIA12_reservoir9","lXsY",142.065418568459,0,1,0,0
"PR_2May018_FIA12_reservoir9","l0s11",2018-05-02,"2018_post","FIA12_reservoir9","lXsY",97.339648876895,0,1,0,0
"PR_2May018_FIA12_reservoir9","l0s2",2018-05-02,"2018_post","FIA12_reservoir9","lXsY",60.5067007201135,0,1,0,0
"PR_2May018_FIA12_reservoir9","l0s3",2018-05-02,"2018_post","FIA12_reservoir9","lXsY",81.5515961195529,0,1,0,0
"PR_2May018_FIA12_reservoir9","l0s4",2018-05-02,"2018_post","FIA12_reservoir9","lXsY",86.8274242261931,0,0.999999999999963,0,0
"PR_2May018_FIA12_reservoir9","l0s5",2018-05-02,"2018_post","FIA12_reservoir9","lXsY",157.863673476863,0,1,0,0
"PR_2May018_FIA12_reservoir9","l0s6",2018-05-02,"2018_post","FIA12_reservoir9","lXsY",126.279974473301,0,0.99999999999997,0,0
"PR_2May018_FIA12_reservoir9","l0s7",2018-05-02,"2018_post","FIA12_reservoir9","lXsY",152.586688043337,0,0.999999999999989,0,0
"PR_2May018_FIA12_reservoir9","l0s8",2018-05-02,"2018_post","FIA12_reservoir9","lXsY",136.799710415325,0,0.999999999999987,0,0
"PR_2May018_FIA12_reservoir9","l0s9",2018-05-02,"2018_post","FIA12_reservoir9","lXsY",147.324788524078,0.0442096503712632,0.999999999999977,0,0
"PR_2May018_FIA214","l0s0",2018-05-02,"2018_post","FIA214","lXsY",115.705964976856,0,0.999999999999988,0,0
"PR_2May018_FIA214","l0s1",2018-05-02,"2018_post","FIA214","lXsY",123.598941427323,0,0.999999999999983,0,0
"PR_2May018_FIA214","l0s10",2018-05-02,"2018_post","FIA214","lXsY",89.3980390503988,0,1,0,0
"PR_2May018_FIA214","l0s11",2018-05-02,"2018_post","FIA214","lXsY",47.3290383558065,0,0.999999999999966,0,0
"PR_2May018_FIA214","l0s2",2018-05-02,"2018_post","FIA214","lXsY",155.14385023858,0,0.999999999999992,0,0
"PR_2May018_FIA214","l0s3",2018-05-02,"2018_post","FIA214","lXsY",155.138076875041,0.0922752471756915,0.99999999999998,0,0
"PR_2May018_FIA214","l0s4",2018-05-02,"2018_post","FIA214","lXsY",176.170042416538,0.857665853982466,0.999999999999999,0,1
"PR_2May018_FIA214","l0s5",2018-05-02,"2018_post","FIA214","lXsY",165.664580327386,0.497247359302091,0.999999999999994,0,0
"PR_2May018_FIA214","l0s6",2018-05-02,"2018_post","FIA214","lXsY",170.913414287674,0.811530375997321,1,0,1
"PR_2May018_FIA214","l0s7",2018-05-02,"2018_post","FIA214","lXsY",170.90620812515,0.357716943064625,0.999999999999991,0,0
"PR_2May018_FIA214","l0s8",2018-05-02,"2018_post","FIA214","lXsY",155.132035685484,0,1,0,0
"PR_2May018_FIA214","l0s9",2018-05-02,"2018_post","FIA214","lXsY",173.535402291027,0,0.999999999999982,0,0
"PR_2May018_FIA215","l0s0",2018-05-02,"2018_post","FIA215","lXsY",68.3574205576673,0.178808005770787,0.999999999999977,0,0
"PR_2May018_FIA215","l0s1",2018-05-02,"2018_post","FIA215","lXsY",99.9178210110784,0,0.999999999999998,0,0
"PR_2May018_FIA215","l0s10",2018-05-02,"2018_post","FIA215","lXsY",105.166212157771,0,1,0,0
"PR_2May018_FIA215","l0s11",2018-05-02,"2018_post","FIA215","lXsY",99.9098232131004,0,0.999999999999958,0,0
"PR_2May018_FIA215","l0s12",2018-05-02,"2018_post","FIA215","lXsY",99.9049052285641,0.228664444691404,1,0,0
"PR_2May018_FIA215","l0s13",2018-05-02,"2018_post","FIA215","lXsY",113.052391836484,0.904230684834405,1,0,1
"PR_2May018_FIA215","l0s14",2018-05-02,"2018_post","FIA215","lXsY",105.172514765273,0.0824016207774348,0.999999999999983,0,0
"PR_2May018_FIA215","l0s2",2018-05-02,"2018_post","FIA215","lXsY",115.700973855746,0,0.999999999999963,0,0
"PR_2May018_FIA215","l0s3",2018-05-02,"2018_post","FIA215","lXsY",107.803634152584,0,1,0,0
"PR_2May018_FIA215","l0s4",2018-05-02,"2018_post","FIA215","lXsY",107.798094229212,0,1,0,0
"PR_2May018_FIA215","l0s5",2018-05-02,"2018_post","FIA215","lXsY",94.660762762098,0,1,0,0
"PR_2May018_FIA215","l0s6",2018-05-02,"2018_post","FIA215","lXsY",105.165970836969,0,0.99999999999998,0,0
"PR_2May018_FIA215","l0s7",2018-05-02,"2018_post","FIA215","lXsY",110.423807396278,0,1,0,0
"PR_2May018_FIA215","l0s8",2018-05-02,"2018_post","FIA215","lXsY",97.2833023377329,0,1,0,0
"PR_2May018_FIA215","l0s9",2018-05-02,"2018_post","FIA215","lXsY",107.797690974018,0,0.999999999999999,0,0
"PR_2May018_FIA24","l0s10",2018-05-02,"2018_post","FIA24","lXsY",205.126325195619,0.99999999999999,0.99999999999999,0,1
"PR_2May018_FIA24","l0s11",2018-05-02,"2018_post","FIA24","lXsY",239.31282803956,0.999999999999979,0.999999999999979,0,1
"PR_2May018_FIA24","l0s12",2018-05-02,"2018_post","FIA24","lXsY",223.536097976357,1,1,0,1
"PR_2May018_FIA24","l0s13",2018-05-02,"2018_post","FIA24","lXsY",189.345645337421,0.999999999999997,0.999999999999997,0,1
"PR_2May018_FIA24","l0s14",2018-05-02,"2018_post","FIA24","lXsY",202.503061098662,0.999999999999991,0.999999999999991,0,1
"PR_2May018_FIA24","l0s15",2018-05-02,"2018_post","FIA24","lXsY",184.094744713989,1,1,0,1
"PR_2May018_FIA24","l0s16",2018-05-02,"2018_post","FIA24","lXsY",176.20433910282,0.999999999999987,0.999999999999987,0,1
"PR_2May018_FIA24","l0s17",2018-05-02,"2018_post","FIA24","lXsY",126.243037463821,0.999999999999988,0.999999999999988,0,1
"PR_2May018_FIA24","l0s5",2018-05-02,"2018_post","FIA24","lXsY",86.7745032859281,1,1,0,1
"PR_2May018_FIA24","l0s6",2018-05-02,"2018_post","FIA24","lXsY",126.219330174305,1,1,0,1
"PR_2May018_FIA24","l0s7",2018-05-02,"2018_post","FIA24","lXsY",131.47901119542,0.999999999999997,1,0,1
"PR_2May018_FIA24","l0s8",2018-05-02,"2018_post","FIA24","lXsY",110.44914550676,1,1,0,1
"PR_2May018_FIA24","l0s9",2018-05-02,"2018_post","FIA24","lXsY",118.337314860429,1,1,0,1
"PR_2May018_Rio_Abajo","c0r0",2018-05-02,"2018_post","Rio_Abajo","cXrY",102.494165220585,0.395313725184714,0.999999999999968,0,0
"PR_2May018_Rio_Abajo","c1r0",2018-05-02,"2018_post","Rio_Abajo","cXrY",102.499552599388,0.756098219086908,1,0,1
"PR_2May018_Rio_Abajo","c2r0",2018-05-02,"2018_post","Rio_Abajo","cXrY",102.499212642047,0.466498475452682,1,0.124805286585216,0
"PR_2May018_Rio_Abajo","c3r0",2018-05-02,"2018_post","Rio_Abajo","cXrY",102.504112324095,0.147340694317062,0.999999999999996,0.147340694317062,0
"PR_2May018_Rio_Abajo","c4r0",2018-05-02,"2018_post","Rio_Abajo","cXrY",102.498545858848,0,1,0.0393903021322554,0
"PR_2May018_Rio_Abajo","c0r1",2018-05-02,"2018_post","Rio_Abajo","cXrY",102.499419857009,0.0750708518078178,1,0,0
"PR_2May018_Rio_Abajo","c1r1",2018-05-02,"2018_post","Rio_Abajo","cXrY",102.49954369842,0.269553502998685,0.999999999999982,0,0
"PR_2May018_Rio_Abajo","c2r1",2018-05-02,"2018_post","Rio_Abajo","cXrY",102.504468321341,0.641385105808301,0.999999999999963,0.427815771520612,1
"PR_2May018_Rio_Abajo","c3r1",2018-05-02,"2018_post","Rio_Abajo","cXrY",102.509599830005,0.923858840930547,0.999999999999966,0.923858840930547,2
"PR_2May018_Rio_Abajo","c4r1",2018-05-02,"2018_post","Rio_Abajo","cXrY",102.498315669066,0.760307626925516,1,0.760307626925516,2
"PR_2May018_Rio_Abajo","c5r1",2018-05-02,"2018_post","Rio_Abajo","cXrY",102.503218462527,0.391729333836556,1,0.391729333836556,0
"PR_2May018_Rio_Abajo","c6r1",2018-05-02,"2018_post","Rio_Abajo","cXrY",102.508351414694,0.0918086466756735,0.999999999999985,0.0918086466756735,0
"PR_2May018_Rio_Abajo","c7r1",2018-05-02,"2018_post","Rio_Abajo","cXrY",102.508273855731,0.650572510987147,1,0.650572510987147,2
"PR_2May018_Rio_Abajo","c2r2",2018-05-02,"2018_post","Rio_Abajo","cXrY",102.498743150547,0,0.999999999999992,0,0
"PR_2May018_Rio_Abajo","c3r2",2018-05-02,"2018_post","Rio_Abajo","cXrY",102.509592570217,0.157375764676061,0.999999999999995,0.157375764676061,0
"PR_2May018_Rio_Abajo","c4r2",2018-05-02,"2018_post","Rio_Abajo","cXrY",102.509511165175,0.554822439243173,0.999999999999979,0.554822439243173,2
"PR_2May018_Rio_Abajo","c5r2",2018-05-02,"2018_post","Rio_Abajo","cXrY",102.514414154217,0.89426774367541,1,0.89426774367541,2
"PR_2May018_Rio_Abajo","c6r2",2018-05-02,"2018_post","Rio_Abajo","cXrY",102.514088364846,0.866113863597285,1,0.866113863597285,2
"PR_2May018_Rio_Abajo","c7r2",2018-05-02,"2018_post","Rio_Abajo","cXrY",102.518994252595,0.921409729687995,0.999999999999975,0.921409729687995,2
"PR_2May018_Rio_Abajo","c8r2",2018-05-02,"2018_post","Rio_Abajo","cXrY",102.513428873751,0.94165663624344,1,0.94165663624344,2
"PR_2May018_Rio_Abajo","c9r2",2018-05-02,"2018_post","Rio_Abajo","cXrY",102.512848166959,0.253254011851408,1,0.253254011851408,0
"PR_2May018_Rio_Abajo","c10r2",2018-05-02,"2018_post","Rio_Abajo","cXrY",102.517757254057,0,0.999999999999963,0,0
"PR_2May018_Rio_Abajo","c4r3",2018-05-02,"2018_post","Rio_Abajo","cXrY",102.503321872842,0,0.999999999999995,0,0
"PR_2May018_Rio_Abajo","c5r3",2018-05-02,"2018_post","Rio_Abajo","cXrY",102.502985217854,0.174833991442594,1,0.174833991442594,0
"PR_2May018_Rio_Abajo","c6r3",2018-05-02,"2018_post","Rio_Abajo","cXrY",102.502878171314,0.806464471294967,0.999999999999986,0.806464471294967,2
"PR_2May018_Rio_Abajo","c7r3",2018-05-02,"2018_post","Rio_Abajo","cXrY",102.507783109662,0.999999999999998,0.999999999999998,0.999999999999998,2
"PR_2May018_Rio_Abajo","c8r3",2018-05-02,"2018_post","Rio_Abajo","cXrY",102.507706031697,0.897321715957697,0.999999999999995,0.897321715957697,2
"PR_2May018_Rio_Abajo","c9r3",2018-05-02,"2018_post","Rio_Abajo","cXrY",102.518557308739,0.851128765832751,1,0.851128765832751,2
"PR_2May018_Rio_Abajo","c10r3",2018-05-02,"2018_post","Rio_Abajo","cXrY",102.51778098653,0.596849721236701,0.999999999999979,0.596849721236701,2
"PR_2May018_Rio_Abajo","c11r3",2018-05-02,"2018_post","Rio_Abajo","cXrY",102.523143920439,0.202926047479007,0.999999999999987,0.202926047479007,0
"PR_2May018_Rio_Abajo","c7r4",2018-05-02,"2018_post","Rio_Abajo","cXrY",102.513305937864,0.352085921036059,0.999999999999996,0.352085921036059,0
"PR_2May018_Rio_Abajo","c8r4",2018-05-02,"2018_post","Rio_Abajo","cXrY",102.512725670162,0.0305231892866651,1,0.0305231892866651,0
"PR_2May018_Rio_Abajo","c9r4",2018-05-02,"2018_post","Rio_Abajo","cXrY",102.507160535029,0.251461694708739,0.999999999999991,0.251461694708739,0
"PR_2May018_Rio_Abajo","c10r4",2018-05-02,"2018_post","Rio_Abajo","cXrY",102.517560075773,0.755446556420529,1,0.755446556420529,2
"PR_2May018_Rio_Abajo","c11r4",2018-05-02,"2018_post","Rio_Abajo","cXrY",102.522922656307,0.960161263515927,0.999999999999998,0.960161263515927,2
"PR_15March2020_66","l0s1",2020-03-15,"2020_recovery","66","lXsY",63.1885573059097,0.999999999999997,0.999999999999997,0.999999999999997,2
"PR_15March2020_66","l0s2",2020-03-15,"2020_recovery","66","lXsY",60.5577652477428,1,0.999999999999995,0.999999999999995,2
"PR_15March2020_66","l0s3",2020-03-15,"2020_recovery","66","lXsY",63.193951044187,1,1,1,2
"PR_15March2020_66","l0s4",2020-03-15,"2020_recovery","66","lXsY",57.9299262714311,0.999999999999957,0.999999999999957,0.999999999999957,2
"PR_15March2020_66","l0s5",2020-03-15,"2020_recovery","66","lXsY",52.657099130106,1,1,1,2
"PR_15March2020_66","l0s6",2020-03-15,"2020_recovery","66","lXsY",39.4981962683685,1,1,1,2
"PR_15March2020_67","l0s1",2020-03-15,"2020_recovery","67","lXsY",76.3712301505595,0.99999999999996,0.99999999999996,0.99999999999999,2
"PR_15March2020_67","l0s2",2020-03-15,"2020_recovery","67","lXsY",71.0940828020111,0.999999999999959,0.999999999999959,0.999999999999959,2
"PR_15March2020_67","l0s3",2020-03-15,"2020_recovery","67","lXsY",68.472023660849,1,1,1,2
"PR_15March2020_67","l0s4",2020-03-15,"2020_recovery","67","lXsY",71.0956034084827,1,1,1,2
"PR_15March2020_67","l0s5",2020-03-15,"2020_recovery","67","lXsY",73.7346399850428,1,1,1,2
"PR_15March2020_67","l0s6",2020-03-15,"2020_recovery","67","lXsY",52.6698123629481,0.999999999999971,0.999999999999971,0.999999999999971,2
"PR_15March2020_68","l0s1",2020-03-15,"2020_recovery","68","lXsY",179.074567897967,1,1,1,2
"PR_15March2020_68","l0s2",2020-03-15,"2020_recovery","68","lXsY",160.628288076615,0.999999999999928,0.999999999999928,0.999999999999928,2
"PR_15March2020_68","l0s3",2020-03-15,"2020_recovery","68","lXsY",165.910031630725,0.999999999999995,0.999999999999995,0.999999999999995,2
"PR_15March2020_68","l0s4",2020-03-15,"2020_recovery","68","lXsY",158.010647351158,0.999999999999996,0.999999999999996,0.999999999999996,2
"PR_15March2020_68","l0s5",2020-03-15,"2020_recovery","68","lXsY",139.576570037672,0.999999999999983,1,0.999999999999983,2
"PR_15March2020_68","l0s6",2020-03-15,"2020_recovery","68","lXsY",84.2788076015756,1,8.78026733434272e-06,1,1
"PR_15March2020_EV1","c2r0",2020-03-15,"2020_recovery","EV1","cXrY",102.662532591181,1,1,1,2
"PR_15March2020_EV1","c3r0",2020-03-15,"2020_recovery","EV1","cXrY",102.673240829468,0.999999999999993,0.999999999999993,0.999999999999993,2
"PR_15March2020_EV1","c2r1",2020-03-15,"2020_recovery","EV1","cXrY",102.673553551802,1,1,1,2
"PR_15March2020_EV1","c3r1",2020-03-15,"2020_recovery","EV1","cXrY",102.678568810368,0.999999999999984,0.999999999999984,0.999999999999984,2
"PR_15March2020_EV1","c4r1",2020-03-15,"2020_recovery","EV1","cXrY",102.678487408848,0.999999999999994,0.999999999999994,0.999999999999994,2
"PR_15March2020_EV1","c5r1",2020-03-15,"2020_recovery","EV1","cXrY",102.67254639678,1,1,1,2
"PR_15March2020_EV1","c3r2",2020-03-15,"2020_recovery","EV1","cXrY",102.678297359689,1,1,1,2
"PR_15March2020_EV1","c4r2",2020-03-15,"2020_recovery","EV1","cXrY",102.672603921855,0.99999999999997,0.99999999999997,0.99999999999997,2
"PR_15March2020_EV1","c5r2",2020-03-15,"2020_recovery","EV1","cXrY",102.672778277555,0.999999999999997,0.999999999999997,0.999999999999997,2
"PR_15March2020_EV1","c6r2",2020-03-15,"2020_recovery","EV1","cXrY",102.67754056792,1,0.999999999999972,0.999999999999972,2
"PR_15March2020_EV1","c7r2",2020-03-15,"2020_recovery","EV1","cXrY",102.672022923726,0.999999999999929,0.999999999999929,0.999999999999929,2
"PR_15March2020_EV1","c4r3",2020-03-15,"2020_recovery","EV1","cXrY",102.672416555573,0.999999999999975,0.999999999999975,0.999999999999975,2
"PR_15March2020_EV1","c5r3",2020-03-15,"2020_recovery","EV1","cXrY",102.672335382459,0.999999999999975,0.999999999999975,0.999999999999975,2
"PR_15March2020_EV1","c6r3",2020-03-15,"2020_recovery","EV1","cXrY",102.683047739708,0.999999999999948,0.999999999999948,0.999999999999948,2
"PR_15March2020_EV1","c7r3",2020-03-15,"2020_recovery","EV1","cXrY",102.677357181278,0.999999999999999,0.999999999999999,0.999999999999999,2
"PR_15March2020_EV1","c7r4",2020-03-15,"2020_recovery","EV1","cXrY",102.677172925732,0.999999999999975,1,0.999999999999975,2
"PR_15March2020_EV3","c0r2",2020-03-15,"2020_recovery","EV3","cXrY",102.686715533361,1,1,1,2
"PR_15March2020_EV3","c1r2",2020-03-15,"2020_recovery","EV3","cXrY",102.681027305222,1,1,1,2
"PR_15March2020_EV3","c0r3",2020-03-15,"2020_recovery","EV3","cXrY",102.681261227208,0.999999999999988,0.999999999999988,0.999999999999988,2
"PR_15March2020_EV3","c1r3",2020-03-15,"2020_recovery","EV3","cXrY",102.68084756557,1,1,1,2
"PR_15March2020_EV3","c1r4",2020-03-15,"2020_recovery","EV3","cXrY",102.692047319272,1,1,1,2
"PR_15March2020_EV3","c2r4",2020-03-15,"2020_recovery","EV3","cXrY",102.691550931636,0.999999999999989,0.999999999999989,0.999999999999989,2
"PR_15March2020_EV3","c1r5",2020-03-15,"2020_recovery","EV3","cXrY",102.675382137159,1,1,1,2
"PR_15March2020_EV3","c2r5",2020-03-15,"2020_recovery","EV3","cXrY",102.691376161993,0.999999999999949,0.999999999999949,0.999999999999949,2
"PR_15March2020_EV3","c2r6",2020-03-15,"2020_recovery","EV3","cXrY",102.680396772036,0.999999999999994,0.999999999999994,0.999999999999994,2
"PR_15March2020_EV3","c3r6",2020-03-15,"2020_recovery","EV3","cXrY",102.680155868769,0.999999999999982,0.999999999999982,0.999999999999982,2
"PR_15March2020_EV3","c2r7",2020-03-15,"2020_recovery","EV3","cXrY",102.680064357266,0.999999999999989,0.999999999999989,0.999999999999989,2
"PR_15March2020_EV3","c3r7",2020-03-15,"2020_recovery","EV3","cXrY",102.679984937215,1,1,1,2
"PR_15March2020_FIA1","l0s0",2020-03-15,"2020_recovery","FIA1","lXsY",86.6623839573614,0.999999999999987,0.999999999999987,0.999999999999987,2
"PR_15March2020_FIA1","l0s1",2020-03-15,"2020_recovery","FIA1","lXsY",107.668060501651,0.999999999999996,0.999999999999996,0.999999999999996,2
"PR_15March2020_FIA1","l0s10",2020-03-15,"2020_recovery","FIA1","lXsY",126.062497820177,0.999999999999991,0.999999999999991,0.999999999999991,2
"PR_15March2020_FIA1","l0s11",2020-03-15,"2020_recovery","FIA1","lXsY",120.804725177695,1,1,1,2
"PR_15March2020_FIA1","l0s12",2020-03-15,"2020_recovery","FIA1","lXsY",120.809233767682,0.999999999999992,0.999999999999992,0.999999999999992,2
"PR_15March2020_FIA1","l0s13",2020-03-15,"2020_recovery","FIA1","lXsY",112.932349583977,0.999999999999984,0.999999999999984,0.999999999999997,2
"PR_15March2020_FIA1","l0s2",2020-03-15,"2020_recovery","FIA1","lXsY",120.802122496529,1,1,1,2
"PR_15March2020_FIA1","l0s3",2020-03-15,"2020_recovery","FIA1","lXsY",110.294429159331,1,1,1,2
"PR_15March2020_FIA1","l0s4",2020-03-15,"2020_recovery","FIA1","lXsY",126.058852721515,0.999999999999991,0.999999999999991,0.999999999999991,2
"PR_15March2020_FIA1","l0s5",2020-03-15,"2020_recovery","FIA1","lXsY",115.551944287349,0.999999999999996,0.999999999999996,0.999999999999996,2
"PR_15March2020_FIA1","l0s6",2020-03-15,"2020_recovery","FIA1","lXsY",128.682900972046,0.99999999999999,0.99999999999999,0.99999999999999,2
"PR_15March2020_FIA1","l0s7",2020-03-15,"2020_recovery","FIA1","lXsY",118.177235291234,1,1,1,2
"PR_15March2020_FIA1","l0s8",2020-03-15,"2020_recovery","FIA1","lXsY",136.558035402529,0.999999999999998,0.999999999999998,0.999999999999998,2
"PR_15March2020_FIA1","l0s9",2020-03-15,"2020_recovery","FIA1","lXsY",99.7942785565279,0.999999999999999,0.999999999999999,0.999999999999999,2
"PR_15March2020_FIA12","l0s10",2020-03-15,"2020_recovery","FIA12","lXsY",176.130623166719,1,1,1,2
"PR_15March2020_FIA12","l0s11",2020-03-15,"2020_recovery","FIA12","lXsY",134.061054117353,1,1,1,2
"PR_15March2020_FIA12","l0s12",2020-03-15,"2020_recovery","FIA12","lXsY",113.04528242458,1,1,1,2
"PR_15March2020_FIA12","l0s13",2020-03-15,"2020_recovery","FIA12","lXsY",105.159115790403,1,0.999999999999977,1,2
"PR_15March2020_FIA12","l0s14",2020-03-15,"2020_recovery","FIA12","lXsY",86.7577465127409,1,1,1,2
"PR_15March2020_FIA12","l0s15",2020-03-15,"2020_recovery","FIA12","lXsY",97.2780088212892,1,1,1,2
"PR_15March2020_FIA12","l0s16",2020-03-15,"2020_recovery","FIA12","lXsY",97.2782088551164,1,1,1,2
"PR_15March2020_FIA12","l0s17",2020-03-15,"2020_recovery","FIA12","lXsY",105.175357570904,0.999999999999994,0.999999999999994,0.999999999999994,2
"PR_15March2020_FIA12","l0s18",2020-03-15,"2020_recovery","FIA12","lXsY",99.9069884484142,0.999999999999957,0.999999999999957,0.999999999999957,2
"PR_15March2020_FIA12","l0s19",2020-03-15,"2020_recovery","FIA12","lXsY",102.534544049564,0.999999999999997,0.999999999999997,0.999999999999997,2
"PR_15March2020_FIA12","l0s2",2020-03-15,"2020_recovery","FIA12","lXsY",123.524531698841,0.999999999999976,0.999999999999981,0.999999999999981,2
"PR_15March2020_FIA12","l0s20",2020-03-15,"2020_recovery","FIA12","lXsY",86.767375304845,0.999999999999979,0.999999999999979,0.999999999999979,2
"PR_15March2020_FIA12","l0s21",2020-03-15,"2020_recovery","FIA12","lXsY",84.1383023367018,1,1,1,2
"PR_15March2020_FIA12","l0s22",2020-03-15,"2020_recovery","FIA12","lXsY",92.0243947109833,0.999999999999984,0.999999999999984,1,2
"PR_15March2020_FIA12","l0s3",2020-03-15,"2020_recovery","FIA12","lXsY",128.782981680131,0.999999999999995,0.999999999999995,0.999999999999995,2
"PR_15March2020_FIA12","l0s4",2020-03-15,"2020_recovery","FIA12","lXsY",141.932412264033,0.999999999999977,0.999999999999977,0.999999999999977,2
"PR_15March2020_FIA12","l0s5",2020-03-15,"2020_recovery","FIA12","lXsY",131.421195575826,0.999999999999981,1,0.999999999999981,2
"PR_15March2020_FIA12","l0s6",2020-03-15,"2020_recovery","FIA12","lXsY",120.909713691455,0.99999999999999,1,0.99999999999999,2
"PR_15March2020_FIA12","l0s7",2020-03-15,"2020_recovery","FIA12","lXsY",115.654146893358,1,1,1,2
"PR_15March2020_FIA12","l0s8",2020-03-15,"2020_recovery","FIA12","lXsY",99.8787331905186,0.99999999999999,0.99999999999999,0.99999999999999,2
"PR_15March2020_FIA12","l0s9",2020-03-15,"2020_recovery","FIA12","lXsY",136.686044516082,1,1,1,2
"PR_15March2020_FIA13","l0s0",2020-03-15,"2020_recovery","FIA13","lXsY",141.893323702343,1,1,1,2
"PR_15March2020_FIA13","l0s1",2020-03-15,"2020_recovery","FIA13","lXsY",134.018801799913,1,1,1,2
"PR_15March2020_FIA13","l0s10",2020-03-15,"2020_recovery","FIA13","lXsY",173.45444765853,1,1,1,2
"PR_15March2020_FIA13","l0s11",2020-03-15,"2020_recovery","FIA13","lXsY",176.090213635111,0.999999999999979,0.999999999999979,0.999999999999979,2
"PR_15March2020_FIA13","l0s12",2020-03-15,"2020_recovery","FIA13","lXsY",186.606167898756,0.999999999999989,0.999999999999989,0.999999999999989,2
"PR_15March2020_FIA13","l0s13",2020-03-15,"2020_recovery","FIA13","lXsY",149.81807563796,0.999999999999994,0.999999999999994,0.999999999999994,2
"PR_15March2020_FIA13","l0s14",2020-03-15,"2020_recovery","FIA13","lXsY",236.548956348154,1,1,1,2
"PR_15March2020_FIA13","l0s15",2020-03-15,"2020_recovery","FIA13","lXsY",304.898801132968,0.999999999999995,1,0.999999999999995,2
"PR_15March2020_FIA13","l0s16",2020-03-15,"2020_recovery","FIA13","lXsY",281.247595186296,1,0.999999999999984,1,2
"PR_15March2020_FIA13","l0s17",2020-03-15,"2020_recovery","FIA13","lXsY",281.258394140887,0.999999999999971,0.999999999999996,0.999999999999971,2
"PR_15March2020_FIA13","l0s18",2020-03-15,"2020_recovery","FIA13","lXsY",257.609236684453,0.999999999999995,1,0.999999999999995,2
"PR_15March2020_FIA13","l0s19",2020-03-15,"2020_recovery","FIA13","lXsY",294.405080640963,0.999999999999999,0.999999999999999,0.999999999999999,2
"PR_15March2020_FIA13","l0s2",2020-03-15,"2020_recovery","FIA13","lXsY",144.527907576776,0.999999999999982,0.999999999999982,0.999999999999982,2
"PR_15March2020_FIA13","l0s20",2020-03-15,"2020_recovery","FIA13","lXsY",260.232871063569,0.999999999999975,0.999999999999998,0.999999999999975,2
"PR_15March2020_FIA13","l0s21",2020-03-15,"2020_recovery","FIA13","lXsY",199.780367742988,0.999999999999993,1,0.999999999999993,2
"PR_15March2020_FIA13","l0s22",2020-03-15,"2020_recovery","FIA13","lXsY",212.93514414314,0.999999999999975,0.999999999999975,0.999999999999975,2
"PR_15March2020_FIA13","l0s23",2020-03-15,"2020_recovery","FIA13","lXsY",207.679174643111,1,1,1,2
"PR_15March2020_FIA13","l0s24",2020-03-15,"2020_recovery","FIA13","lXsY",215.576955007303,0.999999999999998,0.999999999999998,0.999999999999998,2
"PR_15March2020_FIA13","l0s25",2020-03-15,"2020_recovery","FIA13","lXsY",205.067895311692,0.999999999999987,0.999999999999987,0.999999999999987,2
"PR_15March2020_FIA13","l0s3",2020-03-15,"2020_recovery","FIA13","lXsY",149.783224159753,0.999999999999994,0.999999999999994,0.999999999999994,2
"PR_15March2020_FIA13","l0s4",2020-03-15,"2020_recovery","FIA13","lXsY",144.520719040987,1,1,1,2
"PR_15March2020_FIA13","l0s5",2020-03-15,"2020_recovery","FIA13","lXsY",165.565471346763,1,1,1,2
"PR_15March2020_FIA13","l0s6",2020-03-15,"2020_recovery","FIA13","lXsY",152.41102373708,1,0.999999999999983,1,2
"PR_15March2020_FIA13","l0s7",2020-03-15,"2020_recovery","FIA13","lXsY",149.79462849326,0.999999999999998,0.999999999999994,0.999999999999998,2
"PR_15March2020_FIA13","l0s8",2020-03-15,"2020_recovery","FIA13","lXsY",157.696258104746,1,1,1,2
"PR_15March2020_FIA13","l0s9",2020-03-15,"2020_recovery","FIA13","lXsY",207.61333576304,0.999999999999985,0.999999999999999,0.999999999999985,2
"PR_15March2020_FIA14","l0s0",2020-03-15,"2020_recovery","FIA14","lXsY",126.140586898716,0.46464421918571,0.999999999999999,0.999999999999999,1
"PR_15March2020_FIA14","l0s1",2020-03-15,"2020_recovery","FIA14","lXsY",165.540581329057,0.819671025110688,1,1,2
"PR_15March2020_FIA14","l0s2",2020-03-15,"2020_recovery","FIA14","lXsY",178.693946601427,0.846600363340452,1,1,2
"PR_15March2020_FIA14","l0s3",2020-03-15,"2020_recovery","FIA14","lXsY",168.18104043546,0.790107322214191,0.999999999999981,0.999999999999981,2
"PR_15March2020_FIA14","l0s4",2020-03-15,"2020_recovery","FIA14","lXsY",176.072411971995,0.818879753172093,1,1,2
"PR_15March2020_FIA14","l0s5",2020-03-15,"2020_recovery","FIA14","lXsY",173.449385051334,0.835687633581922,1,1,2
"PR_15March2020_FIA14","l0s6",2020-03-15,"2020_recovery","FIA14","lXsY",168.19575502806,0.846194440165408,0.999999999999989,0.999999999999989,2
"PR_15March2020_FIA14","l0s7",2020-03-15,"2020_recovery","FIA14","lXsY",123.530082432735,0.826745754651097,0.999999999999978,0.999999999999978,2
"PR_15March2020_FIA15","l0s0",2020-03-15,"2020_recovery","FIA15","lXsY",173.54598351516,1,1,1,2
"PR_15March2020_FIA15","l0s1",2020-03-15,"2020_recovery","FIA15","lXsY",265.560446829718,0.999999999999988,0.999999999999988,0.999999999999988,2
"PR_15March2020_FIA15","l0s10",2020-03-15,"2020_recovery","FIA15","lXsY",157.73767464132,0.999999999999968,0.999999999999968,0.999999999999968,2
"PR_15March2020_FIA15","l0s11",2020-03-15,"2020_recovery","FIA15","lXsY",147.228988696074,1,1,1,2
"PR_15March2020_FIA15","l0s12",2020-03-15,"2020_recovery","FIA15","lXsY",123.566420704895,0.99999999999996,0.99999999999996,0.99999999999996,2
"PR_15March2020_FIA15","l0s13",2020-03-15,"2020_recovery","FIA15","lXsY",113.04516906427,0.999999999999985,0.999999999999985,0.999999999999985,2
"PR_15March2020_FIA15","l0s14",2020-03-15,"2020_recovery","FIA15","lXsY",89.387278601113,0.999999999999973,0.999999999999973,0.999999999999973,2
"PR_15March2020_FIA15","l0s2",2020-03-15,"2020_recovery","FIA15","lXsY",262.954815859355,1,1,1,2
"PR_15March2020_FIA15","l0s3",2020-03-15,"2020_recovery","FIA15","lXsY",270.837302717914,1,1,1,2
"PR_15March2020_FIA15","l0s4",2020-03-15,"2020_recovery","FIA15","lXsY",283.951344879864,0.999999999999998,0.999999999999998,0.999999999999998,2
"PR_15March2020_FIA15","l0s5",2020-03-15,"2020_recovery","FIA15","lXsY",268.191695979446,0.999999999999996,0.999999999999996,0.999999999999996,2
"PR_15March2020_FIA15","l0s6",2020-03-15,"2020_recovery","FIA15","lXsY",228.74320986966,1,1,1,2
"PR_15March2020_FIA15","l0s7",2020-03-15,"2020_recovery","FIA15","lXsY",205.075669041733,0.999999999999968,0.999999999999968,0.999999999999968,2
"PR_15March2020_FIA15","l0s8",2020-03-15,"2020_recovery","FIA15","lXsY",199.806976332177,1,1,1,2
"PR_15March2020_FIA15","l0s9",2020-03-15,"2020_recovery","FIA15","lXsY",215.593876283853,0.999999999999985,0.999999999999985,0.999999999999985,2
"PR_15March2020_FIA17","l0s0",2020-03-15,"2020_recovery","FIA17","lXsY",165.67638877472,1,1,1,2
"PR_15March2020_FIA17","l0s1",2020-03-15,"2020_recovery","FIA17","lXsY",260.361967721345,0.999999999999998,0.999999999999998,0.999999999999998,2
"PR_15March2020_FIA17","l0s10",2020-03-15,"2020_recovery","FIA17","lXsY",178.861202879965,1,1,1,2
"PR_15March2020_FIA17","l0s11",2020-03-15,"2020_recovery","FIA17","lXsY",184.12224889902,1,1,1,2
"PR_15March2020_FIA17","l0s12",2020-03-15,"2020_recovery","FIA17","lXsY",92.0564224085242,1,1,1,2
"PR_15March2020_FIA17","l0s2",2020-03-15,"2020_recovery","FIA17","lXsY",231.440968002902,1,1,1,2
"PR_15March2020_FIA17","l0s3",2020-03-15,"2020_recovery","FIA17","lXsY",194.601542449,0.99999999999999,0.99999999999999,0.99999999999999,2
"PR_15March2020_FIA17","l0s4",2020-03-15,"2020_recovery","FIA17","lXsY",199.868612380056,0.999999999999995,0.999999999999995,0.999999999999995,2
"PR_15March2020_FIA17","l0s5",2020-03-15,"2020_recovery","FIA17","lXsY",252.481159521987,1,0.999999999999983,0.999999999999995,2
"PR_15March2020_FIA17","l0s6",2020-03-15,"2020_recovery","FIA17","lXsY",223.556644839689,0.999999999999989,0.999999999999993,0.999999999999993,2
"PR_15March2020_FIA17","l0s7",2020-03-15,"2020_recovery","FIA17","lXsY",210.417839065002,1,1,1,2
"PR_15March2020_FIA17","l0s8",2020-03-15,"2020_recovery","FIA17","lXsY",234.087620314941,1,1,1,2
"PR_15March2020_FIA17","l0s9",2020-03-15,"2020_recovery","FIA17","lXsY",199.901459394772,0.999999999999999,0.999999999999999,0.999999999999999,2
"PR_15March2020_FIA201","l0s10",2020-03-15,"2020_recovery","FIA201","lXsY",136.59364860305,0,0.999999999999971,0.999999999999971,1
"PR_15March2020_FIA201","l0s11",2020-03-15,"2020_recovery","FIA201","lXsY",133.96703757024,0,0.999999999999985,0.999999999999985,1
"PR_15March2020_FIA201","l0s12",2020-03-15,"2020_recovery","FIA201","lXsY",105.070239405826,0,1,1,1
"PR_15March2020_FIA201","l0s2",2020-03-15,"2020_recovery","FIA201","lXsY",105.059981240553,0,0.999999999999996,0.999999999999996,1
"PR_15March2020_FIA201","l0s3",2020-03-15,"2020_recovery","FIA201","lXsY",136.589743444254,0,1,1,1
"PR_15March2020_FIA201","l0s4",2020-03-15,"2020_recovery","FIA201","lXsY",141.839752246194,0,0.999999999999981,0.999999999999981,1
"PR_15March2020_FIA201","l0s5",2020-03-15,"2020_recovery","FIA201","lXsY",131.329114968455,0,1,1,1
"PR_15March2020_FIA201","l0s6",2020-03-15,"2020_recovery","FIA201","lXsY",141.841083006711,0,0.999999999999996,0.999999999999996,1
"PR_15March2020_FIA201","l0s7",2020-03-15,"2020_recovery","FIA201","lXsY",141.850013729751,0,0.999999999999986,0.999999999999986,1
"PR_15March2020_FIA201","l0s8",2020-03-15,"2020_recovery","FIA201","lXsY",136.591754781835,0,0.999999999999989,0.999999999999989,1
"PR_15March2020_FIA201","l0s9",2020-03-15,"2020_recovery","FIA201","lXsY",139.220780356349,0,0.999999999999963,0.999999999999963,1
"PR_15March2020_FIA203","l0s0",2020-03-15,"2020_recovery","FIA203","lXsY",91.9840564408884,0,0.999999999999967,1,1
"PR_15March2020_FIA203","l0s1",2020-03-15,"2020_recovery","FIA203","lXsY",86.7357673649713,0,1,1,1
"PR_15March2020_FIA203","l0s2",2020-03-15,"2020_recovery","FIA203","lXsY",86.7313485148951,0,1,1,1
"PR_15March2020_FIA203","l0s3",2020-03-15,"2020_recovery","FIA203","lXsY",86.7269246373966,0,0.999999999999991,0.999999999999991,1
"PR_15March2020_FIA203","l0s4",2020-03-15,"2020_recovery","FIA203","lXsY",91.9869252348617,0,0.999999999999994,0.999999999999994,1
"PR_15March2020_FIA203","l0s5",2020-03-15,"2020_recovery","FIA203","lXsY",94.6197690111905,0,0.999999999999993,0.999999999999993,1
"PR_15March2020_FIA203","l0s6",2020-03-15,"2020_recovery","FIA203","lXsY",86.7453606747314,0,1,1,1
"PR_15March2020_FIA203","l0s7",2020-03-15,"2020_recovery","FIA203","lXsY",94.6208310397103,0,1,1,1
"PR_15March2020_FIA203","l0s8",2020-03-15,"2020_recovery","FIA203","lXsY",89.3683566264465,0,0.999999999999969,0.999999999999969,1
"PR_15March2020_FIA27","l0s10",2020-03-15,"2020_recovery","FIA27","lXsY",157.98375131813,1,1,1,2
"PR_15March2020_FIA27","l0s11",2020-03-15,"2020_recovery","FIA27","lXsY",150.083051384866,1,1,1,2
"PR_15March2020_FIA27","l0s12",2020-03-15,"2020_recovery","FIA27","lXsY",136.922101834139,0.999999999999945,0.999999999999945,0.999999999999945,2
"PR_15March2020_FIA27","l0s13",2020-03-15,"2020_recovery","FIA27","lXsY",107.963809994048,0.999999999999935,0.999999999999935,0.999999999999935,2
"PR_15March2020_FIA27","l0s14",2020-03-15,"2020_recovery","FIA27","lXsY",123.749280164975,1,1,1,2
"PR_15March2020_FIA27","l0s15",2020-03-15,"2020_recovery","FIA27","lXsY",118.501120085141,0.999999999999971,0.999999999999971,0.999999999999971,2
"PR_15March2020_FIA27","l0s16",2020-03-15,"2020_recovery","FIA27","lXsY",121.118570512065,0.999999999999988,0.999999999999958,0.999999999999944,2
"PR_15March2020_FIA27","l0s4",2020-03-15,"2020_recovery","FIA27","lXsY",192.203479717755,0.999999999999993,0.999999999999993,0.999999999999993,2
"PR_15March2020_FIA27","l0s5",2020-03-15,"2020_recovery","FIA27","lXsY",186.940822984943,0.999999999999986,0.999999999999986,0.999999999999986,2
"PR_15March2020_FIA27","l0s6",2020-03-15,"2020_recovery","FIA27","lXsY",179.032013957995,0.999999999999997,0.999999999999997,0.999999999999997,2
"PR_15March2020_FIA27","l0s7",2020-03-15,"2020_recovery","FIA27","lXsY",165.881042539373,0.999999999999948,0.999999999999948,0.999999999999948,2
"PR_15March2020_FIA27","l0s8",2020-03-15,"2020_recovery","FIA27","lXsY",163.242938792524,1,1,1,2
"PR_15March2020_FIA27","l0s9",2020-03-15,"2020_recovery","FIA27","lXsY",160.626389672932,0.999999999999972,0.999999999999972,0.999999999999972,2
"PR_15March2020_FIA28","l0s1",2020-03-15,"2020_recovery","FIA28","lXsY",52.6633354568213,0.999999999999858,2.33207549160346e-05,0.999999999999985,1
"PR_15March2020_FIA28","l0s2",2020-03-15,"2020_recovery","FIA28","lXsY",86.8868095428556,0.999999999999915,0.999999999999915,0.999999999999958,2
"PR_15March2020_FIA28","l0s3",2020-03-15,"2020_recovery","FIA28","lXsY",94.7942057996273,1,1,1,2
"PR_15March2020_FIA28","l0s4",2020-03-15,"2020_recovery","FIA28","lXsY",92.1541954458207,0.999999999999918,0.999999999999918,0.999999999999958,2
"PR_15March2020_FIA28","l0s5",2020-03-15,"2020_recovery","FIA28","lXsY",92.1546052677453,0.999999999999983,0.999999999999983,1,2
"PR_15March2020_FIA28","l0s6",2020-03-15,"2020_recovery","FIA28","lXsY",97.4152584926039,0.999999999999943,0.999999999999943,0.999999999999943,2
"PR_15March2020_FIA28","l0s7",2020-03-15,"2020_recovery","FIA28","lXsY",92.161337147671,0.999999999999984,0.99999999999996,0.99999999999996,2
"PR_15March2020_FIA28","l0s8",2020-03-15,"2020_recovery","FIA28","lXsY",84.2522292755902,0.99999999999998,0.99999999999998,0.99999999999998,2
"PR_15March2020_FIA28","l0s9",2020-03-15,"2020_recovery","FIA28","lXsY",71.0848008183599,1,1,1,2
"PR_15March2020_FIA3","l0s18",2020-03-15,"2020_recovery","FIA3","lXsY",86.6926515142262,1,1,1,2
"PR_15March2020_FIA3","l0s19",2020-03-15,"2020_recovery","FIA3","lXsY",81.4352133215174,1,1,1,2
"PR_15March2020_FIA3","l0s20",2020-03-15,"2020_recovery","FIA3","lXsY",78.8103391366467,0.999999999999981,0.999999999999981,0.999999999999981,2
"PR_15March2020_FIA3","l0s21",2020-03-15,"2020_recovery","FIA3","lXsY",81.4334744643986,0.999999999999968,0.999999999999968,0.999999999999968,2
"PR_15March2020_FIA3","l0s22",2020-03-15,"2020_recovery","FIA3","lXsY",94.5745254869863,1,1,1,2
"PR_15March2020_FIA3","l0s23",2020-03-15,"2020_recovery","FIA3","lXsY",97.1904417967319,0.99999999999997,0.99999999999997,0.99999999999997,2
"PR_15March2020_FIA3","l0s24",2020-03-15,"2020_recovery","FIA3","lXsY",99.8272393673971,0.999999999999982,0.999999999999982,0.999999999999982,2
"PR_15March2020_FIA3","l0s25",2020-03-15,"2020_recovery","FIA3","lXsY",89.3143094001472,0.999999999999989,0.999999999999989,0.999999999999989,2
"PR_15March2020_FIA3","l0s26",2020-03-15,"2020_recovery","FIA3","lXsY",102.459306923065,0.999999999999995,0.999999999999995,0.999999999999995,2
"PR_15March2020_FIA3","l0s27",2020-03-15,"2020_recovery","FIA3","lXsY",84.0600171631604,0.999999999999963,0.999999999999963,0.999999999999963,2
"PR_15March2020_FIA3","l0s28",2020-03-15,"2020_recovery","FIA3","lXsY",84.0611931479409,1,1,1,2
"PR_15March2020_FIA37","l0s0",2020-03-15,"2020_recovery","FIA37","lXsY",107.760295277573,1,1,1,2
"PR_15March2020_FIA37","l0s1",2020-03-15,"2020_recovery","FIA37","lXsY",162.973914520618,0.999999999999999,0.999999999999999,0.999999999999999,2
"PR_15March2020_FIA37","l0s10",2020-03-15,"2020_recovery","FIA37","lXsY",168.241127024911,0.999999999999988,0.999999999999988,0.999999999999988,2
"PR_15March2020_FIA37","l0s11",2020-03-15,"2020_recovery","FIA37","lXsY",157.732824645425,1,1,1,2
"PR_15March2020_FIA37","l0s12",2020-03-15,"2020_recovery","FIA37","lXsY",155.103843514995,0.999999999999997,0.999999999999997,0.999999999999997,2
"PR_15March2020_FIA37","l0s13",2020-03-15,"2020_recovery","FIA37","lXsY",105.158911608124,1,1,1,2
"PR_15March2020_FIA37","l0s2",2020-03-15,"2020_recovery","FIA37","lXsY",152.452490494674,0.999999999999987,0.999999999999987,0.999999999999987,2
"PR_15March2020_FIA37","l0s3",2020-03-15,"2020_recovery","FIA37","lXsY",165.591431148092,0.999999999999982,0.999999999999968,0.999999999999982,2
"PR_15March2020_FIA37","l0s4",2020-03-15,"2020_recovery","FIA37","lXsY",141.95188519446,0.999999999999986,0.999999999999994,0.999999999999986,2
"PR_15March2020_FIA37","l0s5",2020-03-15,"2020_recovery","FIA37","lXsY",155.087676324371,1,1,1,2
"PR_15March2020_FIA37","l0s6",2020-03-15,"2020_recovery","FIA37","lXsY",152.466359705597,1,1,1,2
"PR_15March2020_FIA37","l0s7",2020-03-15,"2020_recovery","FIA37","lXsY",149.834082398298,1,1,1,2
"PR_15March2020_FIA37","l0s8",2020-03-15,"2020_recovery","FIA37","lXsY",152.466561617766,0.999999999999967,0.999999999999967,0.999999999999967,2
"PR_15March2020_FIA37","l0s9",2020-03-15,"2020_recovery","FIA37","lXsY",165.618386577709,0.999999999999963,0.999999999999963,0.999999999999963,2
"PR_15March2020_FIA4","l0s0",2020-03-15,"2020_recovery","FIA4","lXsY",81.4421782524899,1,1,1,2
"PR_15March2020_FIA4","l0s1",2020-03-15,"2020_recovery","FIA4","lXsY",94.5707544325516,0.999999999999996,0.999999999999996,0.999999999999996,2
"PR_15March2020_FIA4","l0s10",2020-03-15,"2020_recovery","FIA4","lXsY",99.8316953788325,0.999999999999986,0.999999999999986,0.999999999999986,2
"PR_15March2020_FIA4","l0s11",2020-03-15,"2020_recovery","FIA4","lXsY",97.2017279408947,0.999999999999979,0.999999999999979,0.999999999999979,2
"PR_15March2020_FIA4","l0s12",2020-03-15,"2020_recovery","FIA4","lXsY",86.7018838034675,0.999999999999972,0.999999999999972,0.999999999999972,2
"PR_15March2020_FIA4","l0s2",2020-03-15,"2020_recovery","FIA4","lXsY",94.5712335917145,0.999999999999968,0.999999999999968,0.999999999999968,2
"PR_15March2020_FIA4","l0s3",2020-03-15,"2020_recovery","FIA4","lXsY",91.9507603274032,1,1,1,2
"PR_15March2020_FIA4","l0s4",2020-03-15,"2020_recovery","FIA4","lXsY",91.9567772784308,1,1,1,2
"PR_15March2020_FIA4","l0s5",2020-03-15,"2020_recovery","FIA4","lXsY",99.8191767527103,0.99999999999999,0.99999999999999,0.99999999999999,2
"PR_15March2020_FIA4","l0s6",2020-03-15,"2020_recovery","FIA4","lXsY",99.8303556650981,1,1,1,2
"PR_15March2020_FIA4","l0s7",2020-03-15,"2020_recovery","FIA4","lXsY",97.2050650853291,0.999999999999999,0.999999999999999,0.999999999999999,2
"PR_15March2020_FIA4","l0s8",2020-03-15,"2020_recovery","FIA4","lXsY",91.9493193517879,0.99999999999996,0.99999999999996,0.99999999999996,2
"PR_15March2020_FIA4","l0s9",2020-03-15,"2020_recovery","FIA4","lXsY",91.944652475591,1,1,1,2
"PR_15March2020_FIA5","l0s0",2020-03-15,"2020_recovery","FIA5","lXsY",81.4378964677259,0.999999999999988,0.999999999999988,0.999999999999988,2
"PR_15March2020_FIA5","l0s1",2020-03-15,"2020_recovery","FIA5","lXsY",86.6815314371899,1,1,1,2
"PR_15March2020_FIA5","l0s10",2020-03-15,"2020_recovery","FIA5","lXsY",84.0625678100273,0.999999999999991,0.999999999999991,0.999999999999991,2
"PR_15March2020_FIA5","l0s11",2020-03-15,"2020_recovery","FIA5","lXsY",89.3186283038527,0.999999999999991,0.999999999999991,0.999999999999991,2
"PR_15March2020_FIA5","l0s12",2020-03-15,"2020_recovery","FIA5","lXsY",89.3195168644473,0.999999999999996,0.999999999999996,0.999999999999996,2
"PR_15March2020_FIA5","l0s13",2020-03-15,"2020_recovery","FIA5","lXsY",94.5642873210818,1,1,1,2
"PR_15March2020_FIA5","l0s14",2020-03-15,"2020_recovery","FIA5","lXsY",89.3156347323403,0.999999999999991,0.999999999999991,0.999999999999991,2
"PR_15March2020_FIA5","l0s15",2020-03-15,"2020_recovery","FIA5","lXsY",81.4358550471663,0.999999999999992,0.999999999999992,1,2
"PR_15March2020_FIA5","l0s2",2020-03-15,"2020_recovery","FIA5","lXsY",94.5684603081346,1,1,1,2
"PR_15March2020_FIA5","l0s3",2020-03-15,"2020_recovery","FIA5","lXsY",97.1976324534297,0.999999999999994,0.999999999999994,0.999999999999994,2
"PR_15March2020_FIA5","l0s4",2020-03-15,"2020_recovery","FIA5","lXsY",89.3080760158852,0.999999999999999,0.999999999999999,0.999999999999999,2
"PR_15March2020_FIA5","l0s5",2020-03-15,"2020_recovery","FIA5","lXsY",84.061709728077,1,1,1,2
"PR_15March2020_FIA5","l0s6",2020-03-15,"2020_recovery","FIA5","lXsY",99.8164400162637,0.999999999999952,0.999999999999952,0.999999999999952,2
"PR_15March2020_FIA5","l0s7",2020-03-15,"2020_recovery","FIA5","lXsY",99.8223727912888,0.999999999999982,0.999999999999982,0.999999999999982,2
"PR_15March2020_FIA5","l0s8",2020-03-15,"2020_recovery","FIA5","lXsY",84.0656692912519,0.999999999999922,0.999999999999922,0.999999999999922,2
"PR_15March2020_FIA5","l0s9",2020-03-15,"2020_recovery","FIA5","lXsY",86.6938577452555,1,1,1,2
"PR_16March2020_FIA211","l0s0",2020-03-16,"2020_recovery","FIA211","lXsY",120.949681767501,0,0.999999999999999,0.999999999999999,1
"PR_16March2020_FIA211","l0s1",2020-03-16,"2020_recovery","FIA211","lXsY",126.204291730838,0,0.999999999999975,0.999999999999975,1
"PR_16March2020_FIA211","l0s10",2020-03-16,"2020_recovery","FIA211","lXsY",134.107052053836,0,0.999999999999992,0.999999999999992,1
"PR_16March2020_FIA211","l0s11",2020-03-16,"2020_recovery","FIA211","lXsY",131.47189717049,0,0.999999999999987,0.999999999999987,1
"PR_16March2020_FIA211","l0s12",2020-03-16,"2020_recovery","FIA211","lXsY",134.11674039385,0,0.999999999999993,0.999999999999993,1
"PR_16March2020_FIA211","l0s13",2020-03-16,"2020_recovery","FIA211","lXsY",115.709365296139,0,0.999999999999996,0.999999999999996,1
"PR_16March2020_FIA211","l0s2",2020-03-16,"2020_recovery","FIA211","lXsY",128.835812407458,0,0.999999999999996,0.999999999999996,1
"PR_16March2020_FIA211","l0s3",2020-03-16,"2020_recovery","FIA211","lXsY",131.469138797162,0.0375479396520584,0.999999999999952,0.999999999999952,1
"PR_16March2020_FIA211","l0s4",2020-03-16,"2020_recovery","FIA211","lXsY",131.473093414828,0.915780679342585,0.999999999999989,0.999999999999989,2
"PR_16March2020_FIA211","l0s5",2020-03-16,"2020_recovery","FIA211","lXsY",134.097139552446,0.587127771340523,0.999999999999982,0.999999999999981,2
"PR_16March2020_FIA211","l0s6",2020-03-16,"2020_recovery","FIA211","lXsY",131.473712507124,0.0226797265044963,0.999999999999954,0.999999999999954,1
"PR_16March2020_FIA211","l0s7",2020-03-16,"2020_recovery","FIA211","lXsY",131.472195509912,0,0.99999999999999,0.99999999999999,1
"PR_16March2020_FIA211","l0s8",2020-03-16,"2020_recovery","FIA211","lXsY",134.10486895657,0,1,1,1
"PR_16March2020_FIA211","l0s9",2020-03-16,"2020_recovery","FIA211","lXsY",141.981291598365,0,1,1,1
"PR_16March2020_FIA212","l0s0",2020-03-16,"2020_recovery","FIA212","lXsY",139.40186935192,0,0.999999999999988,0.999999999999988,1
"PR_16March2020_FIA212","l0s1",2020-03-16,"2020_recovery","FIA212","lXsY",173.574393159419,0.0599599485188735,0.999999999999993,0.999999999999993,1
"PR_16March2020_FIA212","l0s10",2020-03-16,"2020_recovery","FIA212","lXsY",165.67659414884,0,1,1,1
"PR_16March2020_FIA212","l0s11",2020-03-16,"2020_recovery","FIA212","lXsY",168.320680217777,0,0.999999999999968,0.999999999999968,1
"PR_16March2020_FIA212","l0s12",2020-03-16,"2020_recovery","FIA212","lXsY",126.236639931153,0,1,1,1
"PR_16March2020_FIA212","l0s2",2020-03-16,"2020_recovery","FIA212","lXsY",165.691394560002,0.669285106938615,0.999999999999971,0.999999999999971,2
"PR_16March2020_FIA212","l0s3",2020-03-16,"2020_recovery","FIA212","lXsY",170.945612969176,0.736573194694536,0.999999999999999,0.999999999999999,2
"PR_16March2020_FIA212","l0s4",2020-03-16,"2020_recovery","FIA212","lXsY",165.691449260372,0,1,1,1
"PR_16March2020_FIA212","l0s5",2020-03-16,"2020_recovery","FIA212","lXsY",168.307009636682,0,0.999999999999997,0.999999999999997,1
"PR_16March2020_FIA212","l0s6",2020-03-16,"2020_recovery","FIA212","lXsY",168.314750806142,0,0.999999999999983,0.999999999999983,1
"PR_16March2020_FIA212","l0s7",2020-03-16,"2020_recovery","FIA212","lXsY",165.688584240304,0,0.999999999999976,0.999999999999976,1
"PR_16March2020_FIA212","l0s8",2020-03-16,"2020_recovery","FIA212","lXsY",165.696678819612,0,1,1,1
"PR_16March2020_FIA212","l0s9",2020-03-16,"2020_recovery","FIA212","lXsY",173.580366478983,0,0.999999999999997,0.999999999999997,1
